
*** Running vivado
    with args -log design_1_syst_array_axil_0_0.vds -m64 -product Vivado -mode batch -messageDb vivado.pb -notrace -source design_1_syst_array_axil_0_0.tcl


****** Vivado v2025.1 (64-bit)
  **** SW Build 6140274 on Wed May 21 22:58:25 MDT 2025
  **** IP Build 6138677 on Thu May 22 03:10:11 MDT 2025
  **** SharedData Build 6139179 on Tue May 20 17:58:58 MDT 2025
  **** Start of session at: Fri May 15 20:59:23 2026
    ** Copyright 1986-2022 Xilinx, Inc. All Rights Reserved.
    ** Copyright 2022-2025 Advanced Micro Devices, Inc. All Rights Reserved.

source design_1_syst_array_axil_0_0.tcl -notrace
INFO: [IP_Flow 19-234] Refreshing IP repositories
INFO: [IP_Flow 19-1704] No user IP repositories specified
INFO: [IP_Flow 19-2313] Loaded Vivado IP repository '/tools/Xilinx/2025.1/Vivado/data/ip'.
Command: synth_design -top design_1_syst_array_axil_0_0 -part xc7z020clg400-2 -incremental_mode off -mode out_of_context
Starting synth_design
Attempting to get a license for feature 'Synthesis' and/or device 'xc7z020'
INFO: [Common 17-349] Got license for feature 'Synthesis' and/or device 'xc7z020'
INFO: [Device 21-403] Loading part xc7z020clg400-2
INFO: [Synth 8-7079] Multithreading enabled for synth_design using a maximum of 7 processes.
INFO: [Synth 8-7078] Launching helper process for spawning children vivado processes
INFO: [Synth 8-7075] Helper process launched with PID 415232
---------------------------------------------------------------------------------
Starting RTL Elaboration : Time (s): cpu = 00:00:03 ; elapsed = 00:00:03 . Memory (MB): peak = 2124.117 ; gain = 439.711 ; free physical = 1047 ; free virtual = 6821
---------------------------------------------------------------------------------
INFO: [Synth 8-6157] synthesizing module 'design_1_syst_array_axil_0_0' [/home/ilya/drec-fpga-intro/problems/2026/14_syst_array/fpga/design_1/ip/design_1_syst_array_axil_0_0/synth/design_1_syst_array_axil_0_0.v:53]
INFO: [Synth 8-6157] synthesizing module 'syst_array_axil_wrapper' [/home/ilya/drec-fpga-intro/problems/2026/14_syst_array/src/syst_array_axil_wrapper.v:1]
INFO: [Synth 8-6157] synthesizing module 'syst_array_axil' [/home/ilya/drec-fpga-intro/problems/2026/14_syst_array/src/syst_array_axil.sv:1]
INFO: [Synth 8-6157] synthesizing module 'axil2reg_wr' [/home/ilya/drec-fpga-intro/problems/2026/14_syst_array/src/axil2reg_wr.sv:1]
	Parameter ADDR_WIDTH bound to: 32 - type: integer 
	Parameter DATA_WIDTH bound to: 32 - type: integer 
INFO: [Synth 8-6155] done synthesizing module 'axil2reg_wr' (0#1) [/home/ilya/drec-fpga-intro/problems/2026/14_syst_array/src/axil2reg_wr.sv:1]
INFO: [Synth 8-6155] done synthesizing module 'syst_array_axil' (0#1) [/home/ilya/drec-fpga-intro/problems/2026/14_syst_array/src/syst_array_axil.sv:1]
INFO: [Synth 8-6155] done synthesizing module 'syst_array_axil_wrapper' (0#1) [/home/ilya/drec-fpga-intro/problems/2026/14_syst_array/src/syst_array_axil_wrapper.v:1]
INFO: [Synth 8-6155] done synthesizing module 'design_1_syst_array_axil_0_0' (0#1) [/home/ilya/drec-fpga-intro/problems/2026/14_syst_array/fpga/design_1/ip/design_1_syst_array_axil_0_0/synth/design_1_syst_array_axil_0_0.v:53]
WARNING: [Synth 8-6014] Unused sequential element wr_off_reg was removed.  [/home/ilya/drec-fpga-intro/problems/2026/14_syst_array/src/syst_array_axil.sv:108]
WARNING: [Synth 8-6014] Unused sequential element wr_idx_reg was removed.  [/home/ilya/drec-fpga-intro/problems/2026/14_syst_array/src/syst_array_axil.sv:110]
WARNING: [Synth 8-6014] Unused sequential element sum_reg was removed.  [/home/ilya/drec-fpga-intro/problems/2026/14_syst_array/src/syst_array_axil.sv:121]
WARNING: [Synth 8-6014] Unused sequential element a_idx_reg was removed.  [/home/ilya/drec-fpga-intro/problems/2026/14_syst_array/src/syst_array_axil.sv:123]
WARNING: [Synth 8-6014] Unused sequential element b_idx_reg was removed.  [/home/ilya/drec-fpga-intro/problems/2026/14_syst_array/src/syst_array_axil.sv:124]
WARNING: [Synth 8-6014] Unused sequential element c_idx_reg was removed.  [/home/ilya/drec-fpga-intro/problems/2026/14_syst_array/src/syst_array_axil.sv:127]
WARNING: [Synth 8-7129] Port s_axil_awprot[2] in module axil2reg_wr is either unconnected or has no load
WARNING: [Synth 8-7129] Port s_axil_awprot[1] in module axil2reg_wr is either unconnected or has no load
WARNING: [Synth 8-7129] Port s_axil_awprot[0] in module axil2reg_wr is either unconnected or has no load
WARNING: [Synth 8-7129] Port s_axil_araddr[31] in module syst_array_axil is either unconnected or has no load
WARNING: [Synth 8-7129] Port s_axil_araddr[30] in module syst_array_axil is either unconnected or has no load
WARNING: [Synth 8-7129] Port s_axil_araddr[29] in module syst_array_axil is either unconnected or has no load
WARNING: [Synth 8-7129] Port s_axil_araddr[28] in module syst_array_axil is either unconnected or has no load
WARNING: [Synth 8-7129] Port s_axil_araddr[27] in module syst_array_axil is either unconnected or has no load
WARNING: [Synth 8-7129] Port s_axil_araddr[26] in module syst_array_axil is either unconnected or has no load
WARNING: [Synth 8-7129] Port s_axil_araddr[25] in module syst_array_axil is either unconnected or has no load
WARNING: [Synth 8-7129] Port s_axil_araddr[24] in module syst_array_axil is either unconnected or has no load
WARNING: [Synth 8-7129] Port s_axil_araddr[23] in module syst_array_axil is either unconnected or has no load
WARNING: [Synth 8-7129] Port s_axil_araddr[22] in module syst_array_axil is either unconnected or has no load
WARNING: [Synth 8-7129] Port s_axil_araddr[21] in module syst_array_axil is either unconnected or has no load
WARNING: [Synth 8-7129] Port s_axil_araddr[20] in module syst_array_axil is either unconnected or has no load
WARNING: [Synth 8-7129] Port s_axil_araddr[19] in module syst_array_axil is either unconnected or has no load
WARNING: [Synth 8-7129] Port s_axil_araddr[18] in module syst_array_axil is either unconnected or has no load
WARNING: [Synth 8-7129] Port s_axil_araddr[17] in module syst_array_axil is either unconnected or has no load
WARNING: [Synth 8-7129] Port s_axil_araddr[16] in module syst_array_axil is either unconnected or has no load
WARNING: [Synth 8-7129] Port s_axil_araddr[15] in module syst_array_axil is either unconnected or has no load
WARNING: [Synth 8-7129] Port s_axil_araddr[14] in module syst_array_axil is either unconnected or has no load
WARNING: [Synth 8-7129] Port s_axil_araddr[13] in module syst_array_axil is either unconnected or has no load
WARNING: [Synth 8-7129] Port s_axil_araddr[12] in module syst_array_axil is either unconnected or has no load
WARNING: [Synth 8-7129] Port s_axil_araddr[11] in module syst_array_axil is either unconnected or has no load
WARNING: [Synth 8-7129] Port s_axil_araddr[10] in module syst_array_axil is either unconnected or has no load
WARNING: [Synth 8-7129] Port s_axil_araddr[9] in module syst_array_axil is either unconnected or has no load
WARNING: [Synth 8-7129] Port s_axil_araddr[8] in module syst_array_axil is either unconnected or has no load
WARNING: [Synth 8-7129] Port s_axil_arprot[2] in module syst_array_axil is either unconnected or has no load
WARNING: [Synth 8-7129] Port s_axil_arprot[1] in module syst_array_axil is either unconnected or has no load
WARNING: [Synth 8-7129] Port s_axil_arprot[0] in module syst_array_axil is either unconnected or has no load
WARNING: [Synth 8-7129] Port s_axil_rready in module syst_array_axil is either unconnected or has no load
---------------------------------------------------------------------------------
Finished RTL Elaboration : Time (s): cpu = 00:00:04 ; elapsed = 00:00:04 . Memory (MB): peak = 2212.055 ; gain = 527.648 ; free physical = 854 ; free virtual = 6628
---------------------------------------------------------------------------------
---------------------------------------------------------------------------------
Start Handling Custom Attributes
---------------------------------------------------------------------------------
---------------------------------------------------------------------------------
Finished Handling Custom Attributes : Time (s): cpu = 00:00:04 ; elapsed = 00:00:04 . Memory (MB): peak = 2226.898 ; gain = 542.492 ; free physical = 846 ; free virtual = 6620
---------------------------------------------------------------------------------
---------------------------------------------------------------------------------
Finished RTL Optimization Phase 1 : Time (s): cpu = 00:00:04 ; elapsed = 00:00:04 . Memory (MB): peak = 2226.898 ; gain = 542.492 ; free physical = 846 ; free virtual = 6620
---------------------------------------------------------------------------------
Netlist sorting complete. Time (s): cpu = 00:00:00.01 ; elapsed = 00:00:00.01 . Memory (MB): peak = 2226.898 ; gain = 0.000 ; free physical = 846 ; free virtual = 6620
INFO: [Project 1-570] Preparing netlist for logic optimization

Processing XDC Constraints
Initializing timing engine
Completed Processing XDC Constraints

Netlist sorting complete. Time (s): cpu = 00:00:00 ; elapsed = 00:00:00 . Memory (MB): peak = 2348.637 ; gain = 0.000 ; free physical = 782 ; free virtual = 6556
INFO: [Project 1-111] Unisim Transformation Summary:
No Unisim elements were transformed.

Constraint Validation Runtime : Time (s): cpu = 00:00:00.1 ; elapsed = 00:00:00.03 . Memory (MB): peak = 2348.672 ; gain = 0.000 ; free physical = 782 ; free virtual = 6556
INFO: [Designutils 20-5008] Incremental synthesis strategy off
---------------------------------------------------------------------------------
Finished Constraint Validation : Time (s): cpu = 00:00:09 ; elapsed = 00:00:09 . Memory (MB): peak = 2348.672 ; gain = 664.266 ; free physical = 749 ; free virtual = 6527
---------------------------------------------------------------------------------
---------------------------------------------------------------------------------
Start Loading Part and Timing Information
---------------------------------------------------------------------------------
Loading part: xc7z020clg400-2
---------------------------------------------------------------------------------
Finished Loading Part and Timing Information : Time (s): cpu = 00:00:09 ; elapsed = 00:00:09 . Memory (MB): peak = 2356.641 ; gain = 672.234 ; free physical = 749 ; free virtual = 6527
---------------------------------------------------------------------------------
---------------------------------------------------------------------------------
Start Applying 'set_property' XDC Constraints
---------------------------------------------------------------------------------
---------------------------------------------------------------------------------
Finished applying 'set_property' XDC Constraints : Time (s): cpu = 00:00:09 ; elapsed = 00:00:09 . Memory (MB): peak = 2356.641 ; gain = 672.234 ; free physical = 749 ; free virtual = 6527
---------------------------------------------------------------------------------
---------------------------------------------------------------------------------
Finished RTL Optimization Phase 2 : Time (s): cpu = 00:00:09 ; elapsed = 00:00:09 . Memory (MB): peak = 2356.641 ; gain = 672.234 ; free physical = 748 ; free virtual = 6527
---------------------------------------------------------------------------------
---------------------------------------------------------------------------------
Start RTL Component Statistics 
---------------------------------------------------------------------------------
Detailed RTL Component Info : 
+---Adders : 
	   2 Input   32 Bit       Adders := 5     
	   4 Input   32 Bit       Adders := 16    
+---Registers : 
	               32 Bit    Registers := 48    
	                1 Bit    Registers := 5     
+---Multipliers : 
	              32x32  Multipliers := 64    
+---Muxes : 
	   2 Input   32 Bit        Muxes := 6     
	   2 Input    2 Bit        Muxes := 1     
	   2 Input    1 Bit        Muxes := 2     
---------------------------------------------------------------------------------
Finished RTL Component Statistics 
---------------------------------------------------------------------------------
---------------------------------------------------------------------------------
Start Part Resource Summary
---------------------------------------------------------------------------------
Part Resources:
DSPs: 220 (col length:60)
BRAMs: 280 (col length: RAMB18 60 RAMB36 30)
---------------------------------------------------------------------------------
Finished Part Resource Summary
---------------------------------------------------------------------------------
---------------------------------------------------------------------------------
Start Cross Boundary and Area Optimization
---------------------------------------------------------------------------------
WARNING: [Synth 8-7080] Parallel synthesis criteria is not met
DSP Report: Generating DSP p_0_out, operation Mode is: A*B.
DSP Report: operator p_0_out is absorbed into DSP p_0_out.
DSP Report: operator p_0_out is absorbed into DSP p_0_out.
DSP Report: Generating DSP p_0_out, operation Mode is: (PCIN>>17)+A*B.
DSP Report: operator p_0_out is absorbed into DSP p_0_out.
DSP Report: operator p_0_out is absorbed into DSP p_0_out.
DSP Report: Generating DSP p_0_out, operation Mode is: A*B.
DSP Report: operator p_0_out is absorbed into DSP p_0_out.
DSP Report: operator p_0_out is absorbed into DSP p_0_out.
DSP Report: Generating DSP p_0_out, operation Mode is: (PCIN>>17)+A*B.
DSP Report: operator p_0_out is absorbed into DSP p_0_out.
DSP Report: operator p_0_out is absorbed into DSP p_0_out.
DSP Report: Generating DSP p_0_out, operation Mode is: A*B.
DSP Report: operator p_0_out is absorbed into DSP p_0_out.
DSP Report: operator p_0_out is absorbed into DSP p_0_out.
DSP Report: Generating DSP p_0_out, operation Mode is: (PCIN>>17)+A*B.
DSP Report: operator p_0_out is absorbed into DSP p_0_out.
DSP Report: operator p_0_out is absorbed into DSP p_0_out.
DSP Report: Generating DSP p_0_out, operation Mode is: A*B.
DSP Report: operator p_0_out is absorbed into DSP p_0_out.
DSP Report: operator p_0_out is absorbed into DSP p_0_out.
DSP Report: Generating DSP p_0_out, operation Mode is: (PCIN>>17)+A*B.
DSP Report: operator p_0_out is absorbed into DSP p_0_out.
DSP Report: operator p_0_out is absorbed into DSP p_0_out.
DSP Report: Generating DSP p_0_out, operation Mode is: A*B.
DSP Report: operator p_0_out is absorbed into DSP p_0_out.
DSP Report: operator p_0_out is absorbed into DSP p_0_out.
DSP Report: Generating DSP p_0_out, operation Mode is: (PCIN>>17)+A*B.
DSP Report: operator p_0_out is absorbed into DSP p_0_out.
DSP Report: operator p_0_out is absorbed into DSP p_0_out.
DSP Report: Generating DSP p_0_out, operation Mode is: A*B.
DSP Report: operator p_0_out is absorbed into DSP p_0_out.
DSP Report: operator p_0_out is absorbed into DSP p_0_out.
DSP Report: Generating DSP p_0_out, operation Mode is: (PCIN>>17)+A*B.
DSP Report: operator p_0_out is absorbed into DSP p_0_out.
DSP Report: operator p_0_out is absorbed into DSP p_0_out.
DSP Report: Generating DSP p_0_out, operation Mode is: A*B.
DSP Report: operator p_0_out is absorbed into DSP p_0_out.
DSP Report: operator p_0_out is absorbed into DSP p_0_out.
DSP Report: Generating DSP p_0_out, operation Mode is: (PCIN>>17)+A*B.
DSP Report: operator p_0_out is absorbed into DSP p_0_out.
DSP Report: operator p_0_out is absorbed into DSP p_0_out.
DSP Report: Generating DSP p_0_out, operation Mode is: A*B.
DSP Report: operator p_0_out is absorbed into DSP p_0_out.
DSP Report: operator p_0_out is absorbed into DSP p_0_out.
DSP Report: Generating DSP p_0_out, operation Mode is: (PCIN>>17)+A*B.
DSP Report: operator p_0_out is absorbed into DSP p_0_out.
DSP Report: operator p_0_out is absorbed into DSP p_0_out.
DSP Report: Generating DSP p_0_out, operation Mode is: A*B.
DSP Report: operator p_0_out is absorbed into DSP p_0_out.
DSP Report: operator p_0_out is absorbed into DSP p_0_out.
DSP Report: Generating DSP p_0_out, operation Mode is: (PCIN>>17)+A*B.
DSP Report: operator p_0_out is absorbed into DSP p_0_out.
DSP Report: operator p_0_out is absorbed into DSP p_0_out.
DSP Report: Generating DSP p_0_out, operation Mode is: A*B.
DSP Report: operator p_0_out is absorbed into DSP p_0_out.
DSP Report: operator p_0_out is absorbed into DSP p_0_out.
DSP Report: Generating DSP p_0_out, operation Mode is: (PCIN>>17)+A*B.
DSP Report: operator p_0_out is absorbed into DSP p_0_out.
DSP Report: operator p_0_out is absorbed into DSP p_0_out.
DSP Report: Generating DSP p_0_out, operation Mode is: A*B.
DSP Report: operator p_0_out is absorbed into DSP p_0_out.
DSP Report: operator p_0_out is absorbed into DSP p_0_out.
DSP Report: Generating DSP p_0_out, operation Mode is: (PCIN>>17)+A*B.
DSP Report: operator p_0_out is absorbed into DSP p_0_out.
DSP Report: operator p_0_out is absorbed into DSP p_0_out.
DSP Report: Generating DSP p_0_out, operation Mode is: A*B.
DSP Report: operator p_0_out is absorbed into DSP p_0_out.
DSP Report: operator p_0_out is absorbed into DSP p_0_out.
DSP Report: Generating DSP p_0_out, operation Mode is: (PCIN>>17)+A*B.
DSP Report: operator p_0_out is absorbed into DSP p_0_out.
DSP Report: operator p_0_out is absorbed into DSP p_0_out.
DSP Report: Generating DSP p_0_out, operation Mode is: A*B.
DSP Report: operator p_0_out is absorbed into DSP p_0_out.
DSP Report: operator p_0_out is absorbed into DSP p_0_out.
DSP Report: Generating DSP p_0_out, operation Mode is: (PCIN>>17)+A*B.
DSP Report: operator p_0_out is absorbed into DSP p_0_out.
DSP Report: operator p_0_out is absorbed into DSP p_0_out.
DSP Report: Generating DSP p_0_out, operation Mode is: A*B.
DSP Report: operator p_0_out is absorbed into DSP p_0_out.
DSP Report: operator p_0_out is absorbed into DSP p_0_out.
DSP Report: Generating DSP p_0_out, operation Mode is: (PCIN>>17)+A*B.
DSP Report: operator p_0_out is absorbed into DSP p_0_out.
DSP Report: operator p_0_out is absorbed into DSP p_0_out.
DSP Report: Generating DSP p_0_out, operation Mode is: A*B.
DSP Report: operator p_0_out is absorbed into DSP p_0_out.
DSP Report: operator p_0_out is absorbed into DSP p_0_out.
DSP Report: Generating DSP p_0_out, operation Mode is: (PCIN>>17)+A*B.
DSP Report: operator p_0_out is absorbed into DSP p_0_out.
DSP Report: operator p_0_out is absorbed into DSP p_0_out.
DSP Report: Generating DSP p_0_out, operation Mode is: A*B.
DSP Report: operator p_0_out is absorbed into DSP p_0_out.
DSP Report: operator p_0_out is absorbed into DSP p_0_out.
DSP Report: Generating DSP p_0_out, operation Mode is: (PCIN>>17)+A*B.
DSP Report: operator p_0_out is absorbed into DSP p_0_out.
DSP Report: operator p_0_out is absorbed into DSP p_0_out.
DSP Report: Generating DSP p_0_out, operation Mode is: A*B.
DSP Report: operator p_0_out is absorbed into DSP p_0_out.
DSP Report: operator p_0_out is absorbed into DSP p_0_out.
DSP Report: Generating DSP p_0_out, operation Mode is: (PCIN>>17)+A*B.
DSP Report: operator p_0_out is absorbed into DSP p_0_out.
DSP Report: operator p_0_out is absorbed into DSP p_0_out.
DSP Report: Generating DSP p_0_out, operation Mode is: A*B.
DSP Report: operator p_0_out is absorbed into DSP p_0_out.
DSP Report: operator p_0_out is absorbed into DSP p_0_out.
DSP Report: Generating DSP p_0_out, operation Mode is: (PCIN>>17)+A*B.
DSP Report: operator p_0_out is absorbed into DSP p_0_out.
DSP Report: operator p_0_out is absorbed into DSP p_0_out.
DSP Report: Generating DSP p_0_out, operation Mode is: A*B.
DSP Report: operator p_0_out is absorbed into DSP p_0_out.
DSP Report: operator p_0_out is absorbed into DSP p_0_out.
DSP Report: Generating DSP p_0_out, operation Mode is: (PCIN>>17)+A*B.
DSP Report: operator p_0_out is absorbed into DSP p_0_out.
DSP Report: operator p_0_out is absorbed into DSP p_0_out.
DSP Report: Generating DSP p_0_out, operation Mode is: A*B.
DSP Report: operator p_0_out is absorbed into DSP p_0_out.
DSP Report: operator p_0_out is absorbed into DSP p_0_out.
DSP Report: Generating DSP p_0_out, operation Mode is: (PCIN>>17)+A*B.
DSP Report: operator p_0_out is absorbed into DSP p_0_out.
DSP Report: operator p_0_out is absorbed into DSP p_0_out.
DSP Report: Generating DSP p_0_out, operation Mode is: A*B.
DSP Report: operator p_0_out is absorbed into DSP p_0_out.
DSP Report: operator p_0_out is absorbed into DSP p_0_out.
DSP Report: Generating DSP p_0_out, operation Mode is: (PCIN>>17)+A*B.
DSP Report: operator p_0_out is absorbed into DSP p_0_out.
DSP Report: operator p_0_out is absorbed into DSP p_0_out.
DSP Report: Generating DSP p_0_out, operation Mode is: A*B.
DSP Report: operator p_0_out is absorbed into DSP p_0_out.
DSP Report: operator p_0_out is absorbed into DSP p_0_out.
DSP Report: Generating DSP p_0_out, operation Mode is: (PCIN>>17)+A*B.
DSP Report: operator p_0_out is absorbed into DSP p_0_out.
DSP Report: operator p_0_out is absorbed into DSP p_0_out.
DSP Report: Generating DSP p_0_out, operation Mode is: A*B.
DSP Report: operator p_0_out is absorbed into DSP p_0_out.
DSP Report: operator p_0_out is absorbed into DSP p_0_out.
DSP Report: Generating DSP p_0_out, operation Mode is: (PCIN>>17)+A*B.
DSP Report: operator p_0_out is absorbed into DSP p_0_out.
DSP Report: operator p_0_out is absorbed into DSP p_0_out.
DSP Report: Generating DSP p_0_out, operation Mode is: A*B.
DSP Report: operator p_0_out is absorbed into DSP p_0_out.
DSP Report: operator p_0_out is absorbed into DSP p_0_out.
DSP Report: Generating DSP p_0_out, operation Mode is: (PCIN>>17)+A*B.
DSP Report: operator p_0_out is absorbed into DSP p_0_out.
DSP Report: operator p_0_out is absorbed into DSP p_0_out.
DSP Report: Generating DSP p_0_out, operation Mode is: A*B.
DSP Report: operator p_0_out is absorbed into DSP p_0_out.
DSP Report: operator p_0_out is absorbed into DSP p_0_out.
DSP Report: Generating DSP p_0_out, operation Mode is: (PCIN>>17)+A*B.
DSP Report: operator p_0_out is absorbed into DSP p_0_out.
DSP Report: operator p_0_out is absorbed into DSP p_0_out.
DSP Report: Generating DSP p_0_out, operation Mode is: A*B.
DSP Report: operator p_0_out is absorbed into DSP p_0_out.
DSP Report: operator p_0_out is absorbed into DSP p_0_out.
DSP Report: Generating DSP p_0_out, operation Mode is: (PCIN>>17)+A*B.
DSP Report: operator p_0_out is absorbed into DSP p_0_out.
DSP Report: operator p_0_out is absorbed into DSP p_0_out.
DSP Report: Generating DSP p_0_out, operation Mode is: A*B.
DSP Report: operator p_0_out is absorbed into DSP p_0_out.
DSP Report: operator p_0_out is absorbed into DSP p_0_out.
DSP Report: Generating DSP p_0_out, operation Mode is: (PCIN>>17)+A*B.
DSP Report: operator p_0_out is absorbed into DSP p_0_out.
DSP Report: operator p_0_out is absorbed into DSP p_0_out.
DSP Report: Generating DSP p_0_out, operation Mode is: A*B.
DSP Report: operator p_0_out is absorbed into DSP p_0_out.
DSP Report: operator p_0_out is absorbed into DSP p_0_out.
DSP Report: Generating DSP p_0_out, operation Mode is: (PCIN>>17)+A*B.
DSP Report: operator p_0_out is absorbed into DSP p_0_out.
DSP Report: operator p_0_out is absorbed into DSP p_0_out.
DSP Report: Generating DSP p_0_out, operation Mode is: A*B.
DSP Report: operator p_0_out is absorbed into DSP p_0_out.
DSP Report: operator p_0_out is absorbed into DSP p_0_out.
DSP Report: Generating DSP p_0_out, operation Mode is: (PCIN>>17)+A*B.
DSP Report: operator p_0_out is absorbed into DSP p_0_out.
DSP Report: operator p_0_out is absorbed into DSP p_0_out.
DSP Report: Generating DSP p_0_out, operation Mode is: A*B.
DSP Report: operator p_0_out is absorbed into DSP p_0_out.
DSP Report: operator p_0_out is absorbed into DSP p_0_out.
DSP Report: Generating DSP p_0_out, operation Mode is: (PCIN>>17)+A*B.
DSP Report: operator p_0_out is absorbed into DSP p_0_out.
DSP Report: operator p_0_out is absorbed into DSP p_0_out.
DSP Report: Generating DSP p_0_out, operation Mode is: A*B.
DSP Report: operator p_0_out is absorbed into DSP p_0_out.
DSP Report: operator p_0_out is absorbed into DSP p_0_out.
DSP Report: Generating DSP p_0_out, operation Mode is: (PCIN>>17)+A*B.
DSP Report: operator p_0_out is absorbed into DSP p_0_out.
DSP Report: operator p_0_out is absorbed into DSP p_0_out.
DSP Report: Generating DSP p_0_out, operation Mode is: A*B.
DSP Report: operator p_0_out is absorbed into DSP p_0_out.
DSP Report: operator p_0_out is absorbed into DSP p_0_out.
DSP Report: Generating DSP p_0_out, operation Mode is: (PCIN>>17)+A*B.
DSP Report: operator p_0_out is absorbed into DSP p_0_out.
DSP Report: operator p_0_out is absorbed into DSP p_0_out.
DSP Report: Generating DSP p_0_out, operation Mode is: A*B.
DSP Report: operator p_0_out is absorbed into DSP p_0_out.
DSP Report: operator p_0_out is absorbed into DSP p_0_out.
DSP Report: Generating DSP p_0_out, operation Mode is: (PCIN>>17)+A*B.
DSP Report: operator p_0_out is absorbed into DSP p_0_out.
DSP Report: operator p_0_out is absorbed into DSP p_0_out.
DSP Report: Generating DSP p_0_out, operation Mode is: A*B.
DSP Report: operator p_0_out is absorbed into DSP p_0_out.
DSP Report: operator p_0_out is absorbed into DSP p_0_out.
DSP Report: Generating DSP p_0_out, operation Mode is: (PCIN>>17)+A*B.
DSP Report: operator p_0_out is absorbed into DSP p_0_out.
DSP Report: operator p_0_out is absorbed into DSP p_0_out.
DSP Report: Generating DSP p_0_out, operation Mode is: A*B.
DSP Report: operator p_0_out is absorbed into DSP p_0_out.
DSP Report: operator p_0_out is absorbed into DSP p_0_out.
DSP Report: Generating DSP p_0_out, operation Mode is: (PCIN>>17)+A*B.
DSP Report: operator p_0_out is absorbed into DSP p_0_out.
DSP Report: operator p_0_out is absorbed into DSP p_0_out.
DSP Report: Generating DSP p_0_out, operation Mode is: A*B.
DSP Report: operator p_0_out is absorbed into DSP p_0_out.
DSP Report: operator p_0_out is absorbed into DSP p_0_out.
DSP Report: Generating DSP p_0_out, operation Mode is: (PCIN>>17)+A*B.
DSP Report: operator p_0_out is absorbed into DSP p_0_out.
DSP Report: operator p_0_out is absorbed into DSP p_0_out.
DSP Report: Generating DSP p_0_out, operation Mode is: A*B.
DSP Report: operator p_0_out is absorbed into DSP p_0_out.
DSP Report: operator p_0_out is absorbed into DSP p_0_out.
DSP Report: Generating DSP p_0_out, operation Mode is: (PCIN>>17)+A*B.
DSP Report: operator p_0_out is absorbed into DSP p_0_out.
DSP Report: operator p_0_out is absorbed into DSP p_0_out.
DSP Report: Generating DSP p_0_out, operation Mode is: A*B.
DSP Report: operator p_0_out is absorbed into DSP p_0_out.
DSP Report: operator p_0_out is absorbed into DSP p_0_out.
DSP Report: Generating DSP p_0_out, operation Mode is: (PCIN>>17)+A*B.
DSP Report: operator p_0_out is absorbed into DSP p_0_out.
DSP Report: operator p_0_out is absorbed into DSP p_0_out.
DSP Report: Generating DSP p_0_out, operation Mode is: A*B.
DSP Report: operator p_0_out is absorbed into DSP p_0_out.
DSP Report: operator p_0_out is absorbed into DSP p_0_out.
DSP Report: Generating DSP p_0_out, operation Mode is: (PCIN>>17)+A*B.
DSP Report: operator p_0_out is absorbed into DSP p_0_out.
DSP Report: operator p_0_out is absorbed into DSP p_0_out.
DSP Report: Generating DSP p_0_out, operation Mode is: A*B.
DSP Report: operator p_0_out is absorbed into DSP p_0_out.
DSP Report: operator p_0_out is absorbed into DSP p_0_out.
DSP Report: Generating DSP p_0_out, operation Mode is: (PCIN>>17)+A*B.
DSP Report: operator p_0_out is absorbed into DSP p_0_out.
DSP Report: operator p_0_out is absorbed into DSP p_0_out.
DSP Report: Generating DSP p_0_out, operation Mode is: A*B.
DSP Report: operator p_0_out is absorbed into DSP p_0_out.
DSP Report: operator p_0_out is absorbed into DSP p_0_out.
DSP Report: Generating DSP p_0_out, operation Mode is: (PCIN>>17)+A*B.
DSP Report: operator p_0_out is absorbed into DSP p_0_out.
DSP Report: operator p_0_out is absorbed into DSP p_0_out.
DSP Report: Generating DSP p_0_out, operation Mode is: A*B.
DSP Report: operator p_0_out is absorbed into DSP p_0_out.
DSP Report: operator p_0_out is absorbed into DSP p_0_out.
DSP Report: Generating DSP p_0_out, operation Mode is: (PCIN>>17)+A*B.
DSP Report: operator p_0_out is absorbed into DSP p_0_out.
DSP Report: operator p_0_out is absorbed into DSP p_0_out.
DSP Report: Generating DSP p_0_out, operation Mode is: A*B.
DSP Report: operator p_0_out is absorbed into DSP p_0_out.
DSP Report: operator p_0_out is absorbed into DSP p_0_out.
DSP Report: Generating DSP p_0_out, operation Mode is: (PCIN>>17)+A*B.
DSP Report: operator p_0_out is absorbed into DSP p_0_out.
DSP Report: operator p_0_out is absorbed into DSP p_0_out.
DSP Report: Generating DSP p_0_out, operation Mode is: A*B.
DSP Report: operator p_0_out is absorbed into DSP p_0_out.
DSP Report: operator p_0_out is absorbed into DSP p_0_out.
DSP Report: Generating DSP p_0_out, operation Mode is: (PCIN>>17)+A*B.
DSP Report: operator p_0_out is absorbed into DSP p_0_out.
DSP Report: operator p_0_out is absorbed into DSP p_0_out.
DSP Report: Generating DSP p_0_out, operation Mode is: A*B.
DSP Report: operator p_0_out is absorbed into DSP p_0_out.
DSP Report: operator p_0_out is absorbed into DSP p_0_out.
DSP Report: Generating DSP p_0_out, operation Mode is: (PCIN>>17)+A*B.
DSP Report: operator p_0_out is absorbed into DSP p_0_out.
DSP Report: operator p_0_out is absorbed into DSP p_0_out.
DSP Report: Generating DSP p_0_out, operation Mode is: A*B.
DSP Report: operator p_0_out is absorbed into DSP p_0_out.
DSP Report: operator p_0_out is absorbed into DSP p_0_out.
DSP Report: Generating DSP p_0_out, operation Mode is: (PCIN>>17)+A*B.
DSP Report: operator p_0_out is absorbed into DSP p_0_out.
DSP Report: operator p_0_out is absorbed into DSP p_0_out.
DSP Report: Generating DSP p_0_out, operation Mode is: A*B.
DSP Report: operator p_0_out is absorbed into DSP p_0_out.
DSP Report: operator p_0_out is absorbed into DSP p_0_out.
DSP Report: Generating DSP p_0_out, operation Mode is: (PCIN>>17)+A*B.
DSP Report: operator p_0_out is absorbed into DSP p_0_out.
DSP Report: operator p_0_out is absorbed into DSP p_0_out.
DSP Report: Generating DSP p_0_out, operation Mode is: A*B.
DSP Report: operator p_0_out is absorbed into DSP p_0_out.
DSP Report: operator p_0_out is absorbed into DSP p_0_out.
DSP Report: Generating DSP p_0_out, operation Mode is: (PCIN>>17)+A*B.
DSP Report: operator p_0_out is absorbed into DSP p_0_out.
DSP Report: operator p_0_out is absorbed into DSP p_0_out.
DSP Report: Generating DSP p_0_out, operation Mode is: A*B.
DSP Report: operator p_0_out is absorbed into DSP p_0_out.
DSP Report: operator p_0_out is absorbed into DSP p_0_out.
DSP Report: Generating DSP p_0_out, operation Mode is: (PCIN>>17)+A*B.
DSP Report: operator p_0_out is absorbed into DSP p_0_out.
DSP Report: operator p_0_out is absorbed into DSP p_0_out.
DSP Report: Generating DSP p_0_out, operation Mode is: A*B.
DSP Report: operator p_0_out is absorbed into DSP p_0_out.
DSP Report: operator p_0_out is absorbed into DSP p_0_out.
DSP Report: Generating DSP p_0_out, operation Mode is: (PCIN>>17)+A*B.
DSP Report: operator p_0_out is absorbed into DSP p_0_out.
DSP Report: operator p_0_out is absorbed into DSP p_0_out.
DSP Report: Generating DSP p_0_out, operation Mode is: A*B.
DSP Report: operator p_0_out is absorbed into DSP p_0_out.
DSP Report: operator p_0_out is absorbed into DSP p_0_out.
DSP Report: Generating DSP p_0_out, operation Mode is: (PCIN>>17)+A*B.
DSP Report: operator p_0_out is absorbed into DSP p_0_out.
DSP Report: operator p_0_out is absorbed into DSP p_0_out.
DSP Report: Generating DSP p_0_out, operation Mode is: A*B.
DSP Report: operator p_0_out is absorbed into DSP p_0_out.
DSP Report: operator p_0_out is absorbed into DSP p_0_out.
DSP Report: Generating DSP p_0_out, operation Mode is: (PCIN>>17)+A*B.
DSP Report: operator p_0_out is absorbed into DSP p_0_out.
DSP Report: operator p_0_out is absorbed into DSP p_0_out.
DSP Report: Generating DSP p_0_out, operation Mode is: A*B.
DSP Report: operator p_0_out is absorbed into DSP p_0_out.
DSP Report: operator p_0_out is absorbed into DSP p_0_out.
DSP Report: Generating DSP p_0_out, operation Mode is: (PCIN>>17)+A*B.
DSP Report: operator p_0_out is absorbed into DSP p_0_out.
DSP Report: operator p_0_out is absorbed into DSP p_0_out.
DSP Report: Generating DSP p_0_out, operation Mode is: A*B.
DSP Report: operator p_0_out is absorbed into DSP p_0_out.
DSP Report: operator p_0_out is absorbed into DSP p_0_out.
DSP Report: Generating DSP p_0_out, operation Mode is: (PCIN>>17)+A*B.
DSP Report: operator p_0_out is absorbed into DSP p_0_out.
DSP Report: operator p_0_out is absorbed into DSP p_0_out.
DSP Report: Generating DSP p_0_out, operation Mode is: A*B.
DSP Report: operator p_0_out is absorbed into DSP p_0_out.
DSP Report: operator p_0_out is absorbed into DSP p_0_out.
DSP Report: Generating DSP p_0_out, operation Mode is: (PCIN>>17)+A*B.
DSP Report: operator p_0_out is absorbed into DSP p_0_out.
DSP Report: operator p_0_out is absorbed into DSP p_0_out.
DSP Report: Generating DSP p_0_out, operation Mode is: A*B.
DSP Report: operator p_0_out is absorbed into DSP p_0_out.
DSP Report: operator p_0_out is absorbed into DSP p_0_out.
DSP Report: Generating DSP p_0_out, operation Mode is: (PCIN>>17)+A*B.
DSP Report: operator p_0_out is absorbed into DSP p_0_out.
DSP Report: operator p_0_out is absorbed into DSP p_0_out.
DSP Report: Generating DSP p_0_out, operation Mode is: A*B.
DSP Report: operator p_0_out is absorbed into DSP p_0_out.
DSP Report: operator p_0_out is absorbed into DSP p_0_out.
DSP Report: Generating DSP p_0_out, operation Mode is: (PCIN>>17)+A*B.
DSP Report: operator p_0_out is absorbed into DSP p_0_out.
DSP Report: operator p_0_out is absorbed into DSP p_0_out.
DSP Report: Generating DSP p_0_out, operation Mode is: A*B.
DSP Report: operator p_0_out is absorbed into DSP p_0_out.
DSP Report: operator p_0_out is absorbed into DSP p_0_out.
DSP Report: Generating DSP p_0_out, operation Mode is: (PCIN>>17)+A*B.
DSP Report: operator p_0_out is absorbed into DSP p_0_out.
DSP Report: operator p_0_out is absorbed into DSP p_0_out.
DSP Report: Generating DSP p_0_out, operation Mode is: A*B.
DSP Report: operator p_0_out is absorbed into DSP p_0_out.
DSP Report: operator p_0_out is absorbed into DSP p_0_out.
DSP Report: Generating DSP p_0_out, operation Mode is: (PCIN>>17)+A*B.
DSP Report: operator p_0_out is absorbed into DSP p_0_out.
DSP Report: operator p_0_out is absorbed into DSP p_0_out.
DSP Report: Generating DSP p_0_out, operation Mode is: A*B.
DSP Report: operator p_0_out is absorbed into DSP p_0_out.
DSP Report: operator p_0_out is absorbed into DSP p_0_out.
DSP Report: Generating DSP p_0_out, operation Mode is: (PCIN>>17)+A*B.
DSP Report: operator p_0_out is absorbed into DSP p_0_out.
DSP Report: operator p_0_out is absorbed into DSP p_0_out.
DSP Report: Generating DSP p_0_out, operation Mode is: A*B.
DSP Report: operator p_0_out is absorbed into DSP p_0_out.
DSP Report: operator p_0_out is absorbed into DSP p_0_out.
DSP Report: Generating DSP p_0_out, operation Mode is: (PCIN>>17)+A*B.
DSP Report: operator p_0_out is absorbed into DSP p_0_out.
DSP Report: operator p_0_out is absorbed into DSP p_0_out.
DSP Report: Generating DSP p_0_out, operation Mode is: A*B.
DSP Report: operator p_0_out is absorbed into DSP p_0_out.
DSP Report: operator p_0_out is absorbed into DSP p_0_out.
DSP Report: Generating DSP p_0_out, operation Mode is: (PCIN>>17)+A*B.
DSP Report: operator p_0_out is absorbed into DSP p_0_out.
DSP Report: operator p_0_out is absorbed into DSP p_0_out.
DSP Report: Generating DSP p_0_out, operation Mode is: A*B.
DSP Report: operator p_0_out is absorbed into DSP p_0_out.
DSP Report: operator p_0_out is absorbed into DSP p_0_out.
DSP Report: Generating DSP p_0_out, operation Mode is: (PCIN>>17)+A*B.
DSP Report: operator p_0_out is absorbed into DSP p_0_out.
DSP Report: operator p_0_out is absorbed into DSP p_0_out.
DSP Report: Generating DSP p_0_out, operation Mode is: A*B.
DSP Report: operator p_0_out is absorbed into DSP p_0_out.
DSP Report: operator p_0_out is absorbed into DSP p_0_out.
DSP Report: Generating DSP p_0_out, operation Mode is: (PCIN>>17)+A*B.
DSP Report: operator p_0_out is absorbed into DSP p_0_out.
DSP Report: operator p_0_out is absorbed into DSP p_0_out.
DSP Report: Generating DSP p_0_out, operation Mode is: A*B.
DSP Report: operator p_0_out is absorbed into DSP p_0_out.
DSP Report: operator p_0_out is absorbed into DSP p_0_out.
DSP Report: Generating DSP p_0_out, operation Mode is: (PCIN>>17)+A*B.
DSP Report: operator p_0_out is absorbed into DSP p_0_out.
DSP Report: operator p_0_out is absorbed into DSP p_0_out.
DSP Report: Generating DSP p_0_out, operation Mode is: A*B.
DSP Report: operator p_0_out is absorbed into DSP p_0_out.
DSP Report: operator p_0_out is absorbed into DSP p_0_out.
DSP Report: Generating DSP p_0_out, operation Mode is: (PCIN>>17)+A*B.
DSP Report: operator p_0_out is absorbed into DSP p_0_out.
DSP Report: operator p_0_out is absorbed into DSP p_0_out.
DSP Report: Generating DSP p_0_out, operation Mode is: A*B.
DSP Report: operator p_0_out is absorbed into DSP p_0_out.
DSP Report: operator p_0_out is absorbed into DSP p_0_out.
DSP Report: Generating DSP p_0_out, operation Mode is: (PCIN>>17)+A*B.
DSP Report: operator p_0_out is absorbed into DSP p_0_out.
DSP Report: operator p_0_out is absorbed into DSP p_0_out.
DSP Report: Generating DSP p_0_out, operation Mode is: A*B.
DSP Report: operator p_0_out is absorbed into DSP p_0_out.
DSP Report: operator p_0_out is absorbed into DSP p_0_out.
DSP Report: Generating DSP p_0_out, operation Mode is: (PCIN>>17)+A*B.
DSP Report: operator p_0_out is absorbed into DSP p_0_out.
DSP Report: operator p_0_out is absorbed into DSP p_0_out.
DSP Report: Generating DSP p_0_out, operation Mode is: A*B.
DSP Report: operator p_0_out is absorbed into DSP p_0_out.
DSP Report: operator p_0_out is absorbed into DSP p_0_out.
DSP Report: Generating DSP p_0_out, operation Mode is: (PCIN>>17)+A*B.
DSP Report: operator p_0_out is absorbed into DSP p_0_out.
DSP Report: operator p_0_out is absorbed into DSP p_0_out.
DSP Report: Generating DSP p_0_out, operation Mode is: A*B.
DSP Report: operator p_0_out is absorbed into DSP p_0_out.
DSP Report: operator p_0_out is absorbed into DSP p_0_out.
DSP Report: Generating DSP p_0_out, operation Mode is: (PCIN>>17)+A*B.
DSP Report: operator p_0_out is absorbed into DSP p_0_out.
DSP Report: operator p_0_out is absorbed into DSP p_0_out.
DSP Report: Generating DSP p_0_out, operation Mode is: A*B.
DSP Report: operator p_0_out is absorbed into DSP p_0_out.
DSP Report: operator p_0_out is absorbed into DSP p_0_out.
DSP Report: Generating DSP p_0_out, operation Mode is: (PCIN>>17)+A*B.
DSP Report: operator p_0_out is absorbed into DSP p_0_out.
DSP Report: operator p_0_out is absorbed into DSP p_0_out.
DSP Report: Generating DSP p_0_out, operation Mode is: A*B.
DSP Report: operator p_0_out is absorbed into DSP p_0_out.
DSP Report: operator p_0_out is absorbed into DSP p_0_out.
DSP Report: Generating DSP p_0_out, operation Mode is: (PCIN>>17)+A*B.
DSP Report: operator p_0_out is absorbed into DSP p_0_out.
DSP Report: operator p_0_out is absorbed into DSP p_0_out.
DSP Report: Generating DSP p_0_out, operation Mode is: A*B.
DSP Report: operator p_0_out is absorbed into DSP p_0_out.
DSP Report: operator p_0_out is absorbed into DSP p_0_out.
DSP Report: Generating DSP p_0_out, operation Mode is: (PCIN>>17)+A*B.
DSP Report: operator p_0_out is absorbed into DSP p_0_out.
DSP Report: operator p_0_out is absorbed into DSP p_0_out.
DSP Report: Generating DSP p_0_out, operation Mode is: A*B.
DSP Report: operator p_0_out is absorbed into DSP p_0_out.
DSP Report: operator p_0_out is absorbed into DSP p_0_out.
DSP Report: Generating DSP p_0_out, operation Mode is: (PCIN>>17)+A*B.
DSP Report: operator p_0_out is absorbed into DSP p_0_out.
DSP Report: operator p_0_out is absorbed into DSP p_0_out.
DSP Report: Generating DSP p_0_out, operation Mode is: A*B.
DSP Report: operator p_0_out is absorbed into DSP p_0_out.
DSP Report: operator p_0_out is absorbed into DSP p_0_out.
DSP Report: Generating DSP p_0_out, operation Mode is: (PCIN>>17)+A*B.
DSP Report: operator p_0_out is absorbed into DSP p_0_out.
DSP Report: operator p_0_out is absorbed into DSP p_0_out.
DSP Report: Generating DSP p_0_out, operation Mode is: A*B.
DSP Report: operator p_0_out is absorbed into DSP p_0_out.
DSP Report: operator p_0_out is absorbed into DSP p_0_out.
DSP Report: Generating DSP p_0_out, operation Mode is: (PCIN>>17)+A*B.
DSP Report: operator p_0_out is absorbed into DSP p_0_out.
DSP Report: operator p_0_out is absorbed into DSP p_0_out.
DSP Report: Generating DSP p_0_out, operation Mode is: A*B.
DSP Report: operator p_0_out is absorbed into DSP p_0_out.
DSP Report: operator p_0_out is absorbed into DSP p_0_out.
DSP Report: Generating DSP p_0_out, operation Mode is: (PCIN>>17)+A*B.
DSP Report: operator p_0_out is absorbed into DSP p_0_out.
DSP Report: operator p_0_out is absorbed into DSP p_0_out.
DSP Report: Generating DSP p_0_out, operation Mode is: A*B.
DSP Report: operator p_0_out is absorbed into DSP p_0_out.
DSP Report: operator p_0_out is absorbed into DSP p_0_out.
DSP Report: Generating DSP p_0_out, operation Mode is: (PCIN>>17)+A*B.
DSP Report: operator p_0_out is absorbed into DSP p_0_out.
DSP Report: operator p_0_out is absorbed into DSP p_0_out.
DSP Report: Generating DSP p_0_out, operation Mode is: A*B.
DSP Report: operator p_0_out is absorbed into DSP p_0_out.
DSP Report: operator p_0_out is absorbed into DSP p_0_out.
DSP Report: Generating DSP p_0_out, operation Mode is: (PCIN>>17)+A*B.
DSP Report: operator p_0_out is absorbed into DSP p_0_out.
DSP Report: operator p_0_out is absorbed into DSP p_0_out.
DSP Report: Generating DSP p_0_out, operation Mode is: A*B.
DSP Report: operator p_0_out is absorbed into DSP p_0_out.
DSP Report: operator p_0_out is absorbed into DSP p_0_out.
DSP Report: Generating DSP p_0_out, operation Mode is: (PCIN>>17)+A*B.
DSP Report: operator p_0_out is absorbed into DSP p_0_out.
DSP Report: operator p_0_out is absorbed into DSP p_0_out.
DSP Report: Generating DSP p_0_out, operation Mode is: A*B.
DSP Report: operator p_0_out is absorbed into DSP p_0_out.
DSP Report: operator p_0_out is absorbed into DSP p_0_out.
DSP Report: Generating DSP p_0_out, operation Mode is: (PCIN>>17)+A*B.
DSP Report: operator p_0_out is absorbed into DSP p_0_out.
DSP Report: operator p_0_out is absorbed into DSP p_0_out.
DSP Report: Generating DSP p_0_out, operation Mode is: A*B.
DSP Report: operator p_0_out is absorbed into DSP p_0_out.
DSP Report: operator p_0_out is absorbed into DSP p_0_out.
DSP Report: Generating DSP p_0_out, operation Mode is: (PCIN>>17)+A*B.
DSP Report: operator p_0_out is absorbed into DSP p_0_out.
DSP Report: operator p_0_out is absorbed into DSP p_0_out.
DSP Report: Generating DSP p_0_out, operation Mode is: A*B.
DSP Report: operator p_0_out is absorbed into DSP p_0_out.
DSP Report: operator p_0_out is absorbed into DSP p_0_out.
DSP Report: Generating DSP p_0_out, operation Mode is: (PCIN>>17)+A*B.
DSP Report: operator p_0_out is absorbed into DSP p_0_out.
DSP Report: operator p_0_out is absorbed into DSP p_0_out.
DSP Report: Generating DSP p_0_out, operation Mode is: A*B.
DSP Report: operator p_0_out is absorbed into DSP p_0_out.
DSP Report: operator p_0_out is absorbed into DSP p_0_out.
DSP Report: Generating DSP p_0_out, operation Mode is: (PCIN>>17)+A*B.
DSP Report: operator p_0_out is absorbed into DSP p_0_out.
DSP Report: operator p_0_out is absorbed into DSP p_0_out.
DSP Report: Generating DSP p_0_out, operation Mode is: A*B.
DSP Report: operator p_0_out is absorbed into DSP p_0_out.
DSP Report: operator p_0_out is absorbed into DSP p_0_out.
DSP Report: Generating DSP p_0_out, operation Mode is: (PCIN>>17)+A*B.
DSP Report: operator p_0_out is absorbed into DSP p_0_out.
DSP Report: operator p_0_out is absorbed into DSP p_0_out.
DSP Report: Generating DSP p_0_out, operation Mode is: A*B.
DSP Report: operator p_0_out is absorbed into DSP p_0_out.
DSP Report: operator p_0_out is absorbed into DSP p_0_out.
DSP Report: Generating DSP p_0_out, operation Mode is: (PCIN>>17)+A*B.
DSP Report: operator p_0_out is absorbed into DSP p_0_out.
DSP Report: operator p_0_out is absorbed into DSP p_0_out.
DSP Report: Generating DSP p_0_out, operation Mode is: A*B.
DSP Report: operator p_0_out is absorbed into DSP p_0_out.
DSP Report: operator p_0_out is absorbed into DSP p_0_out.
DSP Report: Generating DSP p_0_out, operation Mode is: (PCIN>>17)+A*B.
DSP Report: operator p_0_out is absorbed into DSP p_0_out.
DSP Report: operator p_0_out is absorbed into DSP p_0_out.
DSP Report: Generating DSP p_0_out, operation Mode is: A*B.
DSP Report: operator p_0_out is absorbed into DSP p_0_out.
DSP Report: operator p_0_out is absorbed into DSP p_0_out.
DSP Report: Generating DSP p_0_out, operation Mode is: (PCIN>>17)+A*B.
DSP Report: operator p_0_out is absorbed into DSP p_0_out.
DSP Report: operator p_0_out is absorbed into DSP p_0_out.
DSP Report: Generating DSP p_0_out, operation Mode is: A*B.
DSP Report: operator p_0_out is absorbed into DSP p_0_out.
DSP Report: operator p_0_out is absorbed into DSP p_0_out.
DSP Report: Generating DSP p_0_out, operation Mode is: (PCIN>>17)+A*B.
DSP Report: operator p_0_out is absorbed into DSP p_0_out.
DSP Report: operator p_0_out is absorbed into DSP p_0_out.
DSP Report: Generating DSP p_0_out, operation Mode is: A*B.
DSP Report: operator p_0_out is absorbed into DSP p_0_out.
DSP Report: operator p_0_out is absorbed into DSP p_0_out.
DSP Report: Generating DSP p_0_out, operation Mode is: (PCIN>>17)+A*B.
DSP Report: operator p_0_out is absorbed into DSP p_0_out.
DSP Report: operator p_0_out is absorbed into DSP p_0_out.
DSP Report: Generating DSP p_0_out, operation Mode is: A*B.
DSP Report: operator p_0_out is absorbed into DSP p_0_out.
DSP Report: operator p_0_out is absorbed into DSP p_0_out.
DSP Report: Generating DSP p_0_out, operation Mode is: (PCIN>>17)+A*B.
DSP Report: operator p_0_out is absorbed into DSP p_0_out.
DSP Report: operator p_0_out is absorbed into DSP p_0_out.
DSP Report: Generating DSP p_0_out, operation Mode is: A*B.
DSP Report: operator p_0_out is absorbed into DSP p_0_out.
DSP Report: operator p_0_out is absorbed into DSP p_0_out.
DSP Report: Generating DSP p_0_out, operation Mode is: (PCIN>>17)+A*B.
DSP Report: operator p_0_out is absorbed into DSP p_0_out.
DSP Report: operator p_0_out is absorbed into DSP p_0_out.
DSP Report: Generating DSP p_0_out, operation Mode is: A*B.
DSP Report: operator p_0_out is absorbed into DSP p_0_out.
DSP Report: operator p_0_out is absorbed into DSP p_0_out.
DSP Report: Generating DSP p_0_out, operation Mode is: (PCIN>>17)+A*B.
DSP Report: operator p_0_out is absorbed into DSP p_0_out.
DSP Report: operator p_0_out is absorbed into DSP p_0_out.
DSP Report: Generating DSP p_0_out, operation Mode is: A*B.
DSP Report: operator p_0_out is absorbed into DSP p_0_out.
DSP Report: operator p_0_out is absorbed into DSP p_0_out.
DSP Report: Generating DSP p_0_out, operation Mode is: (PCIN>>17)+A*B.
DSP Report: operator p_0_out is absorbed into DSP p_0_out.
DSP Report: operator p_0_out is absorbed into DSP p_0_out.
DSP Report: Generating DSP p_0_out, operation Mode is: A*B.
DSP Report: operator p_0_out is absorbed into DSP p_0_out.
DSP Report: operator p_0_out is absorbed into DSP p_0_out.
DSP Report: Generating DSP p_0_out, operation Mode is: (PCIN>>17)+A*B.
DSP Report: operator p_0_out is absorbed into DSP p_0_out.
DSP Report: operator p_0_out is absorbed into DSP p_0_out.
DSP Report: Generating DSP p_0_out, operation Mode is: A*B.
DSP Report: operator p_0_out is absorbed into DSP p_0_out.
DSP Report: operator p_0_out is absorbed into DSP p_0_out.
DSP Report: Generating DSP p_0_out, operation Mode is: (PCIN>>17)+A*B.
DSP Report: operator p_0_out is absorbed into DSP p_0_out.
DSP Report: operator p_0_out is absorbed into DSP p_0_out.
DSP Report: Generating DSP p_0_out, operation Mode is: A*B.
DSP Report: operator p_0_out is absorbed into DSP p_0_out.
DSP Report: operator p_0_out is absorbed into DSP p_0_out.
DSP Report: Generating DSP p_0_out, operation Mode is: (PCIN>>17)+A*B.
DSP Report: operator p_0_out is absorbed into DSP p_0_out.
DSP Report: operator p_0_out is absorbed into DSP p_0_out.
DSP Report: Generating DSP p_0_out, operation Mode is: A*B.
DSP Report: operator p_0_out is absorbed into DSP p_0_out.
DSP Report: operator p_0_out is absorbed into DSP p_0_out.
DSP Report: Generating DSP p_0_out, operation Mode is: (PCIN>>17)+A*B.
DSP Report: operator p_0_out is absorbed into DSP p_0_out.
DSP Report: operator p_0_out is absorbed into DSP p_0_out.
DSP Report: Generating DSP p_0_out, operation Mode is: A*B.
DSP Report: operator p_0_out is absorbed into DSP p_0_out.
DSP Report: operator p_0_out is absorbed into DSP p_0_out.
DSP Report: Generating DSP p_0_out, operation Mode is: (PCIN>>17)+A*B.
DSP Report: operator p_0_out is absorbed into DSP p_0_out.
DSP Report: operator p_0_out is absorbed into DSP p_0_out.
DSP Report: Generating DSP p_0_out, operation Mode is: A*B.
DSP Report: operator p_0_out is absorbed into DSP p_0_out.
DSP Report: operator p_0_out is absorbed into DSP p_0_out.
DSP Report: Generating DSP p_0_out, operation Mode is: (PCIN>>17)+A*B.
DSP Report: operator p_0_out is absorbed into DSP p_0_out.
DSP Report: operator p_0_out is absorbed into DSP p_0_out.
DSP Report: Generating DSP p_0_out, operation Mode is: A*B.
DSP Report: operator p_0_out is absorbed into DSP p_0_out.
DSP Report: operator p_0_out is absorbed into DSP p_0_out.
DSP Report: Generating DSP p_0_out, operation Mode is: (PCIN>>17)+A*B.
DSP Report: operator p_0_out is absorbed into DSP p_0_out.
DSP Report: operator p_0_out is absorbed into DSP p_0_out.
DSP Report: Generating DSP p_0_out, operation Mode is: A*B.
DSP Report: operator p_0_out is absorbed into DSP p_0_out.
DSP Report: operator p_0_out is absorbed into DSP p_0_out.
DSP Report: Generating DSP p_0_out, operation Mode is: (PCIN>>17)+A*B.
DSP Report: operator p_0_out is absorbed into DSP p_0_out.
DSP Report: operator p_0_out is absorbed into DSP p_0_out.
DSP Report: Generating DSP p_0_out, operation Mode is: A*B.
DSP Report: operator p_0_out is absorbed into DSP p_0_out.
DSP Report: operator p_0_out is absorbed into DSP p_0_out.
DSP Report: Generating DSP p_0_out, operation Mode is: (PCIN>>17)+A*B.
DSP Report: operator p_0_out is absorbed into DSP p_0_out.
DSP Report: operator p_0_out is absorbed into DSP p_0_out.
DSP Report: Generating DSP p_0_out, operation Mode is: A*B.
DSP Report: operator p_0_out is absorbed into DSP p_0_out.
DSP Report: operator p_0_out is absorbed into DSP p_0_out.
DSP Report: Generating DSP p_0_out, operation Mode is: (PCIN>>17)+A*B.
DSP Report: operator p_0_out is absorbed into DSP p_0_out.
DSP Report: operator p_0_out is absorbed into DSP p_0_out.
DSP Report: Generating DSP p_0_out, operation Mode is: A*B.
DSP Report: operator p_0_out is absorbed into DSP p_0_out.
DSP Report: operator p_0_out is absorbed into DSP p_0_out.
DSP Report: Generating DSP p_0_out, operation Mode is: (PCIN>>17)+A*B.
DSP Report: operator p_0_out is absorbed into DSP p_0_out.
DSP Report: operator p_0_out is absorbed into DSP p_0_out.
DSP Report: Generating DSP p_0_out, operation Mode is: A*B.
DSP Report: operator p_0_out is absorbed into DSP p_0_out.
DSP Report: operator p_0_out is absorbed into DSP p_0_out.
DSP Report: Generating DSP p_0_out, operation Mode is: (PCIN>>17)+A*B.
DSP Report: operator p_0_out is absorbed into DSP p_0_out.
DSP Report: operator p_0_out is absorbed into DSP p_0_out.
DSP Report: Generating DSP p_0_out, operation Mode is: A*B.
DSP Report: operator p_0_out is absorbed into DSP p_0_out.
DSP Report: operator p_0_out is absorbed into DSP p_0_out.
DSP Report: Generating DSP p_0_out, operation Mode is: (PCIN>>17)+A*B.
DSP Report: operator p_0_out is absorbed into DSP p_0_out.
DSP Report: operator p_0_out is absorbed into DSP p_0_out.
DSP Report: Generating DSP p_0_out, operation Mode is: A*B.
DSP Report: operator p_0_out is absorbed into DSP p_0_out.
DSP Report: operator p_0_out is absorbed into DSP p_0_out.
DSP Report: Generating DSP p_0_out, operation Mode is: (PCIN>>17)+A*B.
DSP Report: operator p_0_out is absorbed into DSP p_0_out.
DSP Report: operator p_0_out is absorbed into DSP p_0_out.
DSP Report: Generating DSP p_0_out, operation Mode is: A*B.
DSP Report: operator p_0_out is absorbed into DSP p_0_out.
DSP Report: operator p_0_out is absorbed into DSP p_0_out.
DSP Report: Generating DSP p_0_out, operation Mode is: (PCIN>>17)+A*B.
DSP Report: operator p_0_out is absorbed into DSP p_0_out.
DSP Report: operator p_0_out is absorbed into DSP p_0_out.
DSP Report: Generating DSP p_0_out, operation Mode is: A*B.
DSP Report: operator p_0_out is absorbed into DSP p_0_out.
DSP Report: operator p_0_out is absorbed into DSP p_0_out.
DSP Report: Generating DSP p_0_out, operation Mode is: (PCIN>>17)+A*B.
DSP Report: operator p_0_out is absorbed into DSP p_0_out.
DSP Report: operator p_0_out is absorbed into DSP p_0_out.
DSP Report: Generating DSP p_0_out, operation Mode is: A*B.
DSP Report: operator p_0_out is absorbed into DSP p_0_out.
DSP Report: operator p_0_out is absorbed into DSP p_0_out.
DSP Report: Generating DSP p_0_out, operation Mode is: (PCIN>>17)+A*B.
DSP Report: operator p_0_out is absorbed into DSP p_0_out.
DSP Report: operator p_0_out is absorbed into DSP p_0_out.
DSP Report: Generating DSP p_0_out, operation Mode is: A*B.
DSP Report: operator p_0_out is absorbed into DSP p_0_out.
DSP Report: operator p_0_out is absorbed into DSP p_0_out.
DSP Report: Generating DSP p_0_out, operation Mode is: (PCIN>>17)+A*B.
DSP Report: operator p_0_out is absorbed into DSP p_0_out.
DSP Report: operator p_0_out is absorbed into DSP p_0_out.
DSP Report: Generating DSP p_0_out, operation Mode is: A*B.
DSP Report: operator p_0_out is absorbed into DSP p_0_out.
DSP Report: operator p_0_out is absorbed into DSP p_0_out.
DSP Report: Generating DSP p_0_out, operation Mode is: (PCIN>>17)+A*B.
DSP Report: operator p_0_out is absorbed into DSP p_0_out.
DSP Report: operator p_0_out is absorbed into DSP p_0_out.
DSP Report: Generating DSP p_0_out, operation Mode is: A*B.
DSP Report: operator p_0_out is absorbed into DSP p_0_out.
DSP Report: operator p_0_out is absorbed into DSP p_0_out.
DSP Report: Generating DSP p_0_out, operation Mode is: (PCIN>>17)+A*B.
DSP Report: operator p_0_out is absorbed into DSP p_0_out.
DSP Report: operator p_0_out is absorbed into DSP p_0_out.
DSP Report: Generating DSP p_0_out, operation Mode is: A*B.
DSP Report: operator p_0_out is absorbed into DSP p_0_out.
DSP Report: operator p_0_out is absorbed into DSP p_0_out.
DSP Report: Generating DSP p_0_out, operation Mode is: (PCIN>>17)+A*B.
DSP Report: operator p_0_out is absorbed into DSP p_0_out.
DSP Report: operator p_0_out is absorbed into DSP p_0_out.
DSP Report: Generating DSP p_0_out, operation Mode is: A*B.
DSP Report: operator p_0_out is absorbed into DSP p_0_out.
DSP Report: operator p_0_out is absorbed into DSP p_0_out.
DSP Report: Generating DSP p_0_out, operation Mode is: (PCIN>>17)+A*B.
DSP Report: operator p_0_out is absorbed into DSP p_0_out.
DSP Report: operator p_0_out is absorbed into DSP p_0_out.
DSP Report: Generating DSP p_0_out, operation Mode is: A*B.
DSP Report: operator p_0_out is absorbed into DSP p_0_out.
DSP Report: operator p_0_out is absorbed into DSP p_0_out.
DSP Report: Generating DSP p_0_out, operation Mode is: (PCIN>>17)+A*B.
DSP Report: operator p_0_out is absorbed into DSP p_0_out.
DSP Report: operator p_0_out is absorbed into DSP p_0_out.
DSP Report: Generating DSP p_0_out, operation Mode is: A*B.
DSP Report: operator p_0_out is absorbed into DSP p_0_out.
DSP Report: operator p_0_out is absorbed into DSP p_0_out.
DSP Report: Generating DSP p_0_out, operation Mode is: (PCIN>>17)+A*B.
DSP Report: operator p_0_out is absorbed into DSP p_0_out.
DSP Report: operator p_0_out is absorbed into DSP p_0_out.
DSP Report: Generating DSP p_0_out, operation Mode is: A*B.
DSP Report: operator p_0_out is absorbed into DSP p_0_out.
DSP Report: operator p_0_out is absorbed into DSP p_0_out.
DSP Report: Generating DSP p_0_out, operation Mode is: (PCIN>>17)+A*B.
DSP Report: operator p_0_out is absorbed into DSP p_0_out.
DSP Report: operator p_0_out is absorbed into DSP p_0_out.
DSP Report: Generating DSP p_0_out, operation Mode is: A*B.
DSP Report: operator p_0_out is absorbed into DSP p_0_out.
DSP Report: operator p_0_out is absorbed into DSP p_0_out.
DSP Report: Generating DSP p_0_out, operation Mode is: (PCIN>>17)+A*B.
DSP Report: operator p_0_out is absorbed into DSP p_0_out.
DSP Report: operator p_0_out is absorbed into DSP p_0_out.
DSP Report: Generating DSP p_0_out, operation Mode is: A*B.
DSP Report: operator p_0_out is absorbed into DSP p_0_out.
DSP Report: operator p_0_out is absorbed into DSP p_0_out.
DSP Report: Generating DSP p_0_out, operation Mode is: (PCIN>>17)+A*B.
DSP Report: operator p_0_out is absorbed into DSP p_0_out.
DSP Report: operator p_0_out is absorbed into DSP p_0_out.
DSP Report: Generating DSP p_0_out, operation Mode is: A*B.
DSP Report: operator p_0_out is absorbed into DSP p_0_out.
DSP Report: operator p_0_out is absorbed into DSP p_0_out.
DSP Report: Generating DSP p_0_out, operation Mode is: (PCIN>>17)+A*B.
DSP Report: operator p_0_out is absorbed into DSP p_0_out.
DSP Report: operator p_0_out is absorbed into DSP p_0_out.
DSP Report: Generating DSP p_0_out, operation Mode is: A*B.
DSP Report: operator p_0_out is absorbed into DSP p_0_out.
DSP Report: operator p_0_out is absorbed into DSP p_0_out.
DSP Report: Generating DSP p_0_out, operation Mode is: (PCIN>>17)+A*B.
DSP Report: operator p_0_out is absorbed into DSP p_0_out.
DSP Report: operator p_0_out is absorbed into DSP p_0_out.
DSP Report: Generating DSP p_0_out, operation Mode is: A*B.
DSP Report: operator p_0_out is absorbed into DSP p_0_out.
DSP Report: operator p_0_out is absorbed into DSP p_0_out.
DSP Report: Generating DSP p_0_out, operation Mode is: (PCIN>>17)+A*B.
DSP Report: operator p_0_out is absorbed into DSP p_0_out.
DSP Report: operator p_0_out is absorbed into DSP p_0_out.
DSP Report: Generating DSP p_0_out, operation Mode is: A*B.
DSP Report: operator p_0_out is absorbed into DSP p_0_out.
DSP Report: operator p_0_out is absorbed into DSP p_0_out.
DSP Report: Generating DSP p_0_out, operation Mode is: (PCIN>>17)+A*B.
DSP Report: operator p_0_out is absorbed into DSP p_0_out.
DSP Report: operator p_0_out is absorbed into DSP p_0_out.
DSP Report: Generating DSP p_0_out, operation Mode is: A*B.
DSP Report: operator p_0_out is absorbed into DSP p_0_out.
DSP Report: operator p_0_out is absorbed into DSP p_0_out.
DSP Report: Generating DSP p_0_out, operation Mode is: (PCIN>>17)+A*B.
DSP Report: operator p_0_out is absorbed into DSP p_0_out.
DSP Report: operator p_0_out is absorbed into DSP p_0_out.
DSP Report: Generating DSP p_0_out, operation Mode is: A*B.
DSP Report: operator p_0_out is absorbed into DSP p_0_out.
DSP Report: operator p_0_out is absorbed into DSP p_0_out.
DSP Report: Generating DSP p_0_out, operation Mode is: (PCIN>>17)+A*B.
DSP Report: operator p_0_out is absorbed into DSP p_0_out.
DSP Report: operator p_0_out is absorbed into DSP p_0_out.
DSP Report: Generating DSP p_0_out, operation Mode is: A*B.
DSP Report: operator p_0_out is absorbed into DSP p_0_out.
DSP Report: operator p_0_out is absorbed into DSP p_0_out.
DSP Report: Generating DSP p_0_out, operation Mode is: (PCIN>>17)+A*B.
DSP Report: operator p_0_out is absorbed into DSP p_0_out.
DSP Report: operator p_0_out is absorbed into DSP p_0_out.
WARNING: [Synth 8-7129] Port s_axil_awaddr[31] in module syst_array_axil is either unconnected or has no load
WARNING: [Synth 8-7129] Port s_axil_awaddr[30] in module syst_array_axil is either unconnected or has no load
WARNING: [Synth 8-7129] Port s_axil_awaddr[29] in module syst_array_axil is either unconnected or has no load
WARNING: [Synth 8-7129] Port s_axil_awaddr[28] in module syst_array_axil is either unconnected or has no load
WARNING: [Synth 8-7129] Port s_axil_awaddr[27] in module syst_array_axil is either unconnected or has no load
WARNING: [Synth 8-7129] Port s_axil_awaddr[26] in module syst_array_axil is either unconnected or has no load
WARNING: [Synth 8-7129] Port s_axil_awaddr[25] in module syst_array_axil is either unconnected or has no load
WARNING: [Synth 8-7129] Port s_axil_awaddr[24] in module syst_array_axil is either unconnected or has no load
WARNING: [Synth 8-7129] Port s_axil_awaddr[23] in module syst_array_axil is either unconnected or has no load
WARNING: [Synth 8-7129] Port s_axil_awaddr[22] in module syst_array_axil is either unconnected or has no load
WARNING: [Synth 8-7129] Port s_axil_awaddr[21] in module syst_array_axil is either unconnected or has no load
WARNING: [Synth 8-7129] Port s_axil_awaddr[20] in module syst_array_axil is either unconnected or has no load
WARNING: [Synth 8-7129] Port s_axil_awaddr[19] in module syst_array_axil is either unconnected or has no load
WARNING: [Synth 8-7129] Port s_axil_awaddr[18] in module syst_array_axil is either unconnected or has no load
WARNING: [Synth 8-7129] Port s_axil_awaddr[17] in module syst_array_axil is either unconnected or has no load
WARNING: [Synth 8-7129] Port s_axil_awaddr[16] in module syst_array_axil is either unconnected or has no load
WARNING: [Synth 8-7129] Port s_axil_awaddr[15] in module syst_array_axil is either unconnected or has no load
WARNING: [Synth 8-7129] Port s_axil_awaddr[14] in module syst_array_axil is either unconnected or has no load
WARNING: [Synth 8-7129] Port s_axil_awaddr[13] in module syst_array_axil is either unconnected or has no load
WARNING: [Synth 8-7129] Port s_axil_awaddr[12] in module syst_array_axil is either unconnected or has no load
WARNING: [Synth 8-7129] Port s_axil_awaddr[11] in module syst_array_axil is either unconnected or has no load
WARNING: [Synth 8-7129] Port s_axil_awaddr[10] in module syst_array_axil is either unconnected or has no load
WARNING: [Synth 8-7129] Port s_axil_awaddr[9] in module syst_array_axil is either unconnected or has no load
WARNING: [Synth 8-7129] Port s_axil_awaddr[8] in module syst_array_axil is either unconnected or has no load
WARNING: [Synth 8-7129] Port s_axil_awprot[2] in module syst_array_axil is either unconnected or has no load
WARNING: [Synth 8-7129] Port s_axil_awprot[1] in module syst_array_axil is either unconnected or has no load
WARNING: [Synth 8-7129] Port s_axil_awprot[0] in module syst_array_axil is either unconnected or has no load
WARNING: [Synth 8-7129] Port s_axil_wstrb[3] in module syst_array_axil is either unconnected or has no load
WARNING: [Synth 8-7129] Port s_axil_wstrb[2] in module syst_array_axil is either unconnected or has no load
WARNING: [Synth 8-7129] Port s_axil_wstrb[1] in module syst_array_axil is either unconnected or has no load
WARNING: [Synth 8-7129] Port s_axil_wstrb[0] in module syst_array_axil is either unconnected or has no load
WARNING: [Synth 8-7129] Port s_axil_araddr[31] in module syst_array_axil is either unconnected or has no load
WARNING: [Synth 8-7129] Port s_axil_araddr[30] in module syst_array_axil is either unconnected or has no load
WARNING: [Synth 8-7129] Port s_axil_araddr[29] in module syst_array_axil is either unconnected or has no load
WARNING: [Synth 8-7129] Port s_axil_araddr[28] in module syst_array_axil is either unconnected or has no load
WARNING: [Synth 8-7129] Port s_axil_araddr[27] in module syst_array_axil is either unconnected or has no load
WARNING: [Synth 8-7129] Port s_axil_araddr[26] in module syst_array_axil is either unconnected or has no load
WARNING: [Synth 8-7129] Port s_axil_araddr[25] in module syst_array_axil is either unconnected or has no load
WARNING: [Synth 8-7129] Port s_axil_araddr[24] in module syst_array_axil is either unconnected or has no load
WARNING: [Synth 8-7129] Port s_axil_araddr[23] in module syst_array_axil is either unconnected or has no load
WARNING: [Synth 8-7129] Port s_axil_araddr[22] in module syst_array_axil is either unconnected or has no load
WARNING: [Synth 8-7129] Port s_axil_araddr[21] in module syst_array_axil is either unconnected or has no load
WARNING: [Synth 8-7129] Port s_axil_araddr[20] in module syst_array_axil is either unconnected or has no load
WARNING: [Synth 8-7129] Port s_axil_araddr[19] in module syst_array_axil is either unconnected or has no load
WARNING: [Synth 8-7129] Port s_axil_araddr[18] in module syst_array_axil is either unconnected or has no load
WARNING: [Synth 8-7129] Port s_axil_araddr[17] in module syst_array_axil is either unconnected or has no load
WARNING: [Synth 8-7129] Port s_axil_araddr[16] in module syst_array_axil is either unconnected or has no load
WARNING: [Synth 8-7129] Port s_axil_araddr[15] in module syst_array_axil is either unconnected or has no load
WARNING: [Synth 8-7129] Port s_axil_araddr[14] in module syst_array_axil is either unconnected or has no load
WARNING: [Synth 8-7129] Port s_axil_araddr[13] in module syst_array_axil is either unconnected or has no load
WARNING: [Synth 8-7129] Port s_axil_araddr[12] in module syst_array_axil is either unconnected or has no load
WARNING: [Synth 8-7129] Port s_axil_araddr[11] in module syst_array_axil is either unconnected or has no load
WARNING: [Synth 8-7129] Port s_axil_araddr[10] in module syst_array_axil is either unconnected or has no load
WARNING: [Synth 8-7129] Port s_axil_araddr[9] in module syst_array_axil is either unconnected or has no load
WARNING: [Synth 8-7129] Port s_axil_araddr[8] in module syst_array_axil is either unconnected or has no load
WARNING: [Synth 8-7129] Port s_axil_arprot[2] in module syst_array_axil is either unconnected or has no load
WARNING: [Synth 8-7129] Port s_axil_arprot[1] in module syst_array_axil is either unconnected or has no load
WARNING: [Synth 8-7129] Port s_axil_arprot[0] in module syst_array_axil is either unconnected or has no load
WARNING: [Synth 8-7129] Port s_axil_rready in module syst_array_axil is either unconnected or has no load
---------------------------------------------------------------------------------
Finished Cross Boundary and Area Optimization : Time (s): cpu = 00:00:18 ; elapsed = 00:00:19 . Memory (MB): peak = 2356.641 ; gain = 672.234 ; free physical = 287 ; free virtual = 5999
---------------------------------------------------------------------------------
WARNING: [Synth 8-3323] Resources of type DSP have been overutilized. Used = 256, Available = 220. Use report_utilization command for details.
 Sort Area is  p_0_out_0 : 0 0 : 3101 5754 : Used 1 time 0
 Sort Area is  p_0_out_0 : 0 1 : 2653 5754 : Used 1 time 0
 Sort Area is  p_0_out_10 : 0 0 : 3101 5754 : Used 1 time 0
 Sort Area is  p_0_out_10 : 0 1 : 2653 5754 : Used 1 time 0
 Sort Area is  p_0_out_12 : 0 0 : 3101 5754 : Used 1 time 0
 Sort Area is  p_0_out_12 : 0 1 : 2653 5754 : Used 1 time 0
 Sort Area is  p_0_out_14 : 0 0 : 3101 5754 : Used 1 time 0
 Sort Area is  p_0_out_14 : 0 1 : 2653 5754 : Used 1 time 0
 Sort Area is  p_0_out_16 : 0 0 : 3101 5754 : Used 1 time 0
 Sort Area is  p_0_out_16 : 0 1 : 2653 5754 : Used 1 time 0
 Sort Area is  p_0_out_18 : 0 0 : 3101 5754 : Used 1 time 0
 Sort Area is  p_0_out_18 : 0 1 : 2653 5754 : Used 1 time 0
 Sort Area is  p_0_out_1a : 0 0 : 3101 5754 : Used 1 time 0
 Sort Area is  p_0_out_1a : 0 1 : 2653 5754 : Used 1 time 0
 Sort Area is  p_0_out_1c : 0 0 : 3101 5754 : Used 1 time 0
 Sort Area is  p_0_out_1c : 0 1 : 2653 5754 : Used 1 time 0
 Sort Area is  p_0_out_1e : 0 0 : 3101 5754 : Used 1 time 0
 Sort Area is  p_0_out_1e : 0 1 : 2653 5754 : Used 1 time 0
 Sort Area is  p_0_out_20 : 0 0 : 3101 5754 : Used 1 time 0
 Sort Area is  p_0_out_20 : 0 1 : 2653 5754 : Used 1 time 0
 Sort Area is  p_0_out_22 : 0 0 : 3101 5754 : Used 1 time 0
 Sort Area is  p_0_out_22 : 0 1 : 2653 5754 : Used 1 time 0
 Sort Area is  p_0_out_24 : 0 0 : 3101 5754 : Used 1 time 0
 Sort Area is  p_0_out_24 : 0 1 : 2653 5754 : Used 1 time 0
 Sort Area is  p_0_out_26 : 0 0 : 3101 5754 : Used 1 time 0
 Sort Area is  p_0_out_26 : 0 1 : 2653 5754 : Used 1 time 0
 Sort Area is  p_0_out_28 : 0 0 : 3101 5754 : Used 1 time 0
 Sort Area is  p_0_out_28 : 0 1 : 2653 5754 : Used 1 time 0
 Sort Area is  p_0_out_2a : 0 0 : 3101 5754 : Used 1 time 0
 Sort Area is  p_0_out_2a : 0 1 : 2653 5754 : Used 1 time 0
 Sort Area is  p_0_out_2c : 0 0 : 3101 5754 : Used 1 time 0
 Sort Area is  p_0_out_2c : 0 1 : 2653 5754 : Used 1 time 0
 Sort Area is  p_0_out_2e : 0 0 : 3101 5754 : Used 1 time 0
 Sort Area is  p_0_out_2e : 0 1 : 2653 5754 : Used 1 time 0
 Sort Area is  p_0_out_30 : 0 0 : 3101 5754 : Used 1 time 0
 Sort Area is  p_0_out_30 : 0 1 : 2653 5754 : Used 1 time 0
 Sort Area is  p_0_out_32 : 0 0 : 3101 5754 : Used 1 time 0
 Sort Area is  p_0_out_32 : 0 1 : 2653 5754 : Used 1 time 0
 Sort Area is  p_0_out_34 : 0 0 : 3101 5754 : Used 1 time 0
 Sort Area is  p_0_out_34 : 0 1 : 2653 5754 : Used 1 time 0
 Sort Area is  p_0_out_36 : 0 0 : 3101 5754 : Used 1 time 0
 Sort Area is  p_0_out_36 : 0 1 : 2653 5754 : Used 1 time 0
 Sort Area is  p_0_out_38 : 0 0 : 3101 5754 : Used 1 time 0
 Sort Area is  p_0_out_38 : 0 1 : 2653 5754 : Used 1 time 0
 Sort Area is  p_0_out_3a : 0 0 : 3101 5754 : Used 1 time 0
 Sort Area is  p_0_out_3a : 0 1 : 2653 5754 : Used 1 time 0
 Sort Area is  p_0_out_3c : 0 0 : 3101 5754 : Used 1 time 0
 Sort Area is  p_0_out_3c : 0 1 : 2653 5754 : Used 1 time 0
 Sort Area is  p_0_out_3e : 0 0 : 3101 5754 : Used 1 time 0
 Sort Area is  p_0_out_3e : 0 1 : 2653 5754 : Used 1 time 0
 Sort Area is  p_0_out_40 : 0 0 : 3101 5754 : Used 1 time 0
 Sort Area is  p_0_out_40 : 0 1 : 2653 5754 : Used 1 time 0
 Sort Area is  p_0_out_42 : 0 0 : 3101 5754 : Used 1 time 0
 Sort Area is  p_0_out_42 : 0 1 : 2653 5754 : Used 1 time 0
 Sort Area is  p_0_out_44 : 0 0 : 3101 5754 : Used 1 time 0
 Sort Area is  p_0_out_44 : 0 1 : 2653 5754 : Used 1 time 0
 Sort Area is  p_0_out_46 : 0 0 : 3101 5754 : Used 1 time 0
 Sort Area is  p_0_out_46 : 0 1 : 2653 5754 : Used 1 time 0
 Sort Area is  p_0_out_48 : 0 0 : 3101 5754 : Used 1 time 0
 Sort Area is  p_0_out_48 : 0 1 : 2653 5754 : Used 1 time 0
 Sort Area is  p_0_out_4a : 0 0 : 3101 5754 : Used 1 time 0
 Sort Area is  p_0_out_4a : 0 1 : 2653 5754 : Used 1 time 0
 Sort Area is  p_0_out_4c : 0 0 : 3101 5754 : Used 1 time 0
 Sort Area is  p_0_out_4c : 0 1 : 2653 5754 : Used 1 time 0
 Sort Area is  p_0_out_4e : 0 0 : 3101 5754 : Used 1 time 0
 Sort Area is  p_0_out_4e : 0 1 : 2653 5754 : Used 1 time 0
 Sort Area is  p_0_out_50 : 0 0 : 3101 5754 : Used 1 time 0
 Sort Area is  p_0_out_50 : 0 1 : 2653 5754 : Used 1 time 0
 Sort Area is  p_0_out_52 : 0 0 : 3101 5754 : Used 1 time 0
 Sort Area is  p_0_out_52 : 0 1 : 2653 5754 : Used 1 time 0
 Sort Area is  p_0_out_54 : 0 0 : 3101 5754 : Used 1 time 0
 Sort Area is  p_0_out_54 : 0 1 : 2653 5754 : Used 1 time 0
 Sort Area is  p_0_out_56 : 0 0 : 3101 5754 : Used 1 time 0
 Sort Area is  p_0_out_56 : 0 1 : 2653 5754 : Used 1 time 0
 Sort Area is  p_0_out_58 : 0 0 : 3101 5754 : Used 1 time 0
 Sort Area is  p_0_out_58 : 0 1 : 2653 5754 : Used 1 time 0
 Sort Area is  p_0_out_5a : 0 0 : 3101 5754 : Used 1 time 0
 Sort Area is  p_0_out_5a : 0 1 : 2653 5754 : Used 1 time 0
 Sort Area is  p_0_out_5c : 0 0 : 3101 5754 : Used 1 time 0
 Sort Area is  p_0_out_5c : 0 1 : 2653 5754 : Used 1 time 0
 Sort Area is  p_0_out_5e : 0 0 : 3101 5754 : Used 1 time 0
 Sort Area is  p_0_out_5e : 0 1 : 2653 5754 : Used 1 time 0
 Sort Area is  p_0_out_6 : 0 0 : 3101 5754 : Used 1 time 0
 Sort Area is  p_0_out_6 : 0 1 : 2653 5754 : Used 1 time 0
 Sort Area is  p_0_out_60 : 0 0 : 3101 5754 : Used 1 time 0
 Sort Area is  p_0_out_60 : 0 1 : 2653 5754 : Used 1 time 0
 Sort Area is  p_0_out_62 : 0 0 : 3101 5754 : Used 1 time 0
 Sort Area is  p_0_out_62 : 0 1 : 2653 5754 : Used 1 time 0
 Sort Area is  p_0_out_64 : 0 0 : 3101 5754 : Used 1 time 0
 Sort Area is  p_0_out_64 : 0 1 : 2653 5754 : Used 1 time 0
 Sort Area is  p_0_out_66 : 0 0 : 3101 5754 : Used 1 time 0
 Sort Area is  p_0_out_66 : 0 1 : 2653 5754 : Used 1 time 0
 Sort Area is  p_0_out_68 : 0 0 : 3101 5754 : Used 1 time 0
 Sort Area is  p_0_out_68 : 0 1 : 2653 5754 : Used 1 time 0
 Sort Area is  p_0_out_6a : 0 0 : 3101 5754 : Used 1 time 0
 Sort Area is  p_0_out_6a : 0 1 : 2653 5754 : Used 1 time 0
 Sort Area is  p_0_out_6c : 0 0 : 3101 5754 : Used 1 time 0
 Sort Area is  p_0_out_6c : 0 1 : 2653 5754 : Used 1 time 0
 Sort Area is  p_0_out_6e : 0 0 : 3101 5754 : Used 1 time 0
 Sort Area is  p_0_out_6e : 0 1 : 2653 5754 : Used 1 time 0
 Sort Area is  p_0_out_70 : 0 0 : 3101 5754 : Used 1 time 0
 Sort Area is  p_0_out_70 : 0 1 : 2653 5754 : Used 1 time 0
 Sort Area is  p_0_out_72 : 0 0 : 3101 5754 : Used 1 time 0
 Sort Area is  p_0_out_72 : 0 1 : 2653 5754 : Used 1 time 0
 Sort Area is  p_0_out_74 : 0 0 : 3101 5754 : Used 1 time 0
 Sort Area is  p_0_out_74 : 0 1 : 2653 5754 : Used 1 time 0
 Sort Area is  p_0_out_76 : 0 0 : 3101 5754 : Used 1 time 0
 Sort Area is  p_0_out_76 : 0 1 : 2653 5754 : Used 1 time 0
 Sort Area is  p_0_out_78 : 0 0 : 3101 5754 : Used 1 time 0
 Sort Area is  p_0_out_78 : 0 1 : 2653 5754 : Used 1 time 0
 Sort Area is  p_0_out_7a : 0 0 : 3101 5754 : Used 1 time 0
 Sort Area is  p_0_out_7a : 0 1 : 2653 5754 : Used 1 time 0
 Sort Area is  p_0_out_7c : 0 0 : 3101 5754 : Used 1 time 0
 Sort Area is  p_0_out_7c : 0 1 : 2653 5754 : Used 1 time 0
 Sort Area is  p_0_out_7e : 0 0 : 3101 5754 : Used 1 time 0
 Sort Area is  p_0_out_7e : 0 1 : 2653 5754 : Used 1 time 0
 Sort Area is  p_0_out_8 : 0 0 : 3101 5754 : Used 1 time 0
 Sort Area is  p_0_out_8 : 0 1 : 2653 5754 : Used 1 time 0
 Sort Area is  p_0_out_80 : 0 0 : 3101 5754 : Used 1 time 0
 Sort Area is  p_0_out_80 : 0 1 : 2653 5754 : Used 1 time 0
 Sort Area is  p_0_out_82 : 0 0 : 3101 5754 : Used 1 time 0
 Sort Area is  p_0_out_82 : 0 1 : 2653 5754 : Used 1 time 0
 Sort Area is  p_0_out_a : 0 0 : 3101 5754 : Used 1 time 0
 Sort Area is  p_0_out_a : 0 1 : 2653 5754 : Used 1 time 0
 Sort Area is  p_0_out_c : 0 0 : 3101 5754 : Used 1 time 0
 Sort Area is  p_0_out_c : 0 1 : 2653 5754 : Used 1 time 0
 Sort Area is  p_0_out_e : 0 0 : 3101 5754 : Used 1 time 0
 Sort Area is  p_0_out_e : 0 1 : 2653 5754 : Used 1 time 0
 Sort Area is  p_0_out_11 : 0 0 : 2634 5119 : Used 1 time 0
 Sort Area is  p_0_out_11 : 0 1 : 2485 5119 : Used 1 time 0
 Sort Area is  p_0_out_13 : 0 0 : 2634 5119 : Used 1 time 0
 Sort Area is  p_0_out_13 : 0 1 : 2485 5119 : Used 1 time 0
 Sort Area is  p_0_out_15 : 0 0 : 2634 5119 : Used 1 time 0
 Sort Area is  p_0_out_15 : 0 1 : 2485 5119 : Used 1 time 0
 Sort Area is  p_0_out_17 : 0 0 : 2634 5119 : Used 1 time 0
 Sort Area is  p_0_out_17 : 0 1 : 2485 5119 : Used 1 time 0
 Sort Area is  p_0_out_19 : 0 0 : 2634 5119 : Used 1 time 0
 Sort Area is  p_0_out_19 : 0 1 : 2485 5119 : Used 1 time 0
 Sort Area is  p_0_out_1b : 0 0 : 2634 5119 : Used 1 time 0
 Sort Area is  p_0_out_1b : 0 1 : 2485 5119 : Used 1 time 0
 Sort Area is  p_0_out_1d : 0 0 : 2634 5119 : Used 1 time 0
 Sort Area is  p_0_out_1d : 0 1 : 2485 5119 : Used 1 time 0
 Sort Area is  p_0_out_1f : 0 0 : 2634 5119 : Used 1 time 0
 Sort Area is  p_0_out_1f : 0 1 : 2485 5119 : Used 1 time 0
 Sort Area is  p_0_out_21 : 0 0 : 2634 5119 : Used 1 time 0
 Sort Area is  p_0_out_21 : 0 1 : 2485 5119 : Used 1 time 0
 Sort Area is  p_0_out_23 : 0 0 : 2634 5119 : Used 1 time 0
 Sort Area is  p_0_out_23 : 0 1 : 2485 5119 : Used 1 time 0
 Sort Area is  p_0_out_25 : 0 0 : 2634 5119 : Used 1 time 0
 Sort Area is  p_0_out_25 : 0 1 : 2485 5119 : Used 1 time 0
 Sort Area is  p_0_out_27 : 0 0 : 2634 5119 : Used 1 time 0
 Sort Area is  p_0_out_27 : 0 1 : 2485 5119 : Used 1 time 0
 Sort Area is  p_0_out_29 : 0 0 : 2634 5119 : Used 1 time 0
 Sort Area is  p_0_out_29 : 0 1 : 2485 5119 : Used 1 time 0
 Sort Area is  p_0_out_2b : 0 0 : 2634 5119 : Used 1 time 0
 Sort Area is  p_0_out_2b : 0 1 : 2485 5119 : Used 1 time 0
 Sort Area is  p_0_out_2d : 0 0 : 2634 5119 : Used 1 time 0
 Sort Area is  p_0_out_2d : 0 1 : 2485 5119 : Used 1 time 0
 Sort Area is  p_0_out_2f : 0 0 : 2634 5119 : Used 1 time 0
 Sort Area is  p_0_out_2f : 0 1 : 2485 5119 : Used 1 time 0
 Sort Area is  p_0_out_3 : 0 0 : 2634 5119 : Used 1 time 0
 Sort Area is  p_0_out_3 : 0 1 : 2485 5119 : Used 1 time 0
 Sort Area is  p_0_out_31 : 0 0 : 2634 5119 : Used 1 time 0
 Sort Area is  p_0_out_31 : 0 1 : 2485 5119 : Used 1 time 0
 Sort Area is  p_0_out_33 : 0 0 : 2634 5119 : Used 1 time 0
 Sort Area is  p_0_out_33 : 0 1 : 2485 5119 : Used 1 time 0
 Sort Area is  p_0_out_35 : 0 0 : 2634 5119 : Used 1 time 0
 Sort Area is  p_0_out_35 : 0 1 : 2485 5119 : Used 1 time 0
 Sort Area is  p_0_out_37 : 0 0 : 2634 5119 : Used 1 time 0
 Sort Area is  p_0_out_37 : 0 1 : 2485 5119 : Used 1 time 0
 Sort Area is  p_0_out_39 : 0 0 : 2634 5119 : Used 1 time 0
 Sort Area is  p_0_out_39 : 0 1 : 2485 5119 : Used 1 time 0
 Sort Area is  p_0_out_3b : 0 0 : 2634 5119 : Used 1 time 0
 Sort Area is  p_0_out_3b : 0 1 : 2485 5119 : Used 1 time 0
 Sort Area is  p_0_out_3d : 0 0 : 2634 5119 : Used 1 time 0
 Sort Area is  p_0_out_3d : 0 1 : 2485 5119 : Used 1 time 0
 Sort Area is  p_0_out_3f : 0 0 : 2634 5119 : Used 1 time 0
 Sort Area is  p_0_out_3f : 0 1 : 2485 5119 : Used 1 time 0
 Sort Area is  p_0_out_41 : 0 0 : 2634 5119 : Used 1 time 0
 Sort Area is  p_0_out_41 : 0 1 : 2485 5119 : Used 1 time 0
 Sort Area is  p_0_out_43 : 0 0 : 2634 5119 : Used 1 time 0
 Sort Area is  p_0_out_43 : 0 1 : 2485 5119 : Used 1 time 0
 Sort Area is  p_0_out_45 : 0 0 : 2634 5119 : Used 1 time 0
 Sort Area is  p_0_out_45 : 0 1 : 2485 5119 : Used 1 time 0
 Sort Area is  p_0_out_47 : 0 0 : 2634 5119 : Used 1 time 0
 Sort Area is  p_0_out_47 : 0 1 : 2485 5119 : Used 1 time 0
 Sort Area is  p_0_out_49 : 0 0 : 2634 5119 : Used 1 time 0
 Sort Area is  p_0_out_49 : 0 1 : 2485 5119 : Used 1 time 0
 Sort Area is  p_0_out_4b : 0 0 : 2634 5119 : Used 1 time 0
 Sort Area is  p_0_out_4b : 0 1 : 2485 5119 : Used 1 time 0
 Sort Area is  p_0_out_4d : 0 0 : 2634 5119 : Used 1 time 0
 Sort Area is  p_0_out_4d : 0 1 : 2485 5119 : Used 1 time 0
 Sort Area is  p_0_out_4f : 0 0 : 2634 5119 : Used 1 time 0
 Sort Area is  p_0_out_4f : 0 1 : 2485 5119 : Used 1 time 0
 Sort Area is  p_0_out_51 : 0 0 : 2634 5119 : Used 1 time 0
 Sort Area is  p_0_out_51 : 0 1 : 2485 5119 : Used 1 time 0
 Sort Area is  p_0_out_53 : 0 0 : 2634 5119 : Used 1 time 0
 Sort Area is  p_0_out_53 : 0 1 : 2485 5119 : Used 1 time 0
 Sort Area is  p_0_out_55 : 0 0 : 2634 5119 : Used 1 time 0
 Sort Area is  p_0_out_55 : 0 1 : 2485 5119 : Used 1 time 0
 Sort Area is  p_0_out_57 : 0 0 : 2634 5119 : Used 1 time 0
 Sort Area is  p_0_out_57 : 0 1 : 2485 5119 : Used 1 time 0
 Sort Area is  p_0_out_59 : 0 0 : 2634 5119 : Used 1 time 0
 Sort Area is  p_0_out_59 : 0 1 : 2485 5119 : Used 1 time 0
 Sort Area is  p_0_out_5b : 0 0 : 2634 5119 : Used 1 time 0
 Sort Area is  p_0_out_5b : 0 1 : 2485 5119 : Used 1 time 0
 Sort Area is  p_0_out_5d : 0 0 : 2634 5119 : Used 1 time 0
 Sort Area is  p_0_out_5d : 0 1 : 2485 5119 : Used 1 time 0
 Sort Area is  p_0_out_5f : 0 0 : 2634 5119 : Used 1 time 0
 Sort Area is  p_0_out_5f : 0 1 : 2485 5119 : Used 1 time 0
 Sort Area is  p_0_out_61 : 0 0 : 2634 5119 : Used 1 time 0
 Sort Area is  p_0_out_61 : 0 1 : 2485 5119 : Used 1 time 0
 Sort Area is  p_0_out_63 : 0 0 : 2634 5119 : Used 1 time 0
 Sort Area is  p_0_out_63 : 0 1 : 2485 5119 : Used 1 time 0
 Sort Area is  p_0_out_65 : 0 0 : 2634 5119 : Used 1 time 0
 Sort Area is  p_0_out_65 : 0 1 : 2485 5119 : Used 1 time 0
 Sort Area is  p_0_out_67 : 0 0 : 2634 5119 : Used 1 time 0
 Sort Area is  p_0_out_67 : 0 1 : 2485 5119 : Used 1 time 0
 Sort Area is  p_0_out_69 : 0 0 : 2634 5119 : Used 1 time 0
 Sort Area is  p_0_out_69 : 0 1 : 2485 5119 : Used 1 time 0
 Sort Area is  p_0_out_6b : 0 0 : 2634 5119 : Used 1 time 0
 Sort Area is  p_0_out_6b : 0 1 : 2485 5119 : Used 1 time 0
 Sort Area is  p_0_out_6d : 0 0 : 2634 5119 : Used 1 time 0
 Sort Area is  p_0_out_6d : 0 1 : 2485 5119 : Used 1 time 0
 Sort Area is  p_0_out_6f : 0 0 : 2634 5119 : Used 1 time 0
 Sort Area is  p_0_out_6f : 0 1 : 2485 5119 : Used 1 time 0
 Sort Area is  p_0_out_7 : 0 0 : 2634 5119 : Used 1 time 0
 Sort Area is  p_0_out_7 : 0 1 : 2485 5119 : Used 1 time 0
 Sort Area is  p_0_out_71 : 0 0 : 2634 5119 : Used 1 time 0
 Sort Area is  p_0_out_71 : 0 1 : 2485 5119 : Used 1 time 0
 Sort Area is  p_0_out_73 : 0 0 : 2634 5119 : Used 1 time 0
 Sort Area is  p_0_out_73 : 0 1 : 2485 5119 : Used 1 time 0
 Sort Area is  p_0_out_75 : 0 0 : 2634 5119 : Used 1 time 0
 Sort Area is  p_0_out_75 : 0 1 : 2485 5119 : Used 1 time 0
 Sort Area is  p_0_out_77 : 0 0 : 2634 5119 : Used 1 time 0
 Sort Area is  p_0_out_77 : 0 1 : 2485 5119 : Used 1 time 0
 Sort Area is  p_0_out_79 : 0 0 : 2634 5119 : Used 1 time 0
 Sort Area is  p_0_out_79 : 0 1 : 2485 5119 : Used 1 time 0
 Sort Area is  p_0_out_7b : 0 0 : 2634 5119 : Used 1 time 0
 Sort Area is  p_0_out_7b : 0 1 : 2485 5119 : Used 1 time 0
 Sort Area is  p_0_out_7d : 0 0 : 2634 5119 : Used 1 time 0
 Sort Area is  p_0_out_7d : 0 1 : 2485 5119 : Used 1 time 0
 Sort Area is  p_0_out_7f : 0 0 : 2634 5119 : Used 1 time 0
 Sort Area is  p_0_out_7f : 0 1 : 2485 5119 : Used 1 time 0
 Sort Area is  p_0_out_81 : 0 0 : 2634 5119 : Used 1 time 0
 Sort Area is  p_0_out_81 : 0 1 : 2485 5119 : Used 1 time 0
 Sort Area is  p_0_out_83 : 0 0 : 2634 5119 : Used 1 time 0
 Sort Area is  p_0_out_83 : 0 1 : 2485 5119 : Used 1 time 0
 Sort Area is  p_0_out_9 : 0 0 : 2634 5119 : Used 1 time 0
 Sort Area is  p_0_out_9 : 0 1 : 2485 5119 : Used 1 time 0
 Sort Area is  p_0_out_b : 0 0 : 2634 5119 : Used 1 time 0
 Sort Area is  p_0_out_b : 0 1 : 2485 5119 : Used 1 time 0
 Sort Area is  p_0_out_d : 0 0 : 2634 5119 : Used 1 time 0
 Sort Area is  p_0_out_d : 0 1 : 2485 5119 : Used 1 time 0
 Sort Area is  p_0_out_f : 0 0 : 2634 5119 : Used 1 time 0
 Sort Area is  p_0_out_f : 0 1 : 2485 5119 : Used 1 time 0
 DSP resource Status: p_0_out_83 0 5119 2634: Used 1 time : Rejected (247 > 220) uniquify 0 
 DSP resource Status: p_0_out_82 0 5754 3101: Used 1 time : Accepted (121 < 220) uniquify 0 
 DSP resource Status: p_0_out_82 1 5754 2653: Used 1 time : Accepted (122 < 220) uniquify 0 
 DSP resource Status: p_0_out_81 0 5119 2634: Used 1 time : Rejected (245 > 220) uniquify 0 
 DSP resource Status: p_0_out_80 0 5754 3101: Used 1 time : Accepted (119 < 220) uniquify 0 
 DSP resource Status: p_0_out_80 1 5754 2653: Used 1 time : Accepted (120 < 220) uniquify 0 
 DSP resource Status: p_0_out_7f 0 5119 2634: Used 1 time : Rejected (243 > 220) uniquify 0 
 DSP resource Status: p_0_out_7e 0 5754 3101: Used 1 time : Accepted (115 < 220) uniquify 0 
 DSP resource Status: p_0_out_7e 1 5754 2653: Used 1 time : Accepted (116 < 220) uniquify 0 
 DSP resource Status: p_0_out_7d 0 5119 2634: Used 1 time : Rejected (241 > 220) uniquify 0 
 DSP resource Status: p_0_out_7c 0 5754 3101: Used 1 time : Accepted (113 < 220) uniquify 0 
 DSP resource Status: p_0_out_7c 1 5754 2653: Used 1 time : Accepted (114 < 220) uniquify 0 
 DSP resource Status: p_0_out_7b 0 5119 2634: Used 1 time : Rejected (239 > 220) uniquify 0 
 DSP resource Status: p_0_out_7a 0 5754 3101: Used 1 time : Accepted (111 < 220) uniquify 0 
 DSP resource Status: p_0_out_7a 1 5754 2653: Used 1 time : Accepted (112 < 220) uniquify 0 
 DSP resource Status: p_0_out_79 0 5119 2634: Used 1 time : Rejected (237 > 220) uniquify 0 
 DSP resource Status: p_0_out_78 0 5754 3101: Used 1 time : Accepted (109 < 220) uniquify 0 
 DSP resource Status: p_0_out_78 1 5754 2653: Used 1 time : Accepted (110 < 220) uniquify 0 
 DSP resource Status: p_0_out_77 0 5119 2634: Used 1 time : Rejected (235 > 220) uniquify 0 
 DSP resource Status: p_0_out_76 0 5754 3101: Used 1 time : Accepted (107 < 220) uniquify 0 
 DSP resource Status: p_0_out_76 1 5754 2653: Used 1 time : Accepted (108 < 220) uniquify 0 
 DSP resource Status: p_0_out_75 0 5119 2634: Used 1 time : Rejected (233 > 220) uniquify 0 
 DSP resource Status: p_0_out_74 0 5754 3101: Used 1 time : Accepted (105 < 220) uniquify 0 
 DSP resource Status: p_0_out_74 1 5754 2653: Used 1 time : Accepted (106 < 220) uniquify 0 
 DSP resource Status: p_0_out_73 0 5119 2634: Used 1 time : Rejected (231 > 220) uniquify 0 
 DSP resource Status: p_0_out_72 0 5754 3101: Used 1 time : Accepted (103 < 220) uniquify 0 
 DSP resource Status: p_0_out_72 1 5754 2653: Used 1 time : Accepted (104 < 220) uniquify 0 
 DSP resource Status: p_0_out_71 0 5119 2634: Used 1 time : Rejected (229 > 220) uniquify 0 
 DSP resource Status: p_0_out_70 0 5754 3101: Used 1 time : Accepted (101 < 220) uniquify 0 
 DSP resource Status: p_0_out_70 1 5754 2653: Used 1 time : Accepted (102 < 220) uniquify 0 
 DSP resource Status: p_0_out_6f 0 5119 2634: Used 1 time : Rejected (225 > 220) uniquify 0 
 DSP resource Status: p_0_out_6e 0 5754 3101: Used 1 time : Accepted (99 < 220) uniquify 0 
 DSP resource Status: p_0_out_6e 1 5754 2653: Used 1 time : Accepted (100 < 220) uniquify 0 
 DSP resource Status: p_0_out_6d 0 5119 2634: Used 1 time : Rejected (223 > 220) uniquify 0 
 DSP resource Status: p_0_out_6c 0 5754 3101: Used 1 time : Accepted (97 < 220) uniquify 0 
 DSP resource Status: p_0_out_6c 1 5754 2653: Used 1 time : Accepted (98 < 220) uniquify 0 
 DSP resource Status: p_0_out_6b 0 5119 2634: Used 1 time : Rejected (221 > 220) uniquify 0 
 DSP resource Status: p_0_out_6a 0 5754 3101: Used 1 time : Accepted (95 < 220) uniquify 0 
 DSP resource Status: p_0_out_6a 1 5754 2653: Used 1 time : Accepted (96 < 220) uniquify 0 
 DSP resource Status: p_0_out_69 0 5119 2634: Used 1 time : Accepted (219 < 220) uniquify 0 
 DSP resource Status: p_0_out_68 0 5754 3101: Used 1 time : Accepted (93 < 220) uniquify 0 
 DSP resource Status: p_0_out_68 1 5754 2653: Used 1 time : Accepted (94 < 220) uniquify 0 
 DSP resource Status: p_0_out_67 0 5119 2634: Used 1 time : Accepted (217 < 220) uniquify 0 
 DSP resource Status: p_0_out_66 0 5754 3101: Used 1 time : Accepted (91 < 220) uniquify 0 
 DSP resource Status: p_0_out_66 1 5754 2653: Used 1 time : Accepted (92 < 220) uniquify 0 
 DSP resource Status: p_0_out_65 0 5119 2634: Used 1 time : Accepted (215 < 220) uniquify 0 
 DSP resource Status: p_0_out_64 0 5754 3101: Used 1 time : Accepted (89 < 220) uniquify 0 
 DSP resource Status: p_0_out_64 1 5754 2653: Used 1 time : Accepted (90 < 220) uniquify 0 
 DSP resource Status: p_0_out_63 0 5119 2634: Used 1 time : Accepted (213 < 220) uniquify 0 
 DSP resource Status: p_0_out_62 0 5754 3101: Used 1 time : Accepted (87 < 220) uniquify 0 
 DSP resource Status: p_0_out_62 1 5754 2653: Used 1 time : Accepted (88 < 220) uniquify 0 
 DSP resource Status: p_0_out_61 0 5119 2634: Used 1 time : Accepted (211 < 220) uniquify 0 
 DSP resource Status: p_0_out_60 0 5754 3101: Used 1 time : Accepted (85 < 220) uniquify 0 
 DSP resource Status: p_0_out_60 1 5754 2653: Used 1 time : Accepted (86 < 220) uniquify 0 
 DSP resource Status: p_0_out_5f 0 5119 2634: Used 1 time : Accepted (209 < 220) uniquify 0 
 DSP resource Status: p_0_out_5e 0 5754 3101: Used 1 time : Accepted (81 < 220) uniquify 0 
 DSP resource Status: p_0_out_5e 1 5754 2653: Used 1 time : Accepted (82 < 220) uniquify 0 
 DSP resource Status: p_0_out_5d 0 5119 2634: Used 1 time : Accepted (207 < 220) uniquify 0 
 DSP resource Status: p_0_out_5c 0 5754 3101: Used 1 time : Accepted (79 < 220) uniquify 0 
 DSP resource Status: p_0_out_5c 1 5754 2653: Used 1 time : Accepted (80 < 220) uniquify 0 
 DSP resource Status: p_0_out_5b 0 5119 2634: Used 1 time : Accepted (205 < 220) uniquify 0 
 DSP resource Status: p_0_out_5a 0 5754 3101: Used 1 time : Accepted (77 < 220) uniquify 0 
 DSP resource Status: p_0_out_5a 1 5754 2653: Used 1 time : Accepted (78 < 220) uniquify 0 
 DSP resource Status: p_0_out_59 0 5119 2634: Used 1 time : Accepted (203 < 220) uniquify 0 
 DSP resource Status: p_0_out_58 0 5754 3101: Used 1 time : Accepted (75 < 220) uniquify 0 
 DSP resource Status: p_0_out_58 1 5754 2653: Used 1 time : Accepted (76 < 220) uniquify 0 
 DSP resource Status: p_0_out_57 0 5119 2634: Used 1 time : Accepted (201 < 220) uniquify 0 
 DSP resource Status: p_0_out_56 0 5754 3101: Used 1 time : Accepted (73 < 220) uniquify 0 
 DSP resource Status: p_0_out_56 1 5754 2653: Used 1 time : Accepted (74 < 220) uniquify 0 
 DSP resource Status: p_0_out_55 0 5119 2634: Used 1 time : Accepted (199 < 220) uniquify 0 
 DSP resource Status: p_0_out_54 0 5754 3101: Used 1 time : Accepted (71 < 220) uniquify 0 
 DSP resource Status: p_0_out_54 1 5754 2653: Used 1 time : Accepted (72 < 220) uniquify 0 
 DSP resource Status: p_0_out_53 0 5119 2634: Used 1 time : Accepted (197 < 220) uniquify 0 
 DSP resource Status: p_0_out_52 0 5754 3101: Used 1 time : Accepted (69 < 220) uniquify 0 
 DSP resource Status: p_0_out_52 1 5754 2653: Used 1 time : Accepted (70 < 220) uniquify 0 
 DSP resource Status: p_0_out_51 0 5119 2634: Used 1 time : Accepted (195 < 220) uniquify 0 
 DSP resource Status: p_0_out_50 0 5754 3101: Used 1 time : Accepted (67 < 220) uniquify 0 
 DSP resource Status: p_0_out_50 1 5754 2653: Used 1 time : Accepted (68 < 220) uniquify 0 
 DSP resource Status: p_0_out_4f 0 5119 2634: Used 1 time : Accepted (193 < 220) uniquify 0 
 DSP resource Status: p_0_out_4e 0 5754 3101: Used 1 time : Accepted (65 < 220) uniquify 0 
 DSP resource Status: p_0_out_4e 1 5754 2653: Used 1 time : Accepted (66 < 220) uniquify 0 
 DSP resource Status: p_0_out_4d 0 5119 2634: Used 1 time : Accepted (191 < 220) uniquify 0 
 DSP resource Status: p_0_out_4c 0 5754 3101: Used 1 time : Accepted (63 < 220) uniquify 0 
 DSP resource Status: p_0_out_4c 1 5754 2653: Used 1 time : Accepted (64 < 220) uniquify 0 
 DSP resource Status: p_0_out_4b 0 5119 2634: Used 1 time : Accepted (189 < 220) uniquify 0 
 DSP resource Status: p_0_out_4a 0 5754 3101: Used 1 time : Accepted (61 < 220) uniquify 0 
 DSP resource Status: p_0_out_4a 1 5754 2653: Used 1 time : Accepted (62 < 220) uniquify 0 
 DSP resource Status: p_0_out_49 0 5119 2634: Used 1 time : Accepted (187 < 220) uniquify 0 
 DSP resource Status: p_0_out_48 0 5754 3101: Used 1 time : Accepted (59 < 220) uniquify 0 
 DSP resource Status: p_0_out_48 1 5754 2653: Used 1 time : Accepted (60 < 220) uniquify 0 
 DSP resource Status: p_0_out_47 0 5119 2634: Used 1 time : Accepted (185 < 220) uniquify 0 
 DSP resource Status: p_0_out_46 0 5754 3101: Used 1 time : Accepted (57 < 220) uniquify 0 
 DSP resource Status: p_0_out_46 1 5754 2653: Used 1 time : Accepted (58 < 220) uniquify 0 
 DSP resource Status: p_0_out_45 0 5119 2634: Used 1 time : Accepted (183 < 220) uniquify 0 
 DSP resource Status: p_0_out_44 0 5754 3101: Used 1 time : Accepted (55 < 220) uniquify 0 
 DSP resource Status: p_0_out_44 1 5754 2653: Used 1 time : Accepted (56 < 220) uniquify 0 
 DSP resource Status: p_0_out_43 0 5119 2634: Used 1 time : Accepted (181 < 220) uniquify 0 
 DSP resource Status: p_0_out_42 0 5754 3101: Used 1 time : Accepted (53 < 220) uniquify 0 
 DSP resource Status: p_0_out_42 1 5754 2653: Used 1 time : Accepted (54 < 220) uniquify 0 
 DSP resource Status: p_0_out_41 0 5119 2634: Used 1 time : Accepted (179 < 220) uniquify 0 
 DSP resource Status: p_0_out_40 0 5754 3101: Used 1 time : Accepted (51 < 220) uniquify 0 
 DSP resource Status: p_0_out_40 1 5754 2653: Used 1 time : Accepted (52 < 220) uniquify 0 
 DSP resource Status: p_0_out_3f 0 5119 2634: Used 1 time : Accepted (177 < 220) uniquify 0 
 DSP resource Status: p_0_out_3e 0 5754 3101: Used 1 time : Accepted (49 < 220) uniquify 0 
 DSP resource Status: p_0_out_3e 1 5754 2653: Used 1 time : Accepted (50 < 220) uniquify 0 
 DSP resource Status: p_0_out_3d 0 5119 2634: Used 1 time : Accepted (175 < 220) uniquify 0 
 DSP resource Status: p_0_out_3c 0 5754 3101: Used 1 time : Accepted (47 < 220) uniquify 0 
 DSP resource Status: p_0_out_3c 1 5754 2653: Used 1 time : Accepted (48 < 220) uniquify 0 
 DSP resource Status: p_0_out_3b 0 5119 2634: Used 1 time : Accepted (173 < 220) uniquify 0 
 DSP resource Status: p_0_out_3a 0 5754 3101: Used 1 time : Accepted (45 < 220) uniquify 0 
 DSP resource Status: p_0_out_3a 1 5754 2653: Used 1 time : Accepted (46 < 220) uniquify 0 
 DSP resource Status: p_0_out_39 0 5119 2634: Used 1 time : Accepted (171 < 220) uniquify 0 
 DSP resource Status: p_0_out_38 0 5754 3101: Used 1 time : Accepted (43 < 220) uniquify 0 
 DSP resource Status: p_0_out_38 1 5754 2653: Used 1 time : Accepted (44 < 220) uniquify 0 
 DSP resource Status: p_0_out_37 0 5119 2634: Used 1 time : Accepted (169 < 220) uniquify 0 
 DSP resource Status: p_0_out_36 0 5754 3101: Used 1 time : Accepted (41 < 220) uniquify 0 
 DSP resource Status: p_0_out_36 1 5754 2653: Used 1 time : Accepted (42 < 220) uniquify 0 
 DSP resource Status: p_0_out_35 0 5119 2634: Used 1 time : Accepted (167 < 220) uniquify 0 
 DSP resource Status: p_0_out_34 0 5754 3101: Used 1 time : Accepted (39 < 220) uniquify 0 
 DSP resource Status: p_0_out_34 1 5754 2653: Used 1 time : Accepted (40 < 220) uniquify 0 
 DSP resource Status: p_0_out_33 0 5119 2634: Used 1 time : Accepted (165 < 220) uniquify 0 
 DSP resource Status: p_0_out_32 0 5754 3101: Used 1 time : Accepted (37 < 220) uniquify 0 
 DSP resource Status: p_0_out_32 1 5754 2653: Used 1 time : Accepted (38 < 220) uniquify 0 
 DSP resource Status: p_0_out_31 0 5119 2634: Used 1 time : Accepted (163 < 220) uniquify 0 
 DSP resource Status: p_0_out_30 0 5754 3101: Used 1 time : Accepted (35 < 220) uniquify 0 
 DSP resource Status: p_0_out_30 1 5754 2653: Used 1 time : Accepted (36 < 220) uniquify 0 
 DSP resource Status: p_0_out_2f 0 5119 2634: Used 1 time : Accepted (159 < 220) uniquify 0 
 DSP resource Status: p_0_out_2e 0 5754 3101: Used 1 time : Accepted (33 < 220) uniquify 0 
 DSP resource Status: p_0_out_2e 1 5754 2653: Used 1 time : Accepted (34 < 220) uniquify 0 
 DSP resource Status: p_0_out_2d 0 5119 2634: Used 1 time : Accepted (157 < 220) uniquify 0 
 DSP resource Status: p_0_out_2c 0 5754 3101: Used 1 time : Accepted (31 < 220) uniquify 0 
 DSP resource Status: p_0_out_2c 1 5754 2653: Used 1 time : Accepted (32 < 220) uniquify 0 
 DSP resource Status: p_0_out_2b 0 5119 2634: Used 1 time : Accepted (155 < 220) uniquify 0 
 DSP resource Status: p_0_out_2a 0 5754 3101: Used 1 time : Accepted (29 < 220) uniquify 0 
 DSP resource Status: p_0_out_2a 1 5754 2653: Used 1 time : Accepted (30 < 220) uniquify 0 
 DSP resource Status: p_0_out_29 0 5119 2634: Used 1 time : Accepted (153 < 220) uniquify 0 
 DSP resource Status: p_0_out_28 0 5754 3101: Used 1 time : Accepted (27 < 220) uniquify 0 
 DSP resource Status: p_0_out_28 1 5754 2653: Used 1 time : Accepted (28 < 220) uniquify 0 
 DSP resource Status: p_0_out_27 0 5119 2634: Used 1 time : Accepted (151 < 220) uniquify 0 
 DSP resource Status: p_0_out_26 0 5754 3101: Used 1 time : Accepted (25 < 220) uniquify 0 
 DSP resource Status: p_0_out_26 1 5754 2653: Used 1 time : Accepted (26 < 220) uniquify 0 
 DSP resource Status: p_0_out_25 0 5119 2634: Used 1 time : Accepted (149 < 220) uniquify 0 
 DSP resource Status: p_0_out_24 0 5754 3101: Used 1 time : Accepted (23 < 220) uniquify 0 
 DSP resource Status: p_0_out_24 1 5754 2653: Used 1 time : Accepted (24 < 220) uniquify 0 
 DSP resource Status: p_0_out_23 0 5119 2634: Used 1 time : Accepted (147 < 220) uniquify 0 
 DSP resource Status: p_0_out_22 0 5754 3101: Used 1 time : Accepted (21 < 220) uniquify 0 
 DSP resource Status: p_0_out_22 1 5754 2653: Used 1 time : Accepted (22 < 220) uniquify 0 
 DSP resource Status: p_0_out_21 0 5119 2634: Used 1 time : Accepted (145 < 220) uniquify 0 
 DSP resource Status: p_0_out_20 0 5754 3101: Used 1 time : Accepted (19 < 220) uniquify 0 
 DSP resource Status: p_0_out_20 1 5754 2653: Used 1 time : Accepted (20 < 220) uniquify 0 
 DSP resource Status: p_0_out_1f 0 5119 2634: Used 1 time : Accepted (143 < 220) uniquify 0 
 DSP resource Status: p_0_out_1e 0 5754 3101: Used 1 time : Accepted (17 < 220) uniquify 0 
 DSP resource Status: p_0_out_1e 1 5754 2653: Used 1 time : Accepted (18 < 220) uniquify 0 
 DSP resource Status: p_0_out_1d 0 5119 2634: Used 1 time : Accepted (141 < 220) uniquify 0 
 DSP resource Status: p_0_out_1c 0 5754 3101: Used 1 time : Accepted (15 < 220) uniquify 0 
 DSP resource Status: p_0_out_1c 1 5754 2653: Used 1 time : Accepted (16 < 220) uniquify 0 
 DSP resource Status: p_0_out_1b 0 5119 2634: Used 1 time : Accepted (139 < 220) uniquify 0 
 DSP resource Status: p_0_out_1a 0 5754 3101: Used 1 time : Accepted (13 < 220) uniquify 0 
 DSP resource Status: p_0_out_1a 1 5754 2653: Used 1 time : Accepted (14 < 220) uniquify 0 
 DSP resource Status: p_0_out_19 0 5119 2634: Used 1 time : Accepted (137 < 220) uniquify 0 
 DSP resource Status: p_0_out_18 0 5754 3101: Used 1 time : Accepted (11 < 220) uniquify 0 
 DSP resource Status: p_0_out_18 1 5754 2653: Used 1 time : Accepted (12 < 220) uniquify 0 
 DSP resource Status: p_0_out_17 0 5119 2634: Used 1 time : Accepted (135 < 220) uniquify 0 
 DSP resource Status: p_0_out_16 0 5754 3101: Used 1 time : Accepted (9 < 220) uniquify 0 
 DSP resource Status: p_0_out_16 1 5754 2653: Used 1 time : Accepted (10 < 220) uniquify 0 
 DSP resource Status: p_0_out_15 0 5119 2634: Used 1 time : Accepted (133 < 220) uniquify 0 
 DSP resource Status: p_0_out_14 0 5754 3101: Used 1 time : Accepted (7 < 220) uniquify 0 
 DSP resource Status: p_0_out_14 1 5754 2653: Used 1 time : Accepted (8 < 220) uniquify 0 
 DSP resource Status: p_0_out_13 0 5119 2634: Used 1 time : Accepted (131 < 220) uniquify 0 
 DSP resource Status: p_0_out_12 0 5754 3101: Used 1 time : Accepted (5 < 220) uniquify 0 
 DSP resource Status: p_0_out_12 1 5754 2653: Used 1 time : Accepted (6 < 220) uniquify 0 
 DSP resource Status: p_0_out_11 0 5119 2634: Used 1 time : Accepted (129 < 220) uniquify 0 
 DSP resource Status: p_0_out_10 0 5754 3101: Used 1 time : Accepted (3 < 220) uniquify 0 
 DSP resource Status: p_0_out_10 1 5754 2653: Used 1 time : Accepted (4 < 220) uniquify 0 
 DSP resource Status: p_0_out_f 0 5119 2634: Used 1 time : Rejected (255 > 220) uniquify 0 
 DSP resource Status: p_0_out_e 0 5754 3101: Used 1 time : Accepted (127 < 220) uniquify 0 
 DSP resource Status: p_0_out_e 1 5754 2653: Used 1 time : Accepted (128 < 220) uniquify 0 
 DSP resource Status: p_0_out_d 0 5119 2634: Used 1 time : Rejected (253 > 220) uniquify 0 
 DSP resource Status: p_0_out_c 0 5754 3101: Used 1 time : Accepted (125 < 220) uniquify 0 
 DSP resource Status: p_0_out_c 1 5754 2653: Used 1 time : Accepted (126 < 220) uniquify 0 
 DSP resource Status: p_0_out_b 0 5119 2634: Used 1 time : Rejected (251 > 220) uniquify 0 
 DSP resource Status: p_0_out_a 0 5754 3101: Used 1 time : Accepted (123 < 220) uniquify 0 
 DSP resource Status: p_0_out_a 1 5754 2653: Used 1 time : Accepted (124 < 220) uniquify 0 
 DSP resource Status: p_0_out_9 0 5119 2634: Used 1 time : Rejected (249 > 220) uniquify 0 
 DSP resource Status: p_0_out_8 0 5754 3101: Used 1 time : Accepted (117 < 220) uniquify 0 
 DSP resource Status: p_0_out_8 1 5754 2653: Used 1 time : Accepted (118 < 220) uniquify 0 
 DSP resource Status: p_0_out_7 0 5119 2634: Used 1 time : Rejected (227 > 220) uniquify 0 
 DSP resource Status: p_0_out_6 0 5754 3101: Used 1 time : Accepted (83 < 220) uniquify 0 
 DSP resource Status: p_0_out_6 1 5754 2653: Used 1 time : Accepted (84 < 220) uniquify 0 
 DSP resource Status: p_0_out_3 0 5119 2634: Used 1 time : Accepted (161 < 220) uniquify 0 
 DSP resource Status: p_0_out_0 0 5754 3101: Used 1 time : Accepted (1 < 220) uniquify 0 
 DSP resource Status: p_0_out_0 1 5754 2653: Used 1 time : Accepted (2 < 220) uniquify 0 
DSP Report: Generating DSP p_0_out, operation Mode is (post resource management): A*B.
DSP Report: operator p_0_out is absorbed into DSP p_0_out.
DSP Report: operator p_0_out is absorbed into DSP p_0_out.
DSP Report: Generating DSP p_0_out, operation Mode is (post resource management): (PCIN>>17)+A*B.
DSP Report: operator p_0_out is absorbed into DSP p_0_out.
DSP Report: operator p_0_out is absorbed into DSP p_0_out.
DSP Report: Generating DSP p_0_out, operation Mode is (post resource management): A*B.
DSP Report: operator p_0_out is absorbed into DSP p_0_out.
DSP Report: operator p_0_out is absorbed into DSP p_0_out.
DSP Report: Generating DSP p_0_out, operation Mode is (post resource management): (PCIN>>17)+A*B.
DSP Report: operator p_0_out is absorbed into DSP p_0_out.
DSP Report: operator p_0_out is absorbed into DSP p_0_out.
DSP Report: Generating DSP p_0_out, operation Mode is (post resource management): A*B.
DSP Report: operator p_0_out is absorbed into DSP p_0_out.
DSP Report: operator p_0_out is absorbed into DSP p_0_out.
DSP Report: Generating DSP p_0_out, operation Mode is (post resource management): (PCIN>>17)+A*B.
DSP Report: operator p_0_out is absorbed into DSP p_0_out.
DSP Report: operator p_0_out is absorbed into DSP p_0_out.
DSP Report: Generating DSP p_0_out, operation Mode is (post resource management): A*B.
DSP Report: operator p_0_out is absorbed into DSP p_0_out.
DSP Report: operator p_0_out is absorbed into DSP p_0_out.
DSP Report: Generating DSP p_0_out, operation Mode is (post resource management): (PCIN>>17)+A*B.
DSP Report: operator p_0_out is absorbed into DSP p_0_out.
DSP Report: operator p_0_out is absorbed into DSP p_0_out.
DSP Report: Generating DSP p_0_out, operation Mode is (post resource management): A*B.
DSP Report: operator p_0_out is absorbed into DSP p_0_out.
DSP Report: operator p_0_out is absorbed into DSP p_0_out.
DSP Report: Generating DSP p_0_out, operation Mode is (post resource management): (PCIN>>17)+A*B.
DSP Report: operator p_0_out is absorbed into DSP p_0_out.
DSP Report: operator p_0_out is absorbed into DSP p_0_out.
DSP Report: Generating DSP p_0_out, operation Mode is (post resource management): A*B.
DSP Report: operator p_0_out is absorbed into DSP p_0_out.
DSP Report: operator p_0_out is absorbed into DSP p_0_out.
DSP Report: Generating DSP p_0_out, operation Mode is (post resource management): (PCIN>>17)+A*B.
DSP Report: operator p_0_out is absorbed into DSP p_0_out.
DSP Report: operator p_0_out is absorbed into DSP p_0_out.
DSP Report: Generating DSP p_0_out, operation Mode is (post resource management): A*B.
DSP Report: operator p_0_out is absorbed into DSP p_0_out.
DSP Report: operator p_0_out is absorbed into DSP p_0_out.
DSP Report: Generating DSP p_0_out, operation Mode is (post resource management): (PCIN>>17)+A*B.
DSP Report: operator p_0_out is absorbed into DSP p_0_out.
DSP Report: operator p_0_out is absorbed into DSP p_0_out.
DSP Report: Generating DSP p_0_out, operation Mode is (post resource management): A*B.
DSP Report: operator p_0_out is absorbed into DSP p_0_out.
DSP Report: operator p_0_out is absorbed into DSP p_0_out.
DSP Report: Generating DSP p_0_out, operation Mode is (post resource management): (PCIN>>17)+A*B.
DSP Report: operator p_0_out is absorbed into DSP p_0_out.
DSP Report: operator p_0_out is absorbed into DSP p_0_out.
DSP Report: Generating DSP p_0_out, operation Mode is (post resource management): A*B.
DSP Report: operator p_0_out is absorbed into DSP p_0_out.
DSP Report: operator p_0_out is absorbed into DSP p_0_out.
DSP Report: Generating DSP p_0_out, operation Mode is (post resource management): (PCIN>>17)+A*B.
DSP Report: operator p_0_out is absorbed into DSP p_0_out.
DSP Report: operator p_0_out is absorbed into DSP p_0_out.
DSP Report: Generating DSP p_0_out, operation Mode is (post resource management): A*B.
DSP Report: operator p_0_out is absorbed into DSP p_0_out.
DSP Report: operator p_0_out is absorbed into DSP p_0_out.
DSP Report: Generating DSP p_0_out, operation Mode is (post resource management): (PCIN>>17)+A*B.
DSP Report: operator p_0_out is absorbed into DSP p_0_out.
DSP Report: operator p_0_out is absorbed into DSP p_0_out.
DSP Report: Generating DSP p_0_out, operation Mode is (post resource management): A*B.
DSP Report: operator p_0_out is absorbed into DSP p_0_out.
DSP Report: operator p_0_out is absorbed into DSP p_0_out.
DSP Report: Generating DSP p_0_out, operation Mode is (post resource management): (PCIN>>17)+A*B.
DSP Report: operator p_0_out is absorbed into DSP p_0_out.
DSP Report: operator p_0_out is absorbed into DSP p_0_out.
DSP Report: Generating DSP p_0_out, operation Mode is (post resource management): A*B.
DSP Report: operator p_0_out is absorbed into DSP p_0_out.
DSP Report: operator p_0_out is absorbed into DSP p_0_out.
DSP Report: Generating DSP p_0_out, operation Mode is (post resource management): (PCIN>>17)+A*B.
DSP Report: operator p_0_out is absorbed into DSP p_0_out.
DSP Report: operator p_0_out is absorbed into DSP p_0_out.
DSP Report: Generating DSP p_0_out, operation Mode is (post resource management): A*B.
DSP Report: operator p_0_out is absorbed into DSP p_0_out.
DSP Report: operator p_0_out is absorbed into DSP p_0_out.
DSP Report: Generating DSP p_0_out, operation Mode is (post resource management): (PCIN>>17)+A*B.
DSP Report: operator p_0_out is absorbed into DSP p_0_out.
DSP Report: operator p_0_out is absorbed into DSP p_0_out.
DSP Report: Generating DSP p_0_out, operation Mode is (post resource management): A*B.
DSP Report: operator p_0_out is absorbed into DSP p_0_out.
DSP Report: operator p_0_out is absorbed into DSP p_0_out.
DSP Report: Generating DSP p_0_out, operation Mode is (post resource management): A*B.
DSP Report: operator p_0_out is absorbed into DSP p_0_out.
DSP Report: operator p_0_out is absorbed into DSP p_0_out.
DSP Report: Generating DSP p_0_out, operation Mode is (post resource management): (PCIN>>17)+A*B.
DSP Report: operator p_0_out is absorbed into DSP p_0_out.
DSP Report: operator p_0_out is absorbed into DSP p_0_out.
DSP Report: Generating DSP p_0_out, operation Mode is (post resource management): A*B.
DSP Report: operator p_0_out is absorbed into DSP p_0_out.
DSP Report: operator p_0_out is absorbed into DSP p_0_out.
DSP Report: Generating DSP p_0_out, operation Mode is (post resource management): A*B.
DSP Report: operator p_0_out is absorbed into DSP p_0_out.
DSP Report: operator p_0_out is absorbed into DSP p_0_out.
DSP Report: Generating DSP p_0_out, operation Mode is (post resource management): (PCIN>>17)+A*B.
DSP Report: operator p_0_out is absorbed into DSP p_0_out.
DSP Report: operator p_0_out is absorbed into DSP p_0_out.
DSP Report: Generating DSP p_0_out, operation Mode is (post resource management): A*B.
DSP Report: operator p_0_out is absorbed into DSP p_0_out.
DSP Report: operator p_0_out is absorbed into DSP p_0_out.
DSP Report: Generating DSP p_0_out, operation Mode is (post resource management): A*B.
DSP Report: operator p_0_out is absorbed into DSP p_0_out.
DSP Report: operator p_0_out is absorbed into DSP p_0_out.
DSP Report: Generating DSP p_0_out, operation Mode is (post resource management): (PCIN>>17)+A*B.
DSP Report: operator p_0_out is absorbed into DSP p_0_out.
DSP Report: operator p_0_out is absorbed into DSP p_0_out.
DSP Report: Generating DSP p_0_out, operation Mode is (post resource management): A*B.
DSP Report: operator p_0_out is absorbed into DSP p_0_out.
DSP Report: operator p_0_out is absorbed into DSP p_0_out.
DSP Report: Generating DSP p_0_out, operation Mode is (post resource management): A*B.
DSP Report: operator p_0_out is absorbed into DSP p_0_out.
DSP Report: operator p_0_out is absorbed into DSP p_0_out.
DSP Report: Generating DSP p_0_out, operation Mode is (post resource management): (PCIN>>17)+A*B.
DSP Report: operator p_0_out is absorbed into DSP p_0_out.
DSP Report: operator p_0_out is absorbed into DSP p_0_out.
DSP Report: Generating DSP p_0_out, operation Mode is (post resource management): A*B.
DSP Report: operator p_0_out is absorbed into DSP p_0_out.
DSP Report: operator p_0_out is absorbed into DSP p_0_out.
DSP Report: Generating DSP p_0_out, operation Mode is (post resource management): A*B.
DSP Report: operator p_0_out is absorbed into DSP p_0_out.
DSP Report: operator p_0_out is absorbed into DSP p_0_out.
DSP Report: Generating DSP p_0_out, operation Mode is (post resource management): (PCIN>>17)+A*B.
DSP Report: operator p_0_out is absorbed into DSP p_0_out.
DSP Report: operator p_0_out is absorbed into DSP p_0_out.
DSP Report: Generating DSP p_0_out, operation Mode is (post resource management): A*B.
DSP Report: operator p_0_out is absorbed into DSP p_0_out.
DSP Report: operator p_0_out is absorbed into DSP p_0_out.
DSP Report: Generating DSP p_0_out, operation Mode is (post resource management): A*B.
DSP Report: operator p_0_out is absorbed into DSP p_0_out.
DSP Report: operator p_0_out is absorbed into DSP p_0_out.
DSP Report: Generating DSP p_0_out, operation Mode is (post resource management): (PCIN>>17)+A*B.
DSP Report: operator p_0_out is absorbed into DSP p_0_out.
DSP Report: operator p_0_out is absorbed into DSP p_0_out.
DSP Report: Generating DSP p_0_out, operation Mode is (post resource management): A*B.
DSP Report: operator p_0_out is absorbed into DSP p_0_out.
DSP Report: operator p_0_out is absorbed into DSP p_0_out.
DSP Report: Generating DSP p_0_out, operation Mode is (post resource management): A*B.
DSP Report: operator p_0_out is absorbed into DSP p_0_out.
DSP Report: operator p_0_out is absorbed into DSP p_0_out.
DSP Report: Generating DSP p_0_out, operation Mode is (post resource management): (PCIN>>17)+A*B.
DSP Report: operator p_0_out is absorbed into DSP p_0_out.
DSP Report: operator p_0_out is absorbed into DSP p_0_out.
DSP Report: Generating DSP p_0_out, operation Mode is (post resource management): A*B.
DSP Report: operator p_0_out is absorbed into DSP p_0_out.
DSP Report: operator p_0_out is absorbed into DSP p_0_out.
DSP Report: Generating DSP p_0_out, operation Mode is (post resource management): A*B.
DSP Report: operator p_0_out is absorbed into DSP p_0_out.
DSP Report: operator p_0_out is absorbed into DSP p_0_out.
DSP Report: Generating DSP p_0_out, operation Mode is (post resource management): (PCIN>>17)+A*B.
DSP Report: operator p_0_out is absorbed into DSP p_0_out.
DSP Report: operator p_0_out is absorbed into DSP p_0_out.
DSP Report: Generating DSP p_0_out, operation Mode is (post resource management): A*B.
DSP Report: operator p_0_out is absorbed into DSP p_0_out.
DSP Report: operator p_0_out is absorbed into DSP p_0_out.
DSP Report: Generating DSP p_0_out, operation Mode is (post resource management): A*B.
DSP Report: operator p_0_out is absorbed into DSP p_0_out.
DSP Report: operator p_0_out is absorbed into DSP p_0_out.
DSP Report: Generating DSP p_0_out, operation Mode is (post resource management): (PCIN>>17)+A*B.
DSP Report: operator p_0_out is absorbed into DSP p_0_out.
DSP Report: operator p_0_out is absorbed into DSP p_0_out.
DSP Report: Generating DSP p_0_out, operation Mode is (post resource management): A*B.
DSP Report: operator p_0_out is absorbed into DSP p_0_out.
DSP Report: operator p_0_out is absorbed into DSP p_0_out.
DSP Report: Generating DSP p_0_out, operation Mode is (post resource management): A*B.
DSP Report: operator p_0_out is absorbed into DSP p_0_out.
DSP Report: operator p_0_out is absorbed into DSP p_0_out.
DSP Report: Generating DSP p_0_out, operation Mode is (post resource management): (PCIN>>17)+A*B.
DSP Report: operator p_0_out is absorbed into DSP p_0_out.
DSP Report: operator p_0_out is absorbed into DSP p_0_out.
DSP Report: Generating DSP p_0_out, operation Mode is (post resource management): A*B.
DSP Report: operator p_0_out is absorbed into DSP p_0_out.
DSP Report: operator p_0_out is absorbed into DSP p_0_out.
DSP Report: Generating DSP p_0_out, operation Mode is (post resource management): A*B.
DSP Report: operator p_0_out is absorbed into DSP p_0_out.
DSP Report: operator p_0_out is absorbed into DSP p_0_out.
DSP Report: Generating DSP p_0_out, operation Mode is (post resource management): (PCIN>>17)+A*B.
DSP Report: operator p_0_out is absorbed into DSP p_0_out.
DSP Report: operator p_0_out is absorbed into DSP p_0_out.
DSP Report: Generating DSP p_0_out, operation Mode is (post resource management): A*B.
DSP Report: operator p_0_out is absorbed into DSP p_0_out.
DSP Report: operator p_0_out is absorbed into DSP p_0_out.
DSP Report: Generating DSP p_0_out, operation Mode is (post resource management): A*B.
DSP Report: operator p_0_out is absorbed into DSP p_0_out.
DSP Report: operator p_0_out is absorbed into DSP p_0_out.
DSP Report: Generating DSP p_0_out, operation Mode is (post resource management): (PCIN>>17)+A*B.
DSP Report: operator p_0_out is absorbed into DSP p_0_out.
DSP Report: operator p_0_out is absorbed into DSP p_0_out.
DSP Report: Generating DSP p_0_out, operation Mode is (post resource management): A*B.
DSP Report: operator p_0_out is absorbed into DSP p_0_out.
DSP Report: operator p_0_out is absorbed into DSP p_0_out.
DSP Report: Generating DSP p_0_out, operation Mode is (post resource management): A*B.
DSP Report: operator p_0_out is absorbed into DSP p_0_out.
DSP Report: operator p_0_out is absorbed into DSP p_0_out.
DSP Report: Generating DSP p_0_out, operation Mode is (post resource management): (PCIN>>17)+A*B.
DSP Report: operator p_0_out is absorbed into DSP p_0_out.
DSP Report: operator p_0_out is absorbed into DSP p_0_out.
DSP Report: Generating DSP p_0_out, operation Mode is (post resource management): A*B.
DSP Report: operator p_0_out is absorbed into DSP p_0_out.
DSP Report: operator p_0_out is absorbed into DSP p_0_out.
DSP Report: Generating DSP p_0_out, operation Mode is (post resource management): A*B.
DSP Report: operator p_0_out is absorbed into DSP p_0_out.
DSP Report: operator p_0_out is absorbed into DSP p_0_out.
DSP Report: Generating DSP p_0_out, operation Mode is (post resource management): (PCIN>>17)+A*B.
DSP Report: operator p_0_out is absorbed into DSP p_0_out.
DSP Report: operator p_0_out is absorbed into DSP p_0_out.
DSP Report: Generating DSP p_0_out, operation Mode is (post resource management): A*B.
DSP Report: operator p_0_out is absorbed into DSP p_0_out.
DSP Report: operator p_0_out is absorbed into DSP p_0_out.
DSP Report: Generating DSP p_0_out, operation Mode is (post resource management): A*B.
DSP Report: operator p_0_out is absorbed into DSP p_0_out.
DSP Report: operator p_0_out is absorbed into DSP p_0_out.
DSP Report: Generating DSP p_0_out, operation Mode is (post resource management): (PCIN>>17)+A*B.
DSP Report: operator p_0_out is absorbed into DSP p_0_out.
DSP Report: operator p_0_out is absorbed into DSP p_0_out.
DSP Report: Generating DSP p_0_out, operation Mode is (post resource management): A*B.
DSP Report: operator p_0_out is absorbed into DSP p_0_out.
DSP Report: operator p_0_out is absorbed into DSP p_0_out.
DSP Report: Generating DSP p_0_out, operation Mode is (post resource management): A*B.
DSP Report: operator p_0_out is absorbed into DSP p_0_out.
DSP Report: operator p_0_out is absorbed into DSP p_0_out.
DSP Report: Generating DSP p_0_out, operation Mode is (post resource management): (PCIN>>17)+A*B.
DSP Report: operator p_0_out is absorbed into DSP p_0_out.
DSP Report: operator p_0_out is absorbed into DSP p_0_out.
DSP Report: Generating DSP p_0_out, operation Mode is (post resource management): A*B.
DSP Report: operator p_0_out is absorbed into DSP p_0_out.
DSP Report: operator p_0_out is absorbed into DSP p_0_out.
DSP Report: Generating DSP p_0_out, operation Mode is (post resource management): A*B.
DSP Report: operator p_0_out is absorbed into DSP p_0_out.
DSP Report: operator p_0_out is absorbed into DSP p_0_out.
DSP Report: Generating DSP p_0_out, operation Mode is (post resource management): (PCIN>>17)+A*B.
DSP Report: operator p_0_out is absorbed into DSP p_0_out.
DSP Report: operator p_0_out is absorbed into DSP p_0_out.
DSP Report: Generating DSP p_0_out, operation Mode is (post resource management): A*B.
DSP Report: operator p_0_out is absorbed into DSP p_0_out.
DSP Report: operator p_0_out is absorbed into DSP p_0_out.
DSP Report: Generating DSP p_0_out, operation Mode is (post resource management): A*B.
DSP Report: operator p_0_out is absorbed into DSP p_0_out.
DSP Report: operator p_0_out is absorbed into DSP p_0_out.
DSP Report: Generating DSP p_0_out, operation Mode is (post resource management): (PCIN>>17)+A*B.
DSP Report: operator p_0_out is absorbed into DSP p_0_out.
DSP Report: operator p_0_out is absorbed into DSP p_0_out.
DSP Report: Generating DSP p_0_out, operation Mode is (post resource management): A*B.
DSP Report: operator p_0_out is absorbed into DSP p_0_out.
DSP Report: operator p_0_out is absorbed into DSP p_0_out.
DSP Report: Generating DSP p_0_out, operation Mode is (post resource management): A*B.
DSP Report: operator p_0_out is absorbed into DSP p_0_out.
DSP Report: operator p_0_out is absorbed into DSP p_0_out.
DSP Report: Generating DSP p_0_out, operation Mode is (post resource management): (PCIN>>17)+A*B.
DSP Report: operator p_0_out is absorbed into DSP p_0_out.
DSP Report: operator p_0_out is absorbed into DSP p_0_out.
DSP Report: Generating DSP p_0_out, operation Mode is (post resource management): A*B.
DSP Report: operator p_0_out is absorbed into DSP p_0_out.
DSP Report: operator p_0_out is absorbed into DSP p_0_out.
DSP Report: Generating DSP p_0_out, operation Mode is (post resource management): A*B.
DSP Report: operator p_0_out is absorbed into DSP p_0_out.
DSP Report: operator p_0_out is absorbed into DSP p_0_out.
DSP Report: Generating DSP p_0_out, operation Mode is (post resource management): (PCIN>>17)+A*B.
DSP Report: operator p_0_out is absorbed into DSP p_0_out.
DSP Report: operator p_0_out is absorbed into DSP p_0_out.
DSP Report: Generating DSP p_0_out, operation Mode is (post resource management): A*B.
DSP Report: operator p_0_out is absorbed into DSP p_0_out.
DSP Report: operator p_0_out is absorbed into DSP p_0_out.
DSP Report: Generating DSP p_0_out, operation Mode is (post resource management): A*B.
DSP Report: operator p_0_out is absorbed into DSP p_0_out.
DSP Report: operator p_0_out is absorbed into DSP p_0_out.
DSP Report: Generating DSP p_0_out, operation Mode is (post resource management): (PCIN>>17)+A*B.
DSP Report: operator p_0_out is absorbed into DSP p_0_out.
DSP Report: operator p_0_out is absorbed into DSP p_0_out.
DSP Report: Generating DSP p_0_out, operation Mode is (post resource management): A*B.
DSP Report: operator p_0_out is absorbed into DSP p_0_out.
DSP Report: operator p_0_out is absorbed into DSP p_0_out.
DSP Report: Generating DSP p_0_out, operation Mode is (post resource management): A*B.
DSP Report: operator p_0_out is absorbed into DSP p_0_out.
DSP Report: operator p_0_out is absorbed into DSP p_0_out.
DSP Report: Generating DSP p_0_out, operation Mode is (post resource management): (PCIN>>17)+A*B.
DSP Report: operator p_0_out is absorbed into DSP p_0_out.
DSP Report: operator p_0_out is absorbed into DSP p_0_out.
DSP Report: Generating DSP p_0_out, operation Mode is (post resource management): A*B.
DSP Report: operator p_0_out is absorbed into DSP p_0_out.
DSP Report: operator p_0_out is absorbed into DSP p_0_out.
DSP Report: Generating DSP p_0_out, operation Mode is (post resource management): A*B.
DSP Report: operator p_0_out is absorbed into DSP p_0_out.
DSP Report: operator p_0_out is absorbed into DSP p_0_out.
DSP Report: Generating DSP p_0_out, operation Mode is (post resource management): (PCIN>>17)+A*B.
DSP Report: operator p_0_out is absorbed into DSP p_0_out.
DSP Report: operator p_0_out is absorbed into DSP p_0_out.
DSP Report: Generating DSP p_0_out, operation Mode is (post resource management): A*B.
DSP Report: operator p_0_out is absorbed into DSP p_0_out.
DSP Report: operator p_0_out is absorbed into DSP p_0_out.
DSP Report: Generating DSP p_0_out, operation Mode is (post resource management): A*B.
DSP Report: operator p_0_out is absorbed into DSP p_0_out.
DSP Report: operator p_0_out is absorbed into DSP p_0_out.
DSP Report: Generating DSP p_0_out, operation Mode is (post resource management): (PCIN>>17)+A*B.
DSP Report: operator p_0_out is absorbed into DSP p_0_out.
DSP Report: operator p_0_out is absorbed into DSP p_0_out.
DSP Report: Generating DSP p_0_out, operation Mode is (post resource management): A*B.
DSP Report: operator p_0_out is absorbed into DSP p_0_out.
DSP Report: operator p_0_out is absorbed into DSP p_0_out.
DSP Report: Generating DSP p_0_out, operation Mode is (post resource management): A*B.
DSP Report: operator p_0_out is absorbed into DSP p_0_out.
DSP Report: operator p_0_out is absorbed into DSP p_0_out.
DSP Report: Generating DSP p_0_out, operation Mode is (post resource management): (PCIN>>17)+A*B.
DSP Report: operator p_0_out is absorbed into DSP p_0_out.
DSP Report: operator p_0_out is absorbed into DSP p_0_out.
DSP Report: Generating DSP p_0_out, operation Mode is (post resource management): A*B.
DSP Report: operator p_0_out is absorbed into DSP p_0_out.
DSP Report: operator p_0_out is absorbed into DSP p_0_out.
DSP Report: Generating DSP p_0_out, operation Mode is (post resource management): A*B.
DSP Report: operator p_0_out is absorbed into DSP p_0_out.
DSP Report: operator p_0_out is absorbed into DSP p_0_out.
DSP Report: Generating DSP p_0_out, operation Mode is (post resource management): (PCIN>>17)+A*B.
DSP Report: operator p_0_out is absorbed into DSP p_0_out.
DSP Report: operator p_0_out is absorbed into DSP p_0_out.
DSP Report: Generating DSP p_0_out, operation Mode is (post resource management): A*B.
DSP Report: operator p_0_out is absorbed into DSP p_0_out.
DSP Report: operator p_0_out is absorbed into DSP p_0_out.
DSP Report: Generating DSP p_0_out, operation Mode is (post resource management): A*B.
DSP Report: operator p_0_out is absorbed into DSP p_0_out.
DSP Report: operator p_0_out is absorbed into DSP p_0_out.
DSP Report: Generating DSP p_0_out, operation Mode is (post resource management): (PCIN>>17)+A*B.
DSP Report: operator p_0_out is absorbed into DSP p_0_out.
DSP Report: operator p_0_out is absorbed into DSP p_0_out.
DSP Report: Generating DSP p_0_out, operation Mode is (post resource management): A*B.
DSP Report: operator p_0_out is absorbed into DSP p_0_out.
DSP Report: operator p_0_out is absorbed into DSP p_0_out.
DSP Report: Generating DSP p_0_out, operation Mode is (post resource management): A*B.
DSP Report: operator p_0_out is absorbed into DSP p_0_out.
DSP Report: operator p_0_out is absorbed into DSP p_0_out.
DSP Report: Generating DSP p_0_out, operation Mode is (post resource management): (PCIN>>17)+A*B.
DSP Report: operator p_0_out is absorbed into DSP p_0_out.
DSP Report: operator p_0_out is absorbed into DSP p_0_out.
DSP Report: Generating DSP p_0_out, operation Mode is (post resource management): A*B.
DSP Report: operator p_0_out is absorbed into DSP p_0_out.
DSP Report: operator p_0_out is absorbed into DSP p_0_out.
DSP Report: Generating DSP p_0_out, operation Mode is (post resource management): A*B.
DSP Report: operator p_0_out is absorbed into DSP p_0_out.
DSP Report: operator p_0_out is absorbed into DSP p_0_out.
DSP Report: Generating DSP p_0_out, operation Mode is (post resource management): (PCIN>>17)+A*B.
DSP Report: operator p_0_out is absorbed into DSP p_0_out.
DSP Report: operator p_0_out is absorbed into DSP p_0_out.
DSP Report: Generating DSP p_0_out, operation Mode is (post resource management): A*B.
DSP Report: operator p_0_out is absorbed into DSP p_0_out.
DSP Report: operator p_0_out is absorbed into DSP p_0_out.
DSP Report: Generating DSP p_0_out, operation Mode is (post resource management): A*B.
DSP Report: operator p_0_out is absorbed into DSP p_0_out.
DSP Report: operator p_0_out is absorbed into DSP p_0_out.
DSP Report: Generating DSP p_0_out, operation Mode is (post resource management): (PCIN>>17)+A*B.
DSP Report: operator p_0_out is absorbed into DSP p_0_out.
DSP Report: operator p_0_out is absorbed into DSP p_0_out.
DSP Report: Generating DSP p_0_out, operation Mode is (post resource management): A*B.
DSP Report: operator p_0_out is absorbed into DSP p_0_out.
DSP Report: operator p_0_out is absorbed into DSP p_0_out.
DSP Report: Generating DSP p_0_out, operation Mode is (post resource management): A*B.
DSP Report: operator p_0_out is absorbed into DSP p_0_out.
DSP Report: operator p_0_out is absorbed into DSP p_0_out.
DSP Report: Generating DSP p_0_out, operation Mode is (post resource management): (PCIN>>17)+A*B.
DSP Report: operator p_0_out is absorbed into DSP p_0_out.
DSP Report: operator p_0_out is absorbed into DSP p_0_out.
DSP Report: Generating DSP p_0_out, operation Mode is (post resource management): A*B.
DSP Report: operator p_0_out is absorbed into DSP p_0_out.
DSP Report: operator p_0_out is absorbed into DSP p_0_out.
DSP Report: Generating DSP p_0_out, operation Mode is (post resource management): A*B.
DSP Report: operator p_0_out is absorbed into DSP p_0_out.
DSP Report: operator p_0_out is absorbed into DSP p_0_out.
DSP Report: Generating DSP p_0_out, operation Mode is (post resource management): (PCIN>>17)+A*B.
DSP Report: operator p_0_out is absorbed into DSP p_0_out.
DSP Report: operator p_0_out is absorbed into DSP p_0_out.
DSP Report: Generating DSP p_0_out, operation Mode is (post resource management): A*B.
DSP Report: operator p_0_out is absorbed into DSP p_0_out.
DSP Report: operator p_0_out is absorbed into DSP p_0_out.
DSP Report: Generating DSP p_0_out, operation Mode is (post resource management): A*B.
DSP Report: operator p_0_out is absorbed into DSP p_0_out.
DSP Report: operator p_0_out is absorbed into DSP p_0_out.
DSP Report: Generating DSP p_0_out, operation Mode is (post resource management): (PCIN>>17)+A*B.
DSP Report: operator p_0_out is absorbed into DSP p_0_out.
DSP Report: operator p_0_out is absorbed into DSP p_0_out.
DSP Report: Generating DSP p_0_out, operation Mode is (post resource management): A*B.
DSP Report: operator p_0_out is absorbed into DSP p_0_out.
DSP Report: operator p_0_out is absorbed into DSP p_0_out.
DSP Report: Generating DSP p_0_out, operation Mode is (post resource management): A*B.
DSP Report: operator p_0_out is absorbed into DSP p_0_out.
DSP Report: operator p_0_out is absorbed into DSP p_0_out.
DSP Report: Generating DSP p_0_out, operation Mode is (post resource management): (PCIN>>17)+A*B.
DSP Report: operator p_0_out is absorbed into DSP p_0_out.
DSP Report: operator p_0_out is absorbed into DSP p_0_out.
DSP Report: Generating DSP p_0_out, operation Mode is (post resource management): A*B.
DSP Report: operator p_0_out is absorbed into DSP p_0_out.
DSP Report: operator p_0_out is absorbed into DSP p_0_out.
DSP Report: Generating DSP p_0_out, operation Mode is (post resource management): A*B.
DSP Report: operator p_0_out is absorbed into DSP p_0_out.
DSP Report: operator p_0_out is absorbed into DSP p_0_out.
DSP Report: Generating DSP p_0_out, operation Mode is (post resource management): (PCIN>>17)+A*B.
DSP Report: operator p_0_out is absorbed into DSP p_0_out.
DSP Report: operator p_0_out is absorbed into DSP p_0_out.
DSP Report: Generating DSP p_0_out, operation Mode is (post resource management): A*B.
DSP Report: operator p_0_out is absorbed into DSP p_0_out.
DSP Report: operator p_0_out is absorbed into DSP p_0_out.
DSP Report: Generating DSP p_0_out, operation Mode is (post resource management): A*B.
DSP Report: operator p_0_out is absorbed into DSP p_0_out.
DSP Report: operator p_0_out is absorbed into DSP p_0_out.
DSP Report: Generating DSP p_0_out, operation Mode is (post resource management): (PCIN>>17)+A*B.
DSP Report: operator p_0_out is absorbed into DSP p_0_out.
DSP Report: operator p_0_out is absorbed into DSP p_0_out.
DSP Report: Generating DSP p_0_out, operation Mode is (post resource management): A*B.
DSP Report: operator p_0_out is absorbed into DSP p_0_out.
DSP Report: operator p_0_out is absorbed into DSP p_0_out.
DSP Report: Generating DSP p_0_out, operation Mode is (post resource management): A*B.
DSP Report: operator p_0_out is absorbed into DSP p_0_out.
DSP Report: operator p_0_out is absorbed into DSP p_0_out.
DSP Report: Generating DSP p_0_out, operation Mode is (post resource management): (PCIN>>17)+A*B.
DSP Report: operator p_0_out is absorbed into DSP p_0_out.
DSP Report: operator p_0_out is absorbed into DSP p_0_out.
DSP Report: Generating DSP p_0_out, operation Mode is (post resource management): A*B.
DSP Report: operator p_0_out is absorbed into DSP p_0_out.
DSP Report: operator p_0_out is absorbed into DSP p_0_out.
DSP Report: Generating DSP p_0_out, operation Mode is (post resource management): A*B.
DSP Report: operator p_0_out is absorbed into DSP p_0_out.
DSP Report: operator p_0_out is absorbed into DSP p_0_out.
DSP Report: Generating DSP p_0_out, operation Mode is (post resource management): (PCIN>>17)+A*B.
DSP Report: operator p_0_out is absorbed into DSP p_0_out.
DSP Report: operator p_0_out is absorbed into DSP p_0_out.
DSP Report: Generating DSP p_0_out, operation Mode is (post resource management): A*B.
DSP Report: operator p_0_out is absorbed into DSP p_0_out.
DSP Report: operator p_0_out is absorbed into DSP p_0_out.
DSP Report: Generating DSP p_0_out, operation Mode is (post resource management): A*B.
DSP Report: operator p_0_out is absorbed into DSP p_0_out.
DSP Report: operator p_0_out is absorbed into DSP p_0_out.
DSP Report: Generating DSP p_0_out, operation Mode is (post resource management): (PCIN>>17)+A*B.
DSP Report: operator p_0_out is absorbed into DSP p_0_out.
DSP Report: operator p_0_out is absorbed into DSP p_0_out.
DSP Report: Generating DSP p_0_out, operation Mode is (post resource management): A*B.
DSP Report: operator p_0_out is absorbed into DSP p_0_out.
DSP Report: operator p_0_out is absorbed into DSP p_0_out.
DSP Report: Generating DSP p_0_out, operation Mode is (post resource management): A*B.
DSP Report: operator p_0_out is absorbed into DSP p_0_out.
DSP Report: operator p_0_out is absorbed into DSP p_0_out.
DSP Report: Generating DSP p_0_out, operation Mode is (post resource management): (PCIN>>17)+A*B.
DSP Report: operator p_0_out is absorbed into DSP p_0_out.
DSP Report: operator p_0_out is absorbed into DSP p_0_out.
DSP Report: Generating DSP p_0_out, operation Mode is (post resource management): A*B.
DSP Report: operator p_0_out is absorbed into DSP p_0_out.
DSP Report: operator p_0_out is absorbed into DSP p_0_out.
DSP Report: Generating DSP p_0_out, operation Mode is (post resource management): A*B.
DSP Report: operator p_0_out is absorbed into DSP p_0_out.
DSP Report: operator p_0_out is absorbed into DSP p_0_out.
DSP Report: Generating DSP p_0_out, operation Mode is (post resource management): (PCIN>>17)+A*B.
DSP Report: operator p_0_out is absorbed into DSP p_0_out.
DSP Report: operator p_0_out is absorbed into DSP p_0_out.
DSP Report: Generating DSP p_0_out, operation Mode is (post resource management): A*B.
DSP Report: operator p_0_out is absorbed into DSP p_0_out.
DSP Report: operator p_0_out is absorbed into DSP p_0_out.
DSP Report: Generating DSP p_0_out, operation Mode is (post resource management): A*B.
DSP Report: operator p_0_out is absorbed into DSP p_0_out.
DSP Report: operator p_0_out is absorbed into DSP p_0_out.
DSP Report: Generating DSP p_0_out, operation Mode is (post resource management): (PCIN>>17)+A*B.
DSP Report: operator p_0_out is absorbed into DSP p_0_out.
DSP Report: operator p_0_out is absorbed into DSP p_0_out.
DSP Report: Generating DSP p_0_out, operation Mode is (post resource management): A*B.
DSP Report: operator p_0_out is absorbed into DSP p_0_out.
DSP Report: operator p_0_out is absorbed into DSP p_0_out.
DSP Report: Generating DSP p_0_out, operation Mode is (post resource management): A*B.
DSP Report: operator p_0_out is absorbed into DSP p_0_out.
DSP Report: operator p_0_out is absorbed into DSP p_0_out.
DSP Report: Generating DSP p_0_out, operation Mode is (post resource management): (PCIN>>17)+A*B.
DSP Report: operator p_0_out is absorbed into DSP p_0_out.
DSP Report: operator p_0_out is absorbed into DSP p_0_out.
DSP Report: Generating DSP p_0_out, operation Mode is (post resource management): A*B.
DSP Report: operator p_0_out is absorbed into DSP p_0_out.
DSP Report: operator p_0_out is absorbed into DSP p_0_out.
DSP Report: Generating DSP p_0_out, operation Mode is (post resource management): A*B.
DSP Report: operator p_0_out is absorbed into DSP p_0_out.
DSP Report: operator p_0_out is absorbed into DSP p_0_out.
DSP Report: Generating DSP p_0_out, operation Mode is (post resource management): (PCIN>>17)+A*B.
DSP Report: operator p_0_out is absorbed into DSP p_0_out.
DSP Report: operator p_0_out is absorbed into DSP p_0_out.
DSP Report: Generating DSP p_0_out, operation Mode is (post resource management): A*B.
DSP Report: operator p_0_out is absorbed into DSP p_0_out.
DSP Report: operator p_0_out is absorbed into DSP p_0_out.
DSP Report: Generating DSP p_0_out, operation Mode is (post resource management): A*B.
DSP Report: operator p_0_out is absorbed into DSP p_0_out.
DSP Report: operator p_0_out is absorbed into DSP p_0_out.
DSP Report: Generating DSP p_0_out, operation Mode is (post resource management): (PCIN>>17)+A*B.
DSP Report: operator p_0_out is absorbed into DSP p_0_out.
DSP Report: operator p_0_out is absorbed into DSP p_0_out.
DSP Report: Generating DSP p_0_out, operation Mode is (post resource management): A*B.
DSP Report: operator p_0_out is absorbed into DSP p_0_out.
DSP Report: operator p_0_out is absorbed into DSP p_0_out.
DSP Report: Generating DSP p_0_out, operation Mode is (post resource management): (PCIN>>17)+A*B.
DSP Report: operator p_0_out is absorbed into DSP p_0_out.
DSP Report: operator p_0_out is absorbed into DSP p_0_out.
DSP Report: Generating DSP p_0_out, operation Mode is (post resource management): A*B.
DSP Report: operator p_0_out is absorbed into DSP p_0_out.
DSP Report: operator p_0_out is absorbed into DSP p_0_out.
DSP Report: Generating DSP p_0_out, operation Mode is (post resource management): (PCIN>>17)+A*B.
DSP Report: operator p_0_out is absorbed into DSP p_0_out.
DSP Report: operator p_0_out is absorbed into DSP p_0_out.
DSP Report: Generating DSP p_0_out, operation Mode is (post resource management): A*B.
DSP Report: operator p_0_out is absorbed into DSP p_0_out.
DSP Report: operator p_0_out is absorbed into DSP p_0_out.
DSP Report: Generating DSP p_0_out, operation Mode is (post resource management): (PCIN>>17)+A*B.
DSP Report: operator p_0_out is absorbed into DSP p_0_out.
DSP Report: operator p_0_out is absorbed into DSP p_0_out.
DSP Report: Generating DSP p_0_out, operation Mode is (post resource management): A*B.
DSP Report: operator p_0_out is absorbed into DSP p_0_out.
DSP Report: operator p_0_out is absorbed into DSP p_0_out.
DSP Report: Generating DSP p_0_out, operation Mode is (post resource management): (PCIN>>17)+A*B.
DSP Report: operator p_0_out is absorbed into DSP p_0_out.
DSP Report: operator p_0_out is absorbed into DSP p_0_out.
DSP Report: Generating DSP p_0_out, operation Mode is (post resource management): A*B.
DSP Report: operator p_0_out is absorbed into DSP p_0_out.
DSP Report: operator p_0_out is absorbed into DSP p_0_out.
DSP Report: Generating DSP p_0_out, operation Mode is (post resource management): (PCIN>>17)+A*B.
DSP Report: operator p_0_out is absorbed into DSP p_0_out.
DSP Report: operator p_0_out is absorbed into DSP p_0_out.
DSP Report: Generating DSP p_0_out, operation Mode is (post resource management): A*B.
DSP Report: operator p_0_out is absorbed into DSP p_0_out.
DSP Report: operator p_0_out is absorbed into DSP p_0_out.
DSP Report: Generating DSP p_0_out, operation Mode is (post resource management): A*B.
DSP Report: operator p_0_out is absorbed into DSP p_0_out.
DSP Report: operator p_0_out is absorbed into DSP p_0_out.
DSP Report: Generating DSP p_0_out, operation Mode is (post resource management): (PCIN>>17)+A*B.
DSP Report: operator p_0_out is absorbed into DSP p_0_out.
DSP Report: operator p_0_out is absorbed into DSP p_0_out.
---------------------------------------------------------------------------------
Start ROM, RAM, DSP, Shift Register and Retiming Reporting
---------------------------------------------------------------------------------

DSP: Preliminary Mapping Report (see note below. The ' indicates corresponding REG is set)
+----------------+----------------+--------+--------+--------+--------+--------+------+------+------+------+-------+------+------+
|Module Name     | DSP Mapping    | A Size | B Size | C Size | D Size | P Size | AREG | BREG | CREG | DREG | ADREG | MREG | PREG | 
+----------------+----------------+--------+--------+--------+--------+--------+------+------+------+------+-------+------+------+
|syst_array_axil | A*B            | 18     | 15     | -      | -      | 48     | 0    | 0    | -    | -    | -     | 0    | 0    | 
|syst_array_axil | (PCIN>>17)+A*B | 15     | 15     | -      | -      | 48     | 0    | 0    | -    | -    | -     | 0    | 0    | 
|syst_array_axil | A*B            | 18     | 18     | -      | -      | 48     | 0    | 0    | -    | -    | -     | 0    | 0    | 
|syst_array_axil | (PCIN>>17)+A*B | 18     | 15     | -      | -      | 48     | 0    | 0    | -    | -    | -     | 0    | 0    | 
|syst_array_axil | A*B            | 18     | 15     | -      | -      | 48     | 0    | 0    | -    | -    | -     | 0    | 0    | 
|syst_array_axil | (PCIN>>17)+A*B | 15     | 15     | -      | -      | 48     | 0    | 0    | -    | -    | -     | 0    | 0    | 
|syst_array_axil | A*B            | 18     | 18     | -      | -      | 48     | 0    | 0    | -    | -    | -     | 0    | 0    | 
|syst_array_axil | (PCIN>>17)+A*B | 18     | 15     | -      | -      | 48     | 0    | 0    | -    | -    | -     | 0    | 0    | 
|syst_array_axil | A*B            | 18     | 15     | -      | -      | 48     | 0    | 0    | -    | -    | -     | 0    | 0    | 
|syst_array_axil | (PCIN>>17)+A*B | 15     | 15     | -      | -      | 48     | 0    | 0    | -    | -    | -     | 0    | 0    | 
|syst_array_axil | A*B            | 18     | 18     | -      | -      | 48     | 0    | 0    | -    | -    | -     | 0    | 0    | 
|syst_array_axil | (PCIN>>17)+A*B | 18     | 15     | -      | -      | 48     | 0    | 0    | -    | -    | -     | 0    | 0    | 
|syst_array_axil | A*B            | 18     | 15     | -      | -      | 48     | 0    | 0    | -    | -    | -     | 0    | 0    | 
|syst_array_axil | (PCIN>>17)+A*B | 15     | 15     | -      | -      | 48     | 0    | 0    | -    | -    | -     | 0    | 0    | 
|syst_array_axil | A*B            | 18     | 18     | -      | -      | 48     | 0    | 0    | -    | -    | -     | 0    | 0    | 
|syst_array_axil | (PCIN>>17)+A*B | 18     | 15     | -      | -      | 48     | 0    | 0    | -    | -    | -     | 0    | 0    | 
|syst_array_axil | A*B            | 18     | 15     | -      | -      | 48     | 0    | 0    | -    | -    | -     | 0    | 0    | 
|syst_array_axil | (PCIN>>17)+A*B | 15     | 15     | -      | -      | 48     | 0    | 0    | -    | -    | -     | 0    | 0    | 
|syst_array_axil | A*B            | 18     | 18     | -      | -      | 48     | 0    | 0    | -    | -    | -     | 0    | 0    | 
|syst_array_axil | (PCIN>>17)+A*B | 18     | 15     | -      | -      | 48     | 0    | 0    | -    | -    | -     | 0    | 0    | 
|syst_array_axil | A*B            | 18     | 15     | -      | -      | 48     | 0    | 0    | -    | -    | -     | 0    | 0    | 
|syst_array_axil | (PCIN>>17)+A*B | 15     | 15     | -      | -      | 48     | 0    | 0    | -    | -    | -     | 0    | 0    | 
|syst_array_axil | A*B            | 18     | 18     | -      | -      | 48     | 0    | 0    | -    | -    | -     | 0    | 0    | 
|syst_array_axil | (PCIN>>17)+A*B | 18     | 15     | -      | -      | 48     | 0    | 0    | -    | -    | -     | 0    | 0    | 
|syst_array_axil | A*B            | 18     | 15     | -      | -      | 48     | 0    | 0    | -    | -    | -     | 0    | 0    | 
|syst_array_axil | (PCIN>>17)+A*B | 15     | 15     | -      | -      | 48     | 0    | 0    | -    | -    | -     | 0    | 0    | 
|syst_array_axil | A*B            | 18     | 18     | -      | -      | 48     | 0    | 0    | -    | -    | -     | 0    | 0    | 
|syst_array_axil | (PCIN>>17)+A*B | 18     | 15     | -      | -      | 48     | 0    | 0    | -    | -    | -     | 0    | 0    | 
|syst_array_axil | A*B            | 18     | 15     | -      | -      | 48     | 0    | 0    | -    | -    | -     | 0    | 0    | 
|syst_array_axil | (PCIN>>17)+A*B | 15     | 15     | -      | -      | 48     | 0    | 0    | -    | -    | -     | 0    | 0    | 
|syst_array_axil | A*B            | 18     | 18     | -      | -      | 48     | 0    | 0    | -    | -    | -     | 0    | 0    | 
|syst_array_axil | (PCIN>>17)+A*B | 18     | 15     | -      | -      | 48     | 0    | 0    | -    | -    | -     | 0    | 0    | 
|syst_array_axil | A*B            | 18     | 15     | -      | -      | 48     | 0    | 0    | -    | -    | -     | 0    | 0    | 
|syst_array_axil | (PCIN>>17)+A*B | 15     | 15     | -      | -      | 48     | 0    | 0    | -    | -    | -     | 0    | 0    | 
|syst_array_axil | A*B            | 18     | 18     | -      | -      | 48     | 0    | 0    | -    | -    | -     | 0    | 0    | 
|syst_array_axil | (PCIN>>17)+A*B | 18     | 15     | -      | -      | 48     | 0    | 0    | -    | -    | -     | 0    | 0    | 
|syst_array_axil | A*B            | 18     | 15     | -      | -      | 48     | 0    | 0    | -    | -    | -     | 0    | 0    | 
|syst_array_axil | (PCIN>>17)+A*B | 15     | 15     | -      | -      | 48     | 0    | 0    | -    | -    | -     | 0    | 0    | 
|syst_array_axil | A*B            | 18     | 18     | -      | -      | 48     | 0    | 0    | -    | -    | -     | 0    | 0    | 
|syst_array_axil | (PCIN>>17)+A*B | 18     | 15     | -      | -      | 48     | 0    | 0    | -    | -    | -     | 0    | 0    | 
|syst_array_axil | A*B            | 18     | 15     | -      | -      | 48     | 0    | 0    | -    | -    | -     | 0    | 0    | 
|syst_array_axil | (PCIN>>17)+A*B | 15     | 15     | -      | -      | 48     | 0    | 0    | -    | -    | -     | 0    | 0    | 
|syst_array_axil | A*B            | 18     | 18     | -      | -      | 48     | 0    | 0    | -    | -    | -     | 0    | 0    | 
|syst_array_axil | (PCIN>>17)+A*B | 18     | 15     | -      | -      | 48     | 0    | 0    | -    | -    | -     | 0    | 0    | 
|syst_array_axil | A*B            | 18     | 15     | -      | -      | 48     | 0    | 0    | -    | -    | -     | 0    | 0    | 
|syst_array_axil | (PCIN>>17)+A*B | 15     | 15     | -      | -      | 48     | 0    | 0    | -    | -    | -     | 0    | 0    | 
|syst_array_axil | A*B            | 18     | 18     | -      | -      | 48     | 0    | 0    | -    | -    | -     | 0    | 0    | 
|syst_array_axil | (PCIN>>17)+A*B | 18     | 15     | -      | -      | 48     | 0    | 0    | -    | -    | -     | 0    | 0    | 
|syst_array_axil | A*B            | 18     | 15     | -      | -      | 48     | 0    | 0    | -    | -    | -     | 0    | 0    | 
|syst_array_axil | (PCIN>>17)+A*B | 15     | 15     | -      | -      | 48     | 0    | 0    | -    | -    | -     | 0    | 0    | 
|syst_array_axil | A*B            | 18     | 18     | -      | -      | 48     | 0    | 0    | -    | -    | -     | 0    | 0    | 
|syst_array_axil | (PCIN>>17)+A*B | 18     | 15     | -      | -      | 48     | 0    | 0    | -    | -    | -     | 0    | 0    | 
|syst_array_axil | A*B            | 18     | 15     | -      | -      | 48     | 0    | 0    | -    | -    | -     | 0    | 0    | 
|syst_array_axil | (PCIN>>17)+A*B | 15     | 15     | -      | -      | 48     | 0    | 0    | -    | -    | -     | 0    | 0    | 
|syst_array_axil | A*B            | 18     | 18     | -      | -      | 48     | 0    | 0    | -    | -    | -     | 0    | 0    | 
|syst_array_axil | (PCIN>>17)+A*B | 18     | 15     | -      | -      | 48     | 0    | 0    | -    | -    | -     | 0    | 0    | 
|syst_array_axil | A*B            | 18     | 15     | -      | -      | 48     | 0    | 0    | -    | -    | -     | 0    | 0    | 
|syst_array_axil | (PCIN>>17)+A*B | 15     | 15     | -      | -      | 48     | 0    | 0    | -    | -    | -     | 0    | 0    | 
|syst_array_axil | A*B            | 18     | 18     | -      | -      | 48     | 0    | 0    | -    | -    | -     | 0    | 0    | 
|syst_array_axil | (PCIN>>17)+A*B | 18     | 15     | -      | -      | 48     | 0    | 0    | -    | -    | -     | 0    | 0    | 
|syst_array_axil | A*B            | 18     | 15     | -      | -      | 48     | 0    | 0    | -    | -    | -     | 0    | 0    | 
|syst_array_axil | (PCIN>>17)+A*B | 15     | 15     | -      | -      | 48     | 0    | 0    | -    | -    | -     | 0    | 0    | 
|syst_array_axil | A*B            | 18     | 18     | -      | -      | 48     | 0    | 0    | -    | -    | -     | 0    | 0    | 
|syst_array_axil | (PCIN>>17)+A*B | 18     | 15     | -      | -      | 48     | 0    | 0    | -    | -    | -     | 0    | 0    | 
|syst_array_axil | A*B            | 18     | 15     | -      | -      | 48     | 0    | 0    | -    | -    | -     | 0    | 0    | 
|syst_array_axil | (PCIN>>17)+A*B | 15     | 15     | -      | -      | 48     | 0    | 0    | -    | -    | -     | 0    | 0    | 
|syst_array_axil | A*B            | 18     | 18     | -      | -      | 48     | 0    | 0    | -    | -    | -     | 0    | 0    | 
|syst_array_axil | (PCIN>>17)+A*B | 18     | 15     | -      | -      | 48     | 0    | 0    | -    | -    | -     | 0    | 0    | 
|syst_array_axil | A*B            | 18     | 15     | -      | -      | 48     | 0    | 0    | -    | -    | -     | 0    | 0    | 
|syst_array_axil | (PCIN>>17)+A*B | 15     | 15     | -      | -      | 48     | 0    | 0    | -    | -    | -     | 0    | 0    | 
|syst_array_axil | A*B            | 18     | 18     | -      | -      | 48     | 0    | 0    | -    | -    | -     | 0    | 0    | 
|syst_array_axil | (PCIN>>17)+A*B | 18     | 15     | -      | -      | 48     | 0    | 0    | -    | -    | -     | 0    | 0    | 
|syst_array_axil | A*B            | 18     | 15     | -      | -      | 48     | 0    | 0    | -    | -    | -     | 0    | 0    | 
|syst_array_axil | (PCIN>>17)+A*B | 15     | 15     | -      | -      | 48     | 0    | 0    | -    | -    | -     | 0    | 0    | 
|syst_array_axil | A*B            | 18     | 18     | -      | -      | 48     | 0    | 0    | -    | -    | -     | 0    | 0    | 
|syst_array_axil | (PCIN>>17)+A*B | 18     | 15     | -      | -      | 48     | 0    | 0    | -    | -    | -     | 0    | 0    | 
|syst_array_axil | A*B            | 18     | 15     | -      | -      | 48     | 0    | 0    | -    | -    | -     | 0    | 0    | 
|syst_array_axil | (PCIN>>17)+A*B | 15     | 15     | -      | -      | 48     | 0    | 0    | -    | -    | -     | 0    | 0    | 
|syst_array_axil | A*B            | 18     | 18     | -      | -      | 48     | 0    | 0    | -    | -    | -     | 0    | 0    | 
|syst_array_axil | (PCIN>>17)+A*B | 18     | 15     | -      | -      | 48     | 0    | 0    | -    | -    | -     | 0    | 0    | 
|syst_array_axil | A*B            | 18     | 15     | -      | -      | 48     | 0    | 0    | -    | -    | -     | 0    | 0    | 
|syst_array_axil | (PCIN>>17)+A*B | 15     | 15     | -      | -      | 48     | 0    | 0    | -    | -    | -     | 0    | 0    | 
|syst_array_axil | A*B            | 18     | 18     | -      | -      | 48     | 0    | 0    | -    | -    | -     | 0    | 0    | 
|syst_array_axil | (PCIN>>17)+A*B | 18     | 15     | -      | -      | 48     | 0    | 0    | -    | -    | -     | 0    | 0    | 
|syst_array_axil | A*B            | 18     | 15     | -      | -      | 48     | 0    | 0    | -    | -    | -     | 0    | 0    | 
|syst_array_axil | (PCIN>>17)+A*B | 15     | 15     | -      | -      | 48     | 0    | 0    | -    | -    | -     | 0    | 0    | 
|syst_array_axil | A*B            | 18     | 18     | -      | -      | 48     | 0    | 0    | -    | -    | -     | 0    | 0    | 
|syst_array_axil | (PCIN>>17)+A*B | 18     | 15     | -      | -      | 48     | 0    | 0    | -    | -    | -     | 0    | 0    | 
|syst_array_axil | A*B            | 18     | 15     | -      | -      | 48     | 0    | 0    | -    | -    | -     | 0    | 0    | 
|syst_array_axil | (PCIN>>17)+A*B | 15     | 15     | -      | -      | 48     | 0    | 0    | -    | -    | -     | 0    | 0    | 
|syst_array_axil | A*B            | 18     | 18     | -      | -      | 48     | 0    | 0    | -    | -    | -     | 0    | 0    | 
|syst_array_axil | (PCIN>>17)+A*B | 18     | 15     | -      | -      | 48     | 0    | 0    | -    | -    | -     | 0    | 0    | 
|syst_array_axil | A*B            | 18     | 15     | -      | -      | 48     | 0    | 0    | -    | -    | -     | 0    | 0    | 
|syst_array_axil | (PCIN>>17)+A*B | 15     | 15     | -      | -      | 48     | 0    | 0    | -    | -    | -     | 0    | 0    | 
|syst_array_axil | A*B            | 18     | 18     | -      | -      | 48     | 0    | 0    | -    | -    | -     | 0    | 0    | 
|syst_array_axil | (PCIN>>17)+A*B | 18     | 15     | -      | -      | 48     | 0    | 0    | -    | -    | -     | 0    | 0    | 
|syst_array_axil | A*B            | 18     | 15     | -      | -      | 48     | 0    | 0    | -    | -    | -     | 0    | 0    | 
|syst_array_axil | (PCIN>>17)+A*B | 15     | 15     | -      | -      | 48     | 0    | 0    | -    | -    | -     | 0    | 0    | 
|syst_array_axil | A*B            | 18     | 18     | -      | -      | 48     | 0    | 0    | -    | -    | -     | 0    | 0    | 
|syst_array_axil | (PCIN>>17)+A*B | 18     | 15     | -      | -      | 48     | 0    | 0    | -    | -    | -     | 0    | 0    | 
|syst_array_axil | A*B            | 18     | 15     | -      | -      | 48     | 0    | 0    | -    | -    | -     | 0    | 0    | 
|syst_array_axil | (PCIN>>17)+A*B | 15     | 15     | -      | -      | 48     | 0    | 0    | -    | -    | -     | 0    | 0    | 
|syst_array_axil | A*B            | 18     | 18     | -      | -      | 48     | 0    | 0    | -    | -    | -     | 0    | 0    | 
|syst_array_axil | (PCIN>>17)+A*B | 18     | 15     | -      | -      | 48     | 0    | 0    | -    | -    | -     | 0    | 0    | 
|syst_array_axil | A*B            | 18     | 15     | -      | -      | 48     | 0    | 0    | -    | -    | -     | 0    | 0    | 
|syst_array_axil | (PCIN>>17)+A*B | 15     | 15     | -      | -      | 48     | 0    | 0    | -    | -    | -     | 0    | 0    | 
|syst_array_axil | A*B            | 18     | 18     | -      | -      | 48     | 0    | 0    | -    | -    | -     | 0    | 0    | 
|syst_array_axil | (PCIN>>17)+A*B | 18     | 15     | -      | -      | 48     | 0    | 0    | -    | -    | -     | 0    | 0    | 
|syst_array_axil | A*B            | 18     | 15     | -      | -      | 48     | 0    | 0    | -    | -    | -     | 0    | 0    | 
|syst_array_axil | (PCIN>>17)+A*B | 15     | 15     | -      | -      | 48     | 0    | 0    | -    | -    | -     | 0    | 0    | 
|syst_array_axil | A*B            | 18     | 18     | -      | -      | 48     | 0    | 0    | -    | -    | -     | 0    | 0    | 
|syst_array_axil | (PCIN>>17)+A*B | 18     | 15     | -      | -      | 48     | 0    | 0    | -    | -    | -     | 0    | 0    | 
|syst_array_axil | A*B            | 18     | 15     | -      | -      | 48     | 0    | 0    | -    | -    | -     | 0    | 0    | 
|syst_array_axil | (PCIN>>17)+A*B | 15     | 15     | -      | -      | 48     | 0    | 0    | -    | -    | -     | 0    | 0    | 
|syst_array_axil | A*B            | 18     | 18     | -      | -      | 48     | 0    | 0    | -    | -    | -     | 0    | 0    | 
|syst_array_axil | (PCIN>>17)+A*B | 18     | 15     | -      | -      | 48     | 0    | 0    | -    | -    | -     | 0    | 0    | 
|syst_array_axil | A*B            | 18     | 15     | -      | -      | 48     | 0    | 0    | -    | -    | -     | 0    | 0    | 
|syst_array_axil | (PCIN>>17)+A*B | 15     | 15     | -      | -      | 48     | 0    | 0    | -    | -    | -     | 0    | 0    | 
|syst_array_axil | A*B            | 18     | 18     | -      | -      | 48     | 0    | 0    | -    | -    | -     | 0    | 0    | 
|syst_array_axil | (PCIN>>17)+A*B | 18     | 15     | -      | -      | 48     | 0    | 0    | -    | -    | -     | 0    | 0    | 
|syst_array_axil | A*B            | 18     | 15     | -      | -      | 48     | 0    | 0    | -    | -    | -     | 0    | 0    | 
|syst_array_axil | (PCIN>>17)+A*B | 15     | 15     | -      | -      | 48     | 0    | 0    | -    | -    | -     | 0    | 0    | 
|syst_array_axil | A*B            | 18     | 18     | -      | -      | 48     | 0    | 0    | -    | -    | -     | 0    | 0    | 
|syst_array_axil | (PCIN>>17)+A*B | 18     | 15     | -      | -      | 48     | 0    | 0    | -    | -    | -     | 0    | 0    | 
|syst_array_axil | A*B            | 18     | 15     | -      | -      | 48     | 0    | 0    | -    | -    | -     | 0    | 0    | 
|syst_array_axil | (PCIN>>17)+A*B | 15     | 15     | -      | -      | 48     | 0    | 0    | -    | -    | -     | 0    | 0    | 
|syst_array_axil | A*B            | 18     | 18     | -      | -      | 48     | 0    | 0    | -    | -    | -     | 0    | 0    | 
|syst_array_axil | (PCIN>>17)+A*B | 18     | 15     | -      | -      | 48     | 0    | 0    | -    | -    | -     | 0    | 0    | 
|syst_array_axil | A*B            | 18     | 15     | -      | -      | 48     | 0    | 0    | -    | -    | -     | 0    | 0    | 
|syst_array_axil | (PCIN>>17)+A*B | 15     | 15     | -      | -      | 48     | 0    | 0    | -    | -    | -     | 0    | 0    | 
|syst_array_axil | A*B            | 18     | 18     | -      | -      | 48     | 0    | 0    | -    | -    | -     | 0    | 0    | 
|syst_array_axil | (PCIN>>17)+A*B | 18     | 15     | -      | -      | 48     | 0    | 0    | -    | -    | -     | 0    | 0    | 
|syst_array_axil | A*B            | 18     | 15     | -      | -      | 48     | 0    | 0    | -    | -    | -     | 0    | 0    | 
|syst_array_axil | (PCIN>>17)+A*B | 15     | 15     | -      | -      | 48     | 0    | 0    | -    | -    | -     | 0    | 0    | 
|syst_array_axil | A*B            | 18     | 18     | -      | -      | 48     | 0    | 0    | -    | -    | -     | 0    | 0    | 
|syst_array_axil | (PCIN>>17)+A*B | 18     | 15     | -      | -      | 48     | 0    | 0    | -    | -    | -     | 0    | 0    | 
|syst_array_axil | A*B            | 18     | 15     | -      | -      | 48     | 0    | 0    | -    | -    | -     | 0    | 0    | 
|syst_array_axil | (PCIN>>17)+A*B | 15     | 15     | -      | -      | 48     | 0    | 0    | -    | -    | -     | 0    | 0    | 
|syst_array_axil | A*B            | 18     | 18     | -      | -      | 48     | 0    | 0    | -    | -    | -     | 0    | 0    | 
|syst_array_axil | (PCIN>>17)+A*B | 18     | 15     | -      | -      | 48     | 0    | 0    | -    | -    | -     | 0    | 0    | 
|syst_array_axil | A*B            | 18     | 15     | -      | -      | 48     | 0    | 0    | -    | -    | -     | 0    | 0    | 
|syst_array_axil | (PCIN>>17)+A*B | 15     | 15     | -      | -      | 48     | 0    | 0    | -    | -    | -     | 0    | 0    | 
|syst_array_axil | A*B            | 18     | 18     | -      | -      | 48     | 0    | 0    | -    | -    | -     | 0    | 0    | 
|syst_array_axil | (PCIN>>17)+A*B | 18     | 15     | -      | -      | 48     | 0    | 0    | -    | -    | -     | 0    | 0    | 
|syst_array_axil | A*B            | 18     | 15     | -      | -      | 48     | 0    | 0    | -    | -    | -     | 0    | 0    | 
|syst_array_axil | (PCIN>>17)+A*B | 15     | 15     | -      | -      | 48     | 0    | 0    | -    | -    | -     | 0    | 0    | 
|syst_array_axil | A*B            | 18     | 18     | -      | -      | 48     | 0    | 0    | -    | -    | -     | 0    | 0    | 
|syst_array_axil | (PCIN>>17)+A*B | 18     | 15     | -      | -      | 48     | 0    | 0    | -    | -    | -     | 0    | 0    | 
|syst_array_axil | A*B            | 18     | 15     | -      | -      | 48     | 0    | 0    | -    | -    | -     | 0    | 0    | 
|syst_array_axil | (PCIN>>17)+A*B | 15     | 15     | -      | -      | 48     | 0    | 0    | -    | -    | -     | 0    | 0    | 
|syst_array_axil | A*B            | 18     | 18     | -      | -      | 48     | 0    | 0    | -    | -    | -     | 0    | 0    | 
|syst_array_axil | (PCIN>>17)+A*B | 18     | 15     | -      | -      | 48     | 0    | 0    | -    | -    | -     | 0    | 0    | 
|syst_array_axil | A*B            | 18     | 15     | -      | -      | 48     | 0    | 0    | -    | -    | -     | 0    | 0    | 
|syst_array_axil | (PCIN>>17)+A*B | 15     | 15     | -      | -      | 48     | 0    | 0    | -    | -    | -     | 0    | 0    | 
|syst_array_axil | A*B            | 18     | 18     | -      | -      | 48     | 0    | 0    | -    | -    | -     | 0    | 0    | 
|syst_array_axil | (PCIN>>17)+A*B | 18     | 15     | -      | -      | 48     | 0    | 0    | -    | -    | -     | 0    | 0    | 
|syst_array_axil | A*B            | 18     | 15     | -      | -      | 48     | 0    | 0    | -    | -    | -     | 0    | 0    | 
|syst_array_axil | (PCIN>>17)+A*B | 15     | 15     | -      | -      | 48     | 0    | 0    | -    | -    | -     | 0    | 0    | 
|syst_array_axil | A*B            | 18     | 18     | -      | -      | 48     | 0    | 0    | -    | -    | -     | 0    | 0    | 
|syst_array_axil | (PCIN>>17)+A*B | 18     | 15     | -      | -      | 48     | 0    | 0    | -    | -    | -     | 0    | 0    | 
|syst_array_axil | A*B            | 18     | 15     | -      | -      | 48     | 0    | 0    | -    | -    | -     | 0    | 0    | 
|syst_array_axil | (PCIN>>17)+A*B | 15     | 15     | -      | -      | 48     | 0    | 0    | -    | -    | -     | 0    | 0    | 
|syst_array_axil | A*B            | 18     | 18     | -      | -      | 48     | 0    | 0    | -    | -    | -     | 0    | 0    | 
|syst_array_axil | (PCIN>>17)+A*B | 18     | 15     | -      | -      | 48     | 0    | 0    | -    | -    | -     | 0    | 0    | 
|syst_array_axil | A*B            | 18     | 15     | -      | -      | 48     | 0    | 0    | -    | -    | -     | 0    | 0    | 
|syst_array_axil | (PCIN>>17)+A*B | 15     | 15     | -      | -      | 48     | 0    | 0    | -    | -    | -     | 0    | 0    | 
|syst_array_axil | A*B            | 18     | 18     | -      | -      | 48     | 0    | 0    | -    | -    | -     | 0    | 0    | 
|syst_array_axil | (PCIN>>17)+A*B | 18     | 15     | -      | -      | 48     | 0    | 0    | -    | -    | -     | 0    | 0    | 
|syst_array_axil | A*B            | 18     | 15     | -      | -      | 48     | 0    | 0    | -    | -    | -     | 0    | 0    | 
|syst_array_axil | (PCIN>>17)+A*B | 15     | 15     | -      | -      | 48     | 0    | 0    | -    | -    | -     | 0    | 0    | 
|syst_array_axil | A*B            | 18     | 18     | -      | -      | 48     | 0    | 0    | -    | -    | -     | 0    | 0    | 
|syst_array_axil | (PCIN>>17)+A*B | 18     | 15     | -      | -      | 48     | 0    | 0    | -    | -    | -     | 0    | 0    | 
|syst_array_axil | A*B            | 18     | 15     | -      | -      | 48     | 0    | 0    | -    | -    | -     | 0    | 0    | 
|syst_array_axil | (PCIN>>17)+A*B | 15     | 15     | -      | -      | 48     | 0    | 0    | -    | -    | -     | 0    | 0    | 
|syst_array_axil | A*B            | 18     | 18     | -      | -      | 48     | 0    | 0    | -    | -    | -     | 0    | 0    | 
|syst_array_axil | (PCIN>>17)+A*B | 18     | 15     | -      | -      | 48     | 0    | 0    | -    | -    | -     | 0    | 0    | 
|syst_array_axil | A*B            | 18     | 15     | -      | -      | 48     | 0    | 0    | -    | -    | -     | 0    | 0    | 
|syst_array_axil | (PCIN>>17)+A*B | 15     | 15     | -      | -      | 48     | 0    | 0    | -    | -    | -     | 0    | 0    | 
|syst_array_axil | A*B            | 18     | 18     | -      | -      | 48     | 0    | 0    | -    | -    | -     | 0    | 0    | 
|syst_array_axil | (PCIN>>17)+A*B | 18     | 15     | -      | -      | 48     | 0    | 0    | -    | -    | -     | 0    | 0    | 
|syst_array_axil | A*B            | 18     | 15     | -      | -      | 48     | 0    | 0    | -    | -    | -     | 0    | 0    | 
|syst_array_axil | (PCIN>>17)+A*B | 15     | 15     | -      | -      | 48     | 0    | 0    | -    | -    | -     | 0    | 0    | 
|syst_array_axil | A*B            | 18     | 18     | -      | -      | 48     | 0    | 0    | -    | -    | -     | 0    | 0    | 
|syst_array_axil | (PCIN>>17)+A*B | 18     | 15     | -      | -      | 48     | 0    | 0    | -    | -    | -     | 0    | 0    | 
|syst_array_axil | A*B            | 18     | 15     | -      | -      | 48     | 0    | 0    | -    | -    | -     | 0    | 0    | 
|syst_array_axil | (PCIN>>17)+A*B | 15     | 15     | -      | -      | 48     | 0    | 0    | -    | -    | -     | 0    | 0    | 
|syst_array_axil | A*B            | 18     | 18     | -      | -      | 48     | 0    | 0    | -    | -    | -     | 0    | 0    | 
|syst_array_axil | (PCIN>>17)+A*B | 18     | 15     | -      | -      | 48     | 0    | 0    | -    | -    | -     | 0    | 0    | 
|syst_array_axil | A*B            | 18     | 15     | -      | -      | 48     | 0    | 0    | -    | -    | -     | 0    | 0    | 
|syst_array_axil | (PCIN>>17)+A*B | 15     | 15     | -      | -      | 48     | 0    | 0    | -    | -    | -     | 0    | 0    | 
|syst_array_axil | A*B            | 18     | 18     | -      | -      | 48     | 0    | 0    | -    | -    | -     | 0    | 0    | 
|syst_array_axil | (PCIN>>17)+A*B | 18     | 15     | -      | -      | 48     | 0    | 0    | -    | -    | -     | 0    | 0    | 
|syst_array_axil | A*B            | 18     | 15     | -      | -      | 48     | 0    | 0    | -    | -    | -     | 0    | 0    | 
|syst_array_axil | (PCIN>>17)+A*B | 15     | 15     | -      | -      | 48     | 0    | 0    | -    | -    | -     | 0    | 0    | 
|syst_array_axil | A*B            | 18     | 18     | -      | -      | 48     | 0    | 0    | -    | -    | -     | 0    | 0    | 
|syst_array_axil | (PCIN>>17)+A*B | 18     | 15     | -      | -      | 48     | 0    | 0    | -    | -    | -     | 0    | 0    | 
|syst_array_axil | A*B            | 18     | 15     | -      | -      | 48     | 0    | 0    | -    | -    | -     | 0    | 0    | 
|syst_array_axil | (PCIN>>17)+A*B | 15     | 15     | -      | -      | 48     | 0    | 0    | -    | -    | -     | 0    | 0    | 
|syst_array_axil | A*B            | 18     | 18     | -      | -      | 48     | 0    | 0    | -    | -    | -     | 0    | 0    | 
|syst_array_axil | (PCIN>>17)+A*B | 18     | 15     | -      | -      | 48     | 0    | 0    | -    | -    | -     | 0    | 0    | 
|syst_array_axil | A*B            | 18     | 15     | -      | -      | 48     | 0    | 0    | -    | -    | -     | 0    | 0    | 
|syst_array_axil | (PCIN>>17)+A*B | 15     | 15     | -      | -      | 48     | 0    | 0    | -    | -    | -     | 0    | 0    | 
|syst_array_axil | A*B            | 18     | 18     | -      | -      | 48     | 0    | 0    | -    | -    | -     | 0    | 0    | 
|syst_array_axil | (PCIN>>17)+A*B | 18     | 15     | -      | -      | 48     | 0    | 0    | -    | -    | -     | 0    | 0    | 
|syst_array_axil | A*B            | 18     | 15     | -      | -      | 48     | 0    | 0    | -    | -    | -     | 0    | 0    | 
|syst_array_axil | (PCIN>>17)+A*B | 15     | 15     | -      | -      | 48     | 0    | 0    | -    | -    | -     | 0    | 0    | 
|syst_array_axil | A*B            | 18     | 18     | -      | -      | 48     | 0    | 0    | -    | -    | -     | 0    | 0    | 
|syst_array_axil | (PCIN>>17)+A*B | 18     | 15     | -      | -      | 48     | 0    | 0    | -    | -    | -     | 0    | 0    | 
|syst_array_axil | A*B            | 18     | 15     | -      | -      | 48     | 0    | 0    | -    | -    | -     | 0    | 0    | 
|syst_array_axil | (PCIN>>17)+A*B | 15     | 15     | -      | -      | 48     | 0    | 0    | -    | -    | -     | 0    | 0    | 
|syst_array_axil | A*B            | 18     | 18     | -      | -      | 48     | 0    | 0    | -    | -    | -     | 0    | 0    | 
|syst_array_axil | (PCIN>>17)+A*B | 18     | 15     | -      | -      | 48     | 0    | 0    | -    | -    | -     | 0    | 0    | 
|syst_array_axil | A*B            | 18     | 15     | -      | -      | 48     | 0    | 0    | -    | -    | -     | 0    | 0    | 
|syst_array_axil | (PCIN>>17)+A*B | 15     | 15     | -      | -      | 48     | 0    | 0    | -    | -    | -     | 0    | 0    | 
|syst_array_axil | A*B            | 18     | 18     | -      | -      | 48     | 0    | 0    | -    | -    | -     | 0    | 0    | 
|syst_array_axil | (PCIN>>17)+A*B | 18     | 15     | -      | -      | 48     | 0    | 0    | -    | -    | -     | 0    | 0    | 
|syst_array_axil | A*B            | 18     | 15     | -      | -      | 48     | 0    | 0    | -    | -    | -     | 0    | 0    | 
|syst_array_axil | (PCIN>>17)+A*B | 15     | 15     | -      | -      | 48     | 0    | 0    | -    | -    | -     | 0    | 0    | 
|syst_array_axil | A*B            | 18     | 18     | -      | -      | 48     | 0    | 0    | -    | -    | -     | 0    | 0    | 
|syst_array_axil | (PCIN>>17)+A*B | 18     | 15     | -      | -      | 48     | 0    | 0    | -    | -    | -     | 0    | 0    | 
|syst_array_axil | A*B            | 18     | 15     | -      | -      | 48     | 0    | 0    | -    | -    | -     | 0    | 0    | 
|syst_array_axil | (PCIN>>17)+A*B | 15     | 15     | -      | -      | 48     | 0    | 0    | -    | -    | -     | 0    | 0    | 
|syst_array_axil | A*B            | 18     | 18     | -      | -      | 48     | 0    | 0    | -    | -    | -     | 0    | 0    | 
|syst_array_axil | (PCIN>>17)+A*B | 18     | 15     | -      | -      | 48     | 0    | 0    | -    | -    | -     | 0    | 0    | 
|syst_array_axil | A*B            | 18     | 15     | -      | -      | 48     | 0    | 0    | -    | -    | -     | 0    | 0    | 
|syst_array_axil | (PCIN>>17)+A*B | 15     | 15     | -      | -      | 48     | 0    | 0    | -    | -    | -     | 0    | 0    | 
|syst_array_axil | A*B            | 18     | 18     | -      | -      | 48     | 0    | 0    | -    | -    | -     | 0    | 0    | 
|syst_array_axil | (PCIN>>17)+A*B | 18     | 15     | -      | -      | 48     | 0    | 0    | -    | -    | -     | 0    | 0    | 
|syst_array_axil | A*B            | 18     | 15     | -      | -      | 48     | 0    | 0    | -    | -    | -     | 0    | 0    | 
|syst_array_axil | (PCIN>>17)+A*B | 15     | 15     | -      | -      | 48     | 0    | 0    | -    | -    | -     | 0    | 0    | 
|syst_array_axil | A*B            | 18     | 18     | -      | -      | 48     | 0    | 0    | -    | -    | -     | 0    | 0    | 
|syst_array_axil | (PCIN>>17)+A*B | 18     | 15     | -      | -      | 48     | 0    | 0    | -    | -    | -     | 0    | 0    | 
|syst_array_axil | A*B            | 18     | 15     | -      | -      | 48     | 0    | 0    | -    | -    | -     | 0    | 0    | 
|syst_array_axil | (PCIN>>17)+A*B | 15     | 15     | -      | -      | 48     | 0    | 0    | -    | -    | -     | 0    | 0    | 
|syst_array_axil | A*B            | 18     | 18     | -      | -      | 48     | 0    | 0    | -    | -    | -     | 0    | 0    | 
|syst_array_axil | (PCIN>>17)+A*B | 18     | 15     | -      | -      | 48     | 0    | 0    | -    | -    | -     | 0    | 0    | 
|syst_array_axil | A*B            | 18     | 15     | -      | -      | 48     | 0    | 0    | -    | -    | -     | 0    | 0    | 
|syst_array_axil | (PCIN>>17)+A*B | 15     | 15     | -      | -      | 48     | 0    | 0    | -    | -    | -     | 0    | 0    | 
|syst_array_axil | A*B            | 18     | 18     | -      | -      | 48     | 0    | 0    | -    | -    | -     | 0    | 0    | 
|syst_array_axil | (PCIN>>17)+A*B | 18     | 15     | -      | -      | 48     | 0    | 0    | -    | -    | -     | 0    | 0    | 
|syst_array_axil | A*B            | 18     | 15     | -      | -      | 48     | 0    | 0    | -    | -    | -     | 0    | 0    | 
|syst_array_axil | (PCIN>>17)+A*B | 15     | 15     | -      | -      | 48     | 0    | 0    | -    | -    | -     | 0    | 0    | 
|syst_array_axil | A*B            | 18     | 18     | -      | -      | 48     | 0    | 0    | -    | -    | -     | 0    | 0    | 
|syst_array_axil | (PCIN>>17)+A*B | 18     | 15     | -      | -      | 48     | 0    | 0    | -    | -    | -     | 0    | 0    | 
|syst_array_axil | A*B            | 18     | 15     | -      | -      | 48     | 0    | 0    | -    | -    | -     | 0    | 0    | 
|syst_array_axil | (PCIN>>17)+A*B | 15     | 15     | -      | -      | 48     | 0    | 0    | -    | -    | -     | 0    | 0    | 
|syst_array_axil | A*B            | 18     | 18     | -      | -      | 48     | 0    | 0    | -    | -    | -     | 0    | 0    | 
|syst_array_axil | (PCIN>>17)+A*B | 18     | 15     | -      | -      | 48     | 0    | 0    | -    | -    | -     | 0    | 0    | 
|syst_array_axil | A*B            | 18     | 15     | -      | -      | 48     | 0    | 0    | -    | -    | -     | 0    | 0    | 
|syst_array_axil | (PCIN>>17)+A*B | 15     | 15     | -      | -      | 48     | 0    | 0    | -    | -    | -     | 0    | 0    | 
|syst_array_axil | A*B            | 18     | 18     | -      | -      | 48     | 0    | 0    | -    | -    | -     | 0    | 0    | 
|syst_array_axil | (PCIN>>17)+A*B | 18     | 15     | -      | -      | 48     | 0    | 0    | -    | -    | -     | 0    | 0    | 
|syst_array_axil | A*B            | 18     | 15     | -      | -      | 48     | 0    | 0    | -    | -    | -     | 0    | 0    | 
|syst_array_axil | (PCIN>>17)+A*B | 15     | 15     | -      | -      | 48     | 0    | 0    | -    | -    | -     | 0    | 0    | 
|syst_array_axil | A*B            | 18     | 18     | -      | -      | 48     | 0    | 0    | -    | -    | -     | 0    | 0    | 
|syst_array_axil | (PCIN>>17)+A*B | 18     | 15     | -      | -      | 48     | 0    | 0    | -    | -    | -     | 0    | 0    | 
+----------------+----------------+--------+--------+--------+--------+--------+------+------+------+------+-------+------+------+

Note: The table above is a preliminary report that shows the DSPs inferred at the current stage of the synthesis flow. Some DSP may be reimplemented as non DSP primitives later in the synthesis flow. Multiple instantiated DSPs are reported only once.
---------------------------------------------------------------------------------
Finished ROM, RAM, DSP, Shift Register and Retiming Reporting
---------------------------------------------------------------------------------
---------------------------------------------------------------------------------
Start Applying XDC Timing Constraints
---------------------------------------------------------------------------------
---------------------------------------------------------------------------------
Finished Applying XDC Timing Constraints : Time (s): cpu = 00:00:25 ; elapsed = 00:00:25 . Memory (MB): peak = 2468.641 ; gain = 784.234 ; free physical = 3248 ; free virtual = 8961
---------------------------------------------------------------------------------
---------------------------------------------------------------------------------
Start Timing Optimization
---------------------------------------------------------------------------------
---------------------------------------------------------------------------------
Finished Timing Optimization : Time (s): cpu = 00:00:25 ; elapsed = 00:00:26 . Memory (MB): peak = 2485.641 ; gain = 801.234 ; free physical = 3232 ; free virtual = 8945
---------------------------------------------------------------------------------
---------------------------------------------------------------------------------
Start Technology Mapping
---------------------------------------------------------------------------------
---------------------------------------------------------------------------------
Finished Technology Mapping : Time (s): cpu = 00:00:27 ; elapsed = 00:00:27 . Memory (MB): peak = 2626.672 ; gain = 942.266 ; free physical = 3107 ; free virtual = 8820
---------------------------------------------------------------------------------
---------------------------------------------------------------------------------
Start IO Insertion
---------------------------------------------------------------------------------
---------------------------------------------------------------------------------
Start Flattening Before IO Insertion
---------------------------------------------------------------------------------
---------------------------------------------------------------------------------
Finished Flattening Before IO Insertion
---------------------------------------------------------------------------------
---------------------------------------------------------------------------------
Start Final Netlist Cleanup
---------------------------------------------------------------------------------
---------------------------------------------------------------------------------
Finished Final Netlist Cleanup
---------------------------------------------------------------------------------
---------------------------------------------------------------------------------
Finished IO Insertion : Time (s): cpu = 00:00:29 ; elapsed = 00:00:30 . Memory (MB): peak = 2654.484 ; gain = 970.078 ; free physical = 4640 ; free virtual = 10353
---------------------------------------------------------------------------------
---------------------------------------------------------------------------------
Start Renaming Generated Instances
---------------------------------------------------------------------------------
---------------------------------------------------------------------------------
Finished Renaming Generated Instances : Time (s): cpu = 00:00:29 ; elapsed = 00:00:30 . Memory (MB): peak = 2654.484 ; gain = 970.078 ; free physical = 4644 ; free virtual = 10357
---------------------------------------------------------------------------------
---------------------------------------------------------------------------------
Start Rebuilding User Hierarchy
---------------------------------------------------------------------------------
---------------------------------------------------------------------------------
Finished Rebuilding User Hierarchy : Time (s): cpu = 00:00:29 ; elapsed = 00:00:30 . Memory (MB): peak = 2654.484 ; gain = 970.078 ; free physical = 4636 ; free virtual = 10349
---------------------------------------------------------------------------------
---------------------------------------------------------------------------------
Start Renaming Generated Ports
---------------------------------------------------------------------------------
---------------------------------------------------------------------------------
Finished Renaming Generated Ports : Time (s): cpu = 00:00:29 ; elapsed = 00:00:30 . Memory (MB): peak = 2654.484 ; gain = 970.078 ; free physical = 4636 ; free virtual = 10349
---------------------------------------------------------------------------------
---------------------------------------------------------------------------------
Start Handling Custom Attributes
---------------------------------------------------------------------------------
---------------------------------------------------------------------------------
Finished Handling Custom Attributes : Time (s): cpu = 00:00:29 ; elapsed = 00:00:30 . Memory (MB): peak = 2654.484 ; gain = 970.078 ; free physical = 4636 ; free virtual = 10349
---------------------------------------------------------------------------------
---------------------------------------------------------------------------------
Start Renaming Generated Nets
---------------------------------------------------------------------------------
---------------------------------------------------------------------------------
Finished Renaming Generated Nets : Time (s): cpu = 00:00:29 ; elapsed = 00:00:30 . Memory (MB): peak = 2654.484 ; gain = 970.078 ; free physical = 4636 ; free virtual = 10349
---------------------------------------------------------------------------------
---------------------------------------------------------------------------------
Start Writing Synthesis Report
---------------------------------------------------------------------------------

DSP Final Report (the ' indicates corresponding REG is set)
+----------------+--------------+--------+--------+--------+--------+--------+------+------+------+------+-------+------+------+
|Module Name     | DSP Mapping  | A Size | B Size | C Size | D Size | P Size | AREG | BREG | CREG | DREG | ADREG | MREG | PREG | 
+----------------+--------------+--------+--------+--------+--------+--------+------+------+------+------+-------+------+------+
|syst_array_axil | A*B          | 17     | 17     | -      | -      | 48     | 0    | 0    | -    | -    | -     | 0    | 0    | 
|syst_array_axil | PCIN>>17+A*B | 30     | 18     | -      | -      | 15     | 0    | 0    | -    | -    | -     | 0    | 0    | 
|syst_array_axil | A*B          | 17     | 17     | -      | -      | 48     | 0    | 0    | -    | -    | -     | 0    | 0    | 
|syst_array_axil | PCIN>>17+A*B | 30     | 18     | -      | -      | 15     | 0    | 0    | -    | -    | -     | 0    | 0    | 
|syst_array_axil | A*B          | 17     | 17     | -      | -      | 48     | 0    | 0    | -    | -    | -     | 0    | 0    | 
|syst_array_axil | PCIN>>17+A*B | 30     | 18     | -      | -      | 15     | 0    | 0    | -    | -    | -     | 0    | 0    | 
|syst_array_axil | A*B          | 17     | 17     | -      | -      | 48     | 0    | 0    | -    | -    | -     | 0    | 0    | 
|syst_array_axil | PCIN>>17+A*B | 30     | 18     | -      | -      | 15     | 0    | 0    | -    | -    | -     | 0    | 0    | 
|syst_array_axil | A*B          | 17     | 17     | -      | -      | 48     | 0    | 0    | -    | -    | -     | 0    | 0    | 
|syst_array_axil | PCIN>>17+A*B | 30     | 18     | -      | -      | 15     | 0    | 0    | -    | -    | -     | 0    | 0    | 
|syst_array_axil | A*B          | 17     | 17     | -      | -      | 48     | 0    | 0    | -    | -    | -     | 0    | 0    | 
|syst_array_axil | PCIN>>17+A*B | 30     | 18     | -      | -      | 15     | 0    | 0    | -    | -    | -     | 0    | 0    | 
|syst_array_axil | A*B          | 17     | 17     | -      | -      | 48     | 0    | 0    | -    | -    | -     | 0    | 0    | 
|syst_array_axil | PCIN>>17+A*B | 30     | 18     | -      | -      | 15     | 0    | 0    | -    | -    | -     | 0    | 0    | 
|syst_array_axil | A*B          | 17     | 17     | -      | -      | 48     | 0    | 0    | -    | -    | -     | 0    | 0    | 
|syst_array_axil | PCIN>>17+A*B | 30     | 18     | -      | -      | 15     | 0    | 0    | -    | -    | -     | 0    | 0    | 
|syst_array_axil | A*B          | 17     | 17     | -      | -      | 48     | 0    | 0    | -    | -    | -     | 0    | 0    | 
|syst_array_axil | PCIN>>17+A*B | 30     | 18     | -      | -      | 15     | 0    | 0    | -    | -    | -     | 0    | 0    | 
|syst_array_axil | A*B          | 17     | 17     | -      | -      | 48     | 0    | 0    | -    | -    | -     | 0    | 0    | 
|syst_array_axil | PCIN>>17+A*B | 30     | 18     | -      | -      | 15     | 0    | 0    | -    | -    | -     | 0    | 0    | 
|syst_array_axil | A*B          | 17     | 17     | -      | -      | 48     | 0    | 0    | -    | -    | -     | 0    | 0    | 
|syst_array_axil | PCIN>>17+A*B | 30     | 18     | -      | -      | 15     | 0    | 0    | -    | -    | -     | 0    | 0    | 
|syst_array_axil | A*B          | 17     | 17     | -      | -      | 48     | 0    | 0    | -    | -    | -     | 0    | 0    | 
|syst_array_axil | PCIN>>17+A*B | 30     | 18     | -      | -      | 15     | 0    | 0    | -    | -    | -     | 0    | 0    | 
|syst_array_axil | A*B          | 17     | 17     | -      | -      | 48     | 0    | 0    | -    | -    | -     | 0    | 0    | 
|syst_array_axil | PCIN>>17+A*B | 30     | 18     | -      | -      | 15     | 0    | 0    | -    | -    | -     | 0    | 0    | 
|syst_array_axil | A*B          | 30     | 18     | -      | -      | 15     | 0    | 0    | -    | -    | -     | 0    | 0    | 
|syst_array_axil | A*B          | 17     | 17     | -      | -      | 48     | 0    | 0    | -    | -    | -     | 0    | 0    | 
|syst_array_axil | PCIN>>17+A*B | 30     | 18     | -      | -      | 15     | 0    | 0    | -    | -    | -     | 0    | 0    | 
|syst_array_axil | A*B          | 30     | 18     | -      | -      | 15     | 0    | 0    | -    | -    | -     | 0    | 0    | 
|syst_array_axil | A*B          | 17     | 17     | -      | -      | 48     | 0    | 0    | -    | -    | -     | 0    | 0    | 
|syst_array_axil | PCIN>>17+A*B | 30     | 18     | -      | -      | 15     | 0    | 0    | -    | -    | -     | 0    | 0    | 
|syst_array_axil | A*B          | 30     | 18     | -      | -      | 15     | 0    | 0    | -    | -    | -     | 0    | 0    | 
|syst_array_axil | A*B          | 17     | 17     | -      | -      | 48     | 0    | 0    | -    | -    | -     | 0    | 0    | 
|syst_array_axil | PCIN>>17+A*B | 30     | 18     | -      | -      | 15     | 0    | 0    | -    | -    | -     | 0    | 0    | 
|syst_array_axil | A*B          | 30     | 18     | -      | -      | 15     | 0    | 0    | -    | -    | -     | 0    | 0    | 
|syst_array_axil | A*B          | 17     | 17     | -      | -      | 48     | 0    | 0    | -    | -    | -     | 0    | 0    | 
|syst_array_axil | PCIN>>17+A*B | 30     | 18     | -      | -      | 15     | 0    | 0    | -    | -    | -     | 0    | 0    | 
|syst_array_axil | A*B          | 30     | 18     | -      | -      | 15     | 0    | 0    | -    | -    | -     | 0    | 0    | 
|syst_array_axil | A*B          | 17     | 17     | -      | -      | 48     | 0    | 0    | -    | -    | -     | 0    | 0    | 
|syst_array_axil | PCIN>>17+A*B | 30     | 18     | -      | -      | 15     | 0    | 0    | -    | -    | -     | 0    | 0    | 
|syst_array_axil | A*B          | 30     | 18     | -      | -      | 15     | 0    | 0    | -    | -    | -     | 0    | 0    | 
|syst_array_axil | A*B          | 17     | 17     | -      | -      | 48     | 0    | 0    | -    | -    | -     | 0    | 0    | 
|syst_array_axil | PCIN>>17+A*B | 30     | 18     | -      | -      | 15     | 0    | 0    | -    | -    | -     | 0    | 0    | 
|syst_array_axil | A*B          | 30     | 18     | -      | -      | 15     | 0    | 0    | -    | -    | -     | 0    | 0    | 
|syst_array_axil | A*B          | 17     | 17     | -      | -      | 48     | 0    | 0    | -    | -    | -     | 0    | 0    | 
|syst_array_axil | PCIN>>17+A*B | 30     | 18     | -      | -      | 15     | 0    | 0    | -    | -    | -     | 0    | 0    | 
|syst_array_axil | A*B          | 30     | 18     | -      | -      | 15     | 0    | 0    | -    | -    | -     | 0    | 0    | 
|syst_array_axil | A*B          | 17     | 17     | -      | -      | 48     | 0    | 0    | -    | -    | -     | 0    | 0    | 
|syst_array_axil | PCIN>>17+A*B | 30     | 18     | -      | -      | 15     | 0    | 0    | -    | -    | -     | 0    | 0    | 
|syst_array_axil | A*B          | 30     | 18     | -      | -      | 15     | 0    | 0    | -    | -    | -     | 0    | 0    | 
|syst_array_axil | A*B          | 17     | 17     | -      | -      | 48     | 0    | 0    | -    | -    | -     | 0    | 0    | 
|syst_array_axil | PCIN>>17+A*B | 30     | 18     | -      | -      | 15     | 0    | 0    | -    | -    | -     | 0    | 0    | 
|syst_array_axil | A*B          | 30     | 18     | -      | -      | 15     | 0    | 0    | -    | -    | -     | 0    | 0    | 
|syst_array_axil | A*B          | 17     | 17     | -      | -      | 48     | 0    | 0    | -    | -    | -     | 0    | 0    | 
|syst_array_axil | PCIN>>17+A*B | 30     | 18     | -      | -      | 15     | 0    | 0    | -    | -    | -     | 0    | 0    | 
|syst_array_axil | A*B          | 30     | 18     | -      | -      | 15     | 0    | 0    | -    | -    | -     | 0    | 0    | 
|syst_array_axil | A*B          | 17     | 17     | -      | -      | 48     | 0    | 0    | -    | -    | -     | 0    | 0    | 
|syst_array_axil | PCIN>>17+A*B | 30     | 18     | -      | -      | 15     | 0    | 0    | -    | -    | -     | 0    | 0    | 
|syst_array_axil | A*B          | 30     | 18     | -      | -      | 15     | 0    | 0    | -    | -    | -     | 0    | 0    | 
|syst_array_axil | A*B          | 17     | 17     | -      | -      | 48     | 0    | 0    | -    | -    | -     | 0    | 0    | 
|syst_array_axil | PCIN>>17+A*B | 30     | 18     | -      | -      | 15     | 0    | 0    | -    | -    | -     | 0    | 0    | 
|syst_array_axil | A*B          | 30     | 18     | -      | -      | 15     | 0    | 0    | -    | -    | -     | 0    | 0    | 
|syst_array_axil | A*B          | 17     | 17     | -      | -      | 48     | 0    | 0    | -    | -    | -     | 0    | 0    | 
|syst_array_axil | PCIN>>17+A*B | 30     | 18     | -      | -      | 15     | 0    | 0    | -    | -    | -     | 0    | 0    | 
|syst_array_axil | A*B          | 30     | 18     | -      | -      | 15     | 0    | 0    | -    | -    | -     | 0    | 0    | 
|syst_array_axil | A*B          | 17     | 17     | -      | -      | 48     | 0    | 0    | -    | -    | -     | 0    | 0    | 
|syst_array_axil | PCIN>>17+A*B | 30     | 18     | -      | -      | 15     | 0    | 0    | -    | -    | -     | 0    | 0    | 
|syst_array_axil | A*B          | 30     | 18     | -      | -      | 15     | 0    | 0    | -    | -    | -     | 0    | 0    | 
|syst_array_axil | A*B          | 17     | 17     | -      | -      | 48     | 0    | 0    | -    | -    | -     | 0    | 0    | 
|syst_array_axil | PCIN>>17+A*B | 30     | 18     | -      | -      | 15     | 0    | 0    | -    | -    | -     | 0    | 0    | 
|syst_array_axil | A*B          | 30     | 18     | -      | -      | 15     | 0    | 0    | -    | -    | -     | 0    | 0    | 
|syst_array_axil | A*B          | 17     | 17     | -      | -      | 48     | 0    | 0    | -    | -    | -     | 0    | 0    | 
|syst_array_axil | PCIN>>17+A*B | 30     | 18     | -      | -      | 15     | 0    | 0    | -    | -    | -     | 0    | 0    | 
|syst_array_axil | A*B          | 30     | 18     | -      | -      | 15     | 0    | 0    | -    | -    | -     | 0    | 0    | 
|syst_array_axil | A*B          | 17     | 17     | -      | -      | 48     | 0    | 0    | -    | -    | -     | 0    | 0    | 
|syst_array_axil | PCIN>>17+A*B | 30     | 18     | -      | -      | 15     | 0    | 0    | -    | -    | -     | 0    | 0    | 
|syst_array_axil | A*B          | 30     | 18     | -      | -      | 15     | 0    | 0    | -    | -    | -     | 0    | 0    | 
|syst_array_axil | A*B          | 17     | 17     | -      | -      | 48     | 0    | 0    | -    | -    | -     | 0    | 0    | 
|syst_array_axil | PCIN>>17+A*B | 30     | 18     | -      | -      | 15     | 0    | 0    | -    | -    | -     | 0    | 0    | 
|syst_array_axil | A*B          | 30     | 18     | -      | -      | 15     | 0    | 0    | -    | -    | -     | 0    | 0    | 
|syst_array_axil | A*B          | 17     | 17     | -      | -      | 48     | 0    | 0    | -    | -    | -     | 0    | 0    | 
|syst_array_axil | PCIN>>17+A*B | 30     | 18     | -      | -      | 15     | 0    | 0    | -    | -    | -     | 0    | 0    | 
|syst_array_axil | A*B          | 30     | 18     | -      | -      | 15     | 0    | 0    | -    | -    | -     | 0    | 0    | 
|syst_array_axil | A*B          | 17     | 17     | -      | -      | 48     | 0    | 0    | -    | -    | -     | 0    | 0    | 
|syst_array_axil | PCIN>>17+A*B | 30     | 18     | -      | -      | 15     | 0    | 0    | -    | -    | -     | 0    | 0    | 
|syst_array_axil | A*B          | 30     | 18     | -      | -      | 15     | 0    | 0    | -    | -    | -     | 0    | 0    | 
|syst_array_axil | A*B          | 17     | 17     | -      | -      | 48     | 0    | 0    | -    | -    | -     | 0    | 0    | 
|syst_array_axil | PCIN>>17+A*B | 30     | 18     | -      | -      | 15     | 0    | 0    | -    | -    | -     | 0    | 0    | 
|syst_array_axil | A*B          | 30     | 18     | -      | -      | 15     | 0    | 0    | -    | -    | -     | 0    | 0    | 
|syst_array_axil | A*B          | 17     | 17     | -      | -      | 48     | 0    | 0    | -    | -    | -     | 0    | 0    | 
|syst_array_axil | PCIN>>17+A*B | 30     | 18     | -      | -      | 15     | 0    | 0    | -    | -    | -     | 0    | 0    | 
|syst_array_axil | A*B          | 30     | 18     | -      | -      | 15     | 0    | 0    | -    | -    | -     | 0    | 0    | 
|syst_array_axil | A*B          | 17     | 17     | -      | -      | 48     | 0    | 0    | -    | -    | -     | 0    | 0    | 
|syst_array_axil | PCIN>>17+A*B | 30     | 18     | -      | -      | 15     | 0    | 0    | -    | -    | -     | 0    | 0    | 
|syst_array_axil | A*B          | 30     | 18     | -      | -      | 15     | 0    | 0    | -    | -    | -     | 0    | 0    | 
|syst_array_axil | A*B          | 17     | 17     | -      | -      | 48     | 0    | 0    | -    | -    | -     | 0    | 0    | 
|syst_array_axil | PCIN>>17+A*B | 30     | 18     | -      | -      | 15     | 0    | 0    | -    | -    | -     | 0    | 0    | 
|syst_array_axil | A*B          | 30     | 18     | -      | -      | 15     | 0    | 0    | -    | -    | -     | 0    | 0    | 
|syst_array_axil | A*B          | 17     | 17     | -      | -      | 48     | 0    | 0    | -    | -    | -     | 0    | 0    | 
|syst_array_axil | PCIN>>17+A*B | 30     | 18     | -      | -      | 15     | 0    | 0    | -    | -    | -     | 0    | 0    | 
|syst_array_axil | A*B          | 30     | 18     | -      | -      | 15     | 0    | 0    | -    | -    | -     | 0    | 0    | 
|syst_array_axil | A*B          | 17     | 17     | -      | -      | 48     | 0    | 0    | -    | -    | -     | 0    | 0    | 
|syst_array_axil | PCIN>>17+A*B | 30     | 18     | -      | -      | 15     | 0    | 0    | -    | -    | -     | 0    | 0    | 
|syst_array_axil | A*B          | 30     | 18     | -      | -      | 15     | 0    | 0    | -    | -    | -     | 0    | 0    | 
|syst_array_axil | A*B          | 17     | 17     | -      | -      | 48     | 0    | 0    | -    | -    | -     | 0    | 0    | 
|syst_array_axil | PCIN>>17+A*B | 30     | 18     | -      | -      | 15     | 0    | 0    | -    | -    | -     | 0    | 0    | 
|syst_array_axil | A*B          | 30     | 18     | -      | -      | 15     | 0    | 0    | -    | -    | -     | 0    | 0    | 
|syst_array_axil | A*B          | 17     | 17     | -      | -      | 48     | 0    | 0    | -    | -    | -     | 0    | 0    | 
|syst_array_axil | PCIN>>17+A*B | 30     | 18     | -      | -      | 15     | 0    | 0    | -    | -    | -     | 0    | 0    | 
|syst_array_axil | A*B          | 30     | 18     | -      | -      | 15     | 0    | 0    | -    | -    | -     | 0    | 0    | 
|syst_array_axil | A*B          | 17     | 17     | -      | -      | 48     | 0    | 0    | -    | -    | -     | 0    | 0    | 
|syst_array_axil | PCIN>>17+A*B | 30     | 18     | -      | -      | 15     | 0    | 0    | -    | -    | -     | 0    | 0    | 
|syst_array_axil | A*B          | 30     | 18     | -      | -      | 15     | 0    | 0    | -    | -    | -     | 0    | 0    | 
|syst_array_axil | A*B          | 17     | 17     | -      | -      | 48     | 0    | 0    | -    | -    | -     | 0    | 0    | 
|syst_array_axil | PCIN>>17+A*B | 30     | 18     | -      | -      | 15     | 0    | 0    | -    | -    | -     | 0    | 0    | 
|syst_array_axil | A*B          | 30     | 18     | -      | -      | 15     | 0    | 0    | -    | -    | -     | 0    | 0    | 
|syst_array_axil | A*B          | 17     | 17     | -      | -      | 48     | 0    | 0    | -    | -    | -     | 0    | 0    | 
|syst_array_axil | PCIN>>17+A*B | 30     | 18     | -      | -      | 15     | 0    | 0    | -    | -    | -     | 0    | 0    | 
|syst_array_axil | A*B          | 30     | 18     | -      | -      | 15     | 0    | 0    | -    | -    | -     | 0    | 0    | 
|syst_array_axil | A*B          | 17     | 17     | -      | -      | 48     | 0    | 0    | -    | -    | -     | 0    | 0    | 
|syst_array_axil | PCIN>>17+A*B | 30     | 18     | -      | -      | 15     | 0    | 0    | -    | -    | -     | 0    | 0    | 
|syst_array_axil | A*B          | 30     | 18     | -      | -      | 15     | 0    | 0    | -    | -    | -     | 0    | 0    | 
|syst_array_axil | A*B          | 17     | 17     | -      | -      | 48     | 0    | 0    | -    | -    | -     | 0    | 0    | 
|syst_array_axil | PCIN>>17+A*B | 30     | 18     | -      | -      | 15     | 0    | 0    | -    | -    | -     | 0    | 0    | 
|syst_array_axil | A*B          | 30     | 18     | -      | -      | 15     | 0    | 0    | -    | -    | -     | 0    | 0    | 
|syst_array_axil | A*B          | 17     | 17     | -      | -      | 48     | 0    | 0    | -    | -    | -     | 0    | 0    | 
|syst_array_axil | PCIN>>17+A*B | 30     | 18     | -      | -      | 15     | 0    | 0    | -    | -    | -     | 0    | 0    | 
|syst_array_axil | A*B          | 30     | 18     | -      | -      | 15     | 0    | 0    | -    | -    | -     | 0    | 0    | 
|syst_array_axil | A*B          | 17     | 17     | -      | -      | 48     | 0    | 0    | -    | -    | -     | 0    | 0    | 
|syst_array_axil | PCIN>>17+A*B | 30     | 18     | -      | -      | 15     | 0    | 0    | -    | -    | -     | 0    | 0    | 
|syst_array_axil | A*B          | 30     | 18     | -      | -      | 15     | 0    | 0    | -    | -    | -     | 0    | 0    | 
|syst_array_axil | A*B          | 17     | 17     | -      | -      | 48     | 0    | 0    | -    | -    | -     | 0    | 0    | 
|syst_array_axil | PCIN>>17+A*B | 30     | 18     | -      | -      | 15     | 0    | 0    | -    | -    | -     | 0    | 0    | 
|syst_array_axil | A*B          | 30     | 18     | -      | -      | 15     | 0    | 0    | -    | -    | -     | 0    | 0    | 
|syst_array_axil | A*B          | 17     | 17     | -      | -      | 48     | 0    | 0    | -    | -    | -     | 0    | 0    | 
|syst_array_axil | PCIN>>17+A*B | 30     | 18     | -      | -      | 15     | 0    | 0    | -    | -    | -     | 0    | 0    | 
|syst_array_axil | A*B          | 30     | 18     | -      | -      | 15     | 0    | 0    | -    | -    | -     | 0    | 0    | 
|syst_array_axil | A*B          | 17     | 17     | -      | -      | 48     | 0    | 0    | -    | -    | -     | 0    | 0    | 
|syst_array_axil | PCIN>>17+A*B | 30     | 18     | -      | -      | 15     | 0    | 0    | -    | -    | -     | 0    | 0    | 
|syst_array_axil | A*B          | 30     | 18     | -      | -      | 15     | 0    | 0    | -    | -    | -     | 0    | 0    | 
|syst_array_axil | A*B          | 17     | 17     | -      | -      | 48     | 0    | 0    | -    | -    | -     | 0    | 0    | 
|syst_array_axil | PCIN>>17+A*B | 30     | 18     | -      | -      | 15     | 0    | 0    | -    | -    | -     | 0    | 0    | 
|syst_array_axil | A*B          | 30     | 18     | -      | -      | 15     | 0    | 0    | -    | -    | -     | 0    | 0    | 
|syst_array_axil | A*B          | 17     | 17     | -      | -      | 48     | 0    | 0    | -    | -    | -     | 0    | 0    | 
|syst_array_axil | PCIN>>17+A*B | 30     | 18     | -      | -      | 15     | 0    | 0    | -    | -    | -     | 0    | 0    | 
|syst_array_axil | A*B          | 30     | 18     | -      | -      | 15     | 0    | 0    | -    | -    | -     | 0    | 0    | 
|syst_array_axil | A*B          | 17     | 17     | -      | -      | 48     | 0    | 0    | -    | -    | -     | 0    | 0    | 
|syst_array_axil | PCIN>>17+A*B | 30     | 18     | -      | -      | 15     | 0    | 0    | -    | -    | -     | 0    | 0    | 
|syst_array_axil | A*B          | 30     | 18     | -      | -      | 15     | 0    | 0    | -    | -    | -     | 0    | 0    | 
|syst_array_axil | A*B          | 17     | 17     | -      | -      | 48     | 0    | 0    | -    | -    | -     | 0    | 0    | 
|syst_array_axil | PCIN>>17+A*B | 30     | 18     | -      | -      | 15     | 0    | 0    | -    | -    | -     | 0    | 0    | 
|syst_array_axil | A*B          | 30     | 18     | -      | -      | 15     | 0    | 0    | -    | -    | -     | 0    | 0    | 
|syst_array_axil | A*B          | 17     | 17     | -      | -      | 48     | 0    | 0    | -    | -    | -     | 0    | 0    | 
|syst_array_axil | PCIN>>17+A*B | 30     | 18     | -      | -      | 15     | 0    | 0    | -    | -    | -     | 0    | 0    | 
|syst_array_axil | A*B          | 30     | 18     | -      | -      | 15     | 0    | 0    | -    | -    | -     | 0    | 0    | 
|syst_array_axil | A*B          | 17     | 17     | -      | -      | 48     | 0    | 0    | -    | -    | -     | 0    | 0    | 
|syst_array_axil | PCIN>>17+A*B | 30     | 18     | -      | -      | 15     | 0    | 0    | -    | -    | -     | 0    | 0    | 
|syst_array_axil | A*B          | 30     | 18     | -      | -      | 15     | 0    | 0    | -    | -    | -     | 0    | 0    | 
|syst_array_axil | A*B          | 17     | 17     | -      | -      | 48     | 0    | 0    | -    | -    | -     | 0    | 0    | 
|syst_array_axil | PCIN>>17+A*B | 30     | 18     | -      | -      | 15     | 0    | 0    | -    | -    | -     | 0    | 0    | 
|syst_array_axil | A*B          | 17     | 17     | -      | -      | 48     | 0    | 0    | -    | -    | -     | 0    | 0    | 
|syst_array_axil | PCIN>>17+A*B | 30     | 18     | -      | -      | 15     | 0    | 0    | -    | -    | -     | 0    | 0    | 
|syst_array_axil | A*B          | 17     | 17     | -      | -      | 48     | 0    | 0    | -    | -    | -     | 0    | 0    | 
|syst_array_axil | PCIN>>17+A*B | 30     | 18     | -      | -      | 15     | 0    | 0    | -    | -    | -     | 0    | 0    | 
|syst_array_axil | A*B          | 17     | 17     | -      | -      | 48     | 0    | 0    | -    | -    | -     | 0    | 0    | 
|syst_array_axil | PCIN>>17+A*B | 30     | 18     | -      | -      | 15     | 0    | 0    | -    | -    | -     | 0    | 0    | 
|syst_array_axil | A*B          | 17     | 17     | -      | -      | 48     | 0    | 0    | -    | -    | -     | 0    | 0    | 
|syst_array_axil | PCIN>>17+A*B | 30     | 18     | -      | -      | 15     | 0    | 0    | -    | -    | -     | 0    | 0    | 
|syst_array_axil | A*B          | 17     | 17     | -      | -      | 48     | 0    | 0    | -    | -    | -     | 0    | 0    | 
|syst_array_axil | PCIN>>17+A*B | 30     | 18     | -      | -      | 15     | 0    | 0    | -    | -    | -     | 0    | 0    | 
|syst_array_axil | A*B          | 30     | 18     | -      | -      | 15     | 0    | 0    | -    | -    | -     | 0    | 0    | 
|syst_array_axil | A*B          | 17     | 17     | -      | -      | 48     | 0    | 0    | -    | -    | -     | 0    | 0    | 
|syst_array_axil | PCIN>>17+A*B | 30     | 18     | -      | -      | 15     | 0    | 0    | -    | -    | -     | 0    | 0    | 
+----------------+--------------+--------+--------+--------+--------+--------+------+------+------+------+-------+------+------+


Report BlackBoxes: 
+-+--------------+----------+
| |BlackBox name |Instances |
+-+--------------+----------+
+-+--------------+----------+

Report Cell Usage: 
+------+--------+------+
|      |Cell    |Count |
+------+--------+------+
|1     |CARRY4  |   980|
|2     |DSP48E1 |   174|
|3     |LUT1    |     3|
|4     |LUT2    |  2046|
|5     |LUT3    |   764|
|6     |LUT4    |   373|
|7     |LUT5    |   726|
|8     |LUT6    |  2525|
|9     |MUXF7   |   152|
|10    |MUXF8   |    75|
|11    |FDCE    |  1706|
|12    |FDPE    |     1|
|13    |FDRE    |     1|
+------+--------+------+
---------------------------------------------------------------------------------
Finished Writing Synthesis Report : Time (s): cpu = 00:00:29 ; elapsed = 00:00:30 . Memory (MB): peak = 2654.484 ; gain = 970.078 ; free physical = 4636 ; free virtual = 10349
---------------------------------------------------------------------------------
Synthesis finished with 0 errors, 0 critical warnings and 61 warnings.
Synthesis Optimization Runtime : Time (s): cpu = 00:00:28 ; elapsed = 00:00:29 . Memory (MB): peak = 2654.484 ; gain = 848.305 ; free physical = 4636 ; free virtual = 10349
Synthesis Optimization Complete : Time (s): cpu = 00:00:29 ; elapsed = 00:00:30 . Memory (MB): peak = 2654.492 ; gain = 970.078 ; free physical = 4642 ; free virtual = 10356
INFO: [Project 1-571] Translating synthesized netlist
Netlist sorting complete. Time (s): cpu = 00:00:00.06 ; elapsed = 00:00:00.07 . Memory (MB): peak = 2654.492 ; gain = 0.000 ; free physical = 4802 ; free virtual = 10516
INFO: [Netlist 29-17] Analyzing 1381 Unisim elements for replacement
INFO: [Netlist 29-28] Unisim Transformation completed in 0 CPU seconds
WARNING: [Netlist 29-101] Netlist 'design_1_syst_array_axil_0_0' is not ideal for floorplanning, since the cellview 'syst_array_axil' contains a large number of primitives.  Please consider enabling hierarchy in synthesis if you want to do floorplanning.
INFO: [Project 1-570] Preparing netlist for logic optimization
INFO: [Opt 31-138] Pushed 0 inverter(s) to 0 load pin(s).
Netlist sorting complete. Time (s): cpu = 00:00:00.01 ; elapsed = 00:00:00 . Memory (MB): peak = 2710.512 ; gain = 0.000 ; free physical = 4817 ; free virtual = 10530
INFO: [Project 1-111] Unisim Transformation Summary:
No Unisim elements were transformed.

Synth Design complete | Checksum: f698ab54
INFO: [Common 17-83] Releasing license: Synthesis
26 Infos, 99 Warnings, 0 Critical Warnings and 0 Errors encountered.
synth_design completed successfully
synth_design: Time (s): cpu = 00:00:37 ; elapsed = 00:00:36 . Memory (MB): peak = 2710.547 ; gain = 1159.031 ; free physical = 4817 ; free virtual = 10530
INFO: [Common 17-2834] synth_design peak Physical Memory [PSS] (MB): overall = 2062.817; main = 1844.132; forked = 275.312
INFO: [Common 17-2834] synth_design peak Virtual Memory [VSS] (MB): overall = 3617.117; main = 2710.516; forked = 962.629
INFO: [Coretcl 2-1174] Renamed 3 cell refs.
Write ShapeDB Complete: Time (s): cpu = 00:00:00.03 ; elapsed = 00:00:00.01 . Memory (MB): peak = 2734.523 ; gain = 0.000 ; free physical = 4817 ; free virtual = 10531
INFO: [Common 17-1381] The checkpoint '/home/ilya/drec-fpga-intro/problems/2026/14_syst_array/fpga/fpga.runs/design_1_syst_array_axil_0_0_synth_1/design_1_syst_array_axil_0_0.dcp' has been generated.
INFO: [Vivado 12-24828] Executing command : report_utilization -file design_1_syst_array_axil_0_0_utilization_synth.rpt -pb design_1_syst_array_axil_0_0_utilization_synth.pb
INFO: [Common 17-206] Exiting Vivado at Fri May 15 21:00:06 2026...
