Copyright 1986-2022 Xilinx, Inc. All Rights Reserved. Copyright 2022-2025 Advanced Micro Devices, Inc. All Rights Reserved.
---------------------------------------------------------------------------------------------------------------------------------------------
| Tool Version : Vivado v.2025.1 (lin64) Build 6140274 Wed May 21 22:58:25 MDT 2025
| Date         : Fri May 15 21:01:00 2026
| Host         : ilya-B550-GAMING-X-V2 running 64-bit Ubuntu 22.04.5 LTS
| Command      : report_drc -file design_1_wrapper_drc_opted.rpt -pb design_1_wrapper_drc_opted.pb -rpx design_1_wrapper_drc_opted.rpx
| Design       : design_1_wrapper
| Device       : xc7z020clg400-2
| Speed File   : -2
| Design State : Synthesized
---------------------------------------------------------------------------------------------------------------------------------------------

Report DRC

Table of Contents
-----------------
1. REPORT SUMMARY
2. REPORT DETAILS

1. REPORT SUMMARY
-----------------
            Netlist: netlist
          Floorplan: design_1
      Design limits: <entire design considered>
           Ruledeck: default
             Max checks: <unlimited>
             Checks found: 696
+--------+----------+------------------------+--------+
| Rule   | Severity | Description            | Checks |
+--------+----------+------------------------+--------+
| DPIP-1 | Warning  | Input pipelining       | 348    |
| DPOP-1 | Warning  | PREG Output pipelining | 174    |
| DPOP-2 | Warning  | MREG Output pipelining | 174    |
+--------+----------+------------------------+--------+

2. REPORT DETAILS
-----------------
DPIP-1#1 Warning
Input pipelining  
DSP design_1_i/syst_array_axil_0/inst/u_syst_array_axil/p_0_out input design_1_i/syst_array_axil_0/inst/u_syst_array_axil/p_0_out/A[29:0] is not pipelined. Pipelining DSP48 input will improve performance.
Related violations: <none>

DPIP-1#2 Warning
Input pipelining  
DSP design_1_i/syst_array_axil_0/inst/u_syst_array_axil/p_0_out input design_1_i/syst_array_axil_0/inst/u_syst_array_axil/p_0_out/B[17:0] is not pipelined. Pipelining DSP48 input will improve performance.
Related violations: <none>

DPIP-1#3 Warning
Input pipelining  
DSP design_1_i/syst_array_axil_0/inst/u_syst_array_axil/p_0_out__0 input design_1_i/syst_array_axil_0/inst/u_syst_array_axil/p_0_out__0/A[29:0] is not pipelined. Pipelining DSP48 input will improve performance.
Related violations: <none>

DPIP-1#4 Warning
Input pipelining  
DSP design_1_i/syst_array_axil_0/inst/u_syst_array_axil/p_0_out__0 input design_1_i/syst_array_axil_0/inst/u_syst_array_axil/p_0_out__0/B[17:0] is not pipelined. Pipelining DSP48 input will improve performance.
Related violations: <none>

DPIP-1#5 Warning
Input pipelining  
DSP design_1_i/syst_array_axil_0/inst/u_syst_array_axil/p_0_out__1 input design_1_i/syst_array_axil_0/inst/u_syst_array_axil/p_0_out__1/A[29:0] is not pipelined. Pipelining DSP48 input will improve performance.
Related violations: <none>

DPIP-1#6 Warning
Input pipelining  
DSP design_1_i/syst_array_axil_0/inst/u_syst_array_axil/p_0_out__1 input design_1_i/syst_array_axil_0/inst/u_syst_array_axil/p_0_out__1/B[17:0] is not pipelined. Pipelining DSP48 input will improve performance.
Related violations: <none>

DPIP-1#7 Warning
Input pipelining  
DSP design_1_i/syst_array_axil_0/inst/u_syst_array_axil/p_0_out__10 input design_1_i/syst_array_axil_0/inst/u_syst_array_axil/p_0_out__10/A[29:0] is not pipelined. Pipelining DSP48 input will improve performance.
Related violations: <none>

DPIP-1#8 Warning
Input pipelining  
DSP design_1_i/syst_array_axil_0/inst/u_syst_array_axil/p_0_out__10 input design_1_i/syst_array_axil_0/inst/u_syst_array_axil/p_0_out__10/B[17:0] is not pipelined. Pipelining DSP48 input will improve performance.
Related violations: <none>

DPIP-1#9 Warning
Input pipelining  
DSP design_1_i/syst_array_axil_0/inst/u_syst_array_axil/p_0_out__100 input design_1_i/syst_array_axil_0/inst/u_syst_array_axil/p_0_out__100/A[29:0] is not pipelined. Pipelining DSP48 input will improve performance.
Related violations: <none>

DPIP-1#10 Warning
Input pipelining  
DSP design_1_i/syst_array_axil_0/inst/u_syst_array_axil/p_0_out__100 input design_1_i/syst_array_axil_0/inst/u_syst_array_axil/p_0_out__100/B[17:0] is not pipelined. Pipelining DSP48 input will improve performance.
Related violations: <none>

DPIP-1#11 Warning
Input pipelining  
DSP design_1_i/syst_array_axil_0/inst/u_syst_array_axil/p_0_out__101 input design_1_i/syst_array_axil_0/inst/u_syst_array_axil/p_0_out__101/A[29:0] is not pipelined. Pipelining DSP48 input will improve performance.
Related violations: <none>

DPIP-1#12 Warning
Input pipelining  
DSP design_1_i/syst_array_axil_0/inst/u_syst_array_axil/p_0_out__101 input design_1_i/syst_array_axil_0/inst/u_syst_array_axil/p_0_out__101/B[17:0] is not pipelined. Pipelining DSP48 input will improve performance.
Related violations: <none>

DPIP-1#13 Warning
Input pipelining  
DSP design_1_i/syst_array_axil_0/inst/u_syst_array_axil/p_0_out__102 input design_1_i/syst_array_axil_0/inst/u_syst_array_axil/p_0_out__102/A[29:0] is not pipelined. Pipelining DSP48 input will improve performance.
Related violations: <none>

DPIP-1#14 Warning
Input pipelining  
DSP design_1_i/syst_array_axil_0/inst/u_syst_array_axil/p_0_out__102 input design_1_i/syst_array_axil_0/inst/u_syst_array_axil/p_0_out__102/B[17:0] is not pipelined. Pipelining DSP48 input will improve performance.
Related violations: <none>

DPIP-1#15 Warning
Input pipelining  
DSP design_1_i/syst_array_axil_0/inst/u_syst_array_axil/p_0_out__103 input design_1_i/syst_array_axil_0/inst/u_syst_array_axil/p_0_out__103/A[29:0] is not pipelined. Pipelining DSP48 input will improve performance.
Related violations: <none>

DPIP-1#16 Warning
Input pipelining  
DSP design_1_i/syst_array_axil_0/inst/u_syst_array_axil/p_0_out__103 input design_1_i/syst_array_axil_0/inst/u_syst_array_axil/p_0_out__103/B[17:0] is not pipelined. Pipelining DSP48 input will improve performance.
Related violations: <none>

DPIP-1#17 Warning
Input pipelining  
DSP design_1_i/syst_array_axil_0/inst/u_syst_array_axil/p_0_out__104 input design_1_i/syst_array_axil_0/inst/u_syst_array_axil/p_0_out__104/A[29:0] is not pipelined. Pipelining DSP48 input will improve performance.
Related violations: <none>

DPIP-1#18 Warning
Input pipelining  
DSP design_1_i/syst_array_axil_0/inst/u_syst_array_axil/p_0_out__104 input design_1_i/syst_array_axil_0/inst/u_syst_array_axil/p_0_out__104/B[17:0] is not pipelined. Pipelining DSP48 input will improve performance.
Related violations: <none>

DPIP-1#19 Warning
Input pipelining  
DSP design_1_i/syst_array_axil_0/inst/u_syst_array_axil/p_0_out__105 input design_1_i/syst_array_axil_0/inst/u_syst_array_axil/p_0_out__105/A[29:0] is not pipelined. Pipelining DSP48 input will improve performance.
Related violations: <none>

DPIP-1#20 Warning
Input pipelining  
DSP design_1_i/syst_array_axil_0/inst/u_syst_array_axil/p_0_out__105 input design_1_i/syst_array_axil_0/inst/u_syst_array_axil/p_0_out__105/B[17:0] is not pipelined. Pipelining DSP48 input will improve performance.
Related violations: <none>

DPIP-1#21 Warning
Input pipelining  
DSP design_1_i/syst_array_axil_0/inst/u_syst_array_axil/p_0_out__106 input design_1_i/syst_array_axil_0/inst/u_syst_array_axil/p_0_out__106/A[29:0] is not pipelined. Pipelining DSP48 input will improve performance.
Related violations: <none>

DPIP-1#22 Warning
Input pipelining  
DSP design_1_i/syst_array_axil_0/inst/u_syst_array_axil/p_0_out__106 input design_1_i/syst_array_axil_0/inst/u_syst_array_axil/p_0_out__106/B[17:0] is not pipelined. Pipelining DSP48 input will improve performance.
Related violations: <none>

DPIP-1#23 Warning
Input pipelining  
DSP design_1_i/syst_array_axil_0/inst/u_syst_array_axil/p_0_out__107 input design_1_i/syst_array_axil_0/inst/u_syst_array_axil/p_0_out__107/A[29:0] is not pipelined. Pipelining DSP48 input will improve performance.
Related violations: <none>

DPIP-1#24 Warning
Input pipelining  
DSP design_1_i/syst_array_axil_0/inst/u_syst_array_axil/p_0_out__107 input design_1_i/syst_array_axil_0/inst/u_syst_array_axil/p_0_out__107/B[17:0] is not pipelined. Pipelining DSP48 input will improve performance.
Related violations: <none>

DPIP-1#25 Warning
Input pipelining  
DSP design_1_i/syst_array_axil_0/inst/u_syst_array_axil/p_0_out__108 input design_1_i/syst_array_axil_0/inst/u_syst_array_axil/p_0_out__108/A[29:0] is not pipelined. Pipelining DSP48 input will improve performance.
Related violations: <none>

DPIP-1#26 Warning
Input pipelining  
DSP design_1_i/syst_array_axil_0/inst/u_syst_array_axil/p_0_out__108 input design_1_i/syst_array_axil_0/inst/u_syst_array_axil/p_0_out__108/B[17:0] is not pipelined. Pipelining DSP48 input will improve performance.
Related violations: <none>

DPIP-1#27 Warning
Input pipelining  
DSP design_1_i/syst_array_axil_0/inst/u_syst_array_axil/p_0_out__109 input design_1_i/syst_array_axil_0/inst/u_syst_array_axil/p_0_out__109/A[29:0] is not pipelined. Pipelining DSP48 input will improve performance.
Related violations: <none>

DPIP-1#28 Warning
Input pipelining  
DSP design_1_i/syst_array_axil_0/inst/u_syst_array_axil/p_0_out__109 input design_1_i/syst_array_axil_0/inst/u_syst_array_axil/p_0_out__109/B[17:0] is not pipelined. Pipelining DSP48 input will improve performance.
Related violations: <none>

DPIP-1#29 Warning
Input pipelining  
DSP design_1_i/syst_array_axil_0/inst/u_syst_array_axil/p_0_out__11 input design_1_i/syst_array_axil_0/inst/u_syst_array_axil/p_0_out__11/A[29:0] is not pipelined. Pipelining DSP48 input will improve performance.
Related violations: <none>

DPIP-1#30 Warning
Input pipelining  
DSP design_1_i/syst_array_axil_0/inst/u_syst_array_axil/p_0_out__11 input design_1_i/syst_array_axil_0/inst/u_syst_array_axil/p_0_out__11/B[17:0] is not pipelined. Pipelining DSP48 input will improve performance.
Related violations: <none>

DPIP-1#31 Warning
Input pipelining  
DSP design_1_i/syst_array_axil_0/inst/u_syst_array_axil/p_0_out__110 input design_1_i/syst_array_axil_0/inst/u_syst_array_axil/p_0_out__110/A[29:0] is not pipelined. Pipelining DSP48 input will improve performance.
Related violations: <none>

DPIP-1#32 Warning
Input pipelining  
DSP design_1_i/syst_array_axil_0/inst/u_syst_array_axil/p_0_out__110 input design_1_i/syst_array_axil_0/inst/u_syst_array_axil/p_0_out__110/B[17:0] is not pipelined. Pipelining DSP48 input will improve performance.
Related violations: <none>

DPIP-1#33 Warning
Input pipelining  
DSP design_1_i/syst_array_axil_0/inst/u_syst_array_axil/p_0_out__111 input design_1_i/syst_array_axil_0/inst/u_syst_array_axil/p_0_out__111/A[29:0] is not pipelined. Pipelining DSP48 input will improve performance.
Related violations: <none>

DPIP-1#34 Warning
Input pipelining  
DSP design_1_i/syst_array_axil_0/inst/u_syst_array_axil/p_0_out__111 input design_1_i/syst_array_axil_0/inst/u_syst_array_axil/p_0_out__111/B[17:0] is not pipelined. Pipelining DSP48 input will improve performance.
Related violations: <none>

DPIP-1#35 Warning
Input pipelining  
DSP design_1_i/syst_array_axil_0/inst/u_syst_array_axil/p_0_out__112 input design_1_i/syst_array_axil_0/inst/u_syst_array_axil/p_0_out__112/A[29:0] is not pipelined. Pipelining DSP48 input will improve performance.
Related violations: <none>

DPIP-1#36 Warning
Input pipelining  
DSP design_1_i/syst_array_axil_0/inst/u_syst_array_axil/p_0_out__112 input design_1_i/syst_array_axil_0/inst/u_syst_array_axil/p_0_out__112/B[17:0] is not pipelined. Pipelining DSP48 input will improve performance.
Related violations: <none>

DPIP-1#37 Warning
Input pipelining  
DSP design_1_i/syst_array_axil_0/inst/u_syst_array_axil/p_0_out__113 input design_1_i/syst_array_axil_0/inst/u_syst_array_axil/p_0_out__113/A[29:0] is not pipelined. Pipelining DSP48 input will improve performance.
Related violations: <none>

DPIP-1#38 Warning
Input pipelining  
DSP design_1_i/syst_array_axil_0/inst/u_syst_array_axil/p_0_out__113 input design_1_i/syst_array_axil_0/inst/u_syst_array_axil/p_0_out__113/B[17:0] is not pipelined. Pipelining DSP48 input will improve performance.
Related violations: <none>

DPIP-1#39 Warning
Input pipelining  
DSP design_1_i/syst_array_axil_0/inst/u_syst_array_axil/p_0_out__114 input design_1_i/syst_array_axil_0/inst/u_syst_array_axil/p_0_out__114/A[29:0] is not pipelined. Pipelining DSP48 input will improve performance.
Related violations: <none>

DPIP-1#40 Warning
Input pipelining  
DSP design_1_i/syst_array_axil_0/inst/u_syst_array_axil/p_0_out__114 input design_1_i/syst_array_axil_0/inst/u_syst_array_axil/p_0_out__114/B[17:0] is not pipelined. Pipelining DSP48 input will improve performance.
Related violations: <none>

DPIP-1#41 Warning
Input pipelining  
DSP design_1_i/syst_array_axil_0/inst/u_syst_array_axil/p_0_out__115 input design_1_i/syst_array_axil_0/inst/u_syst_array_axil/p_0_out__115/A[29:0] is not pipelined. Pipelining DSP48 input will improve performance.
Related violations: <none>

DPIP-1#42 Warning
Input pipelining  
DSP design_1_i/syst_array_axil_0/inst/u_syst_array_axil/p_0_out__115 input design_1_i/syst_array_axil_0/inst/u_syst_array_axil/p_0_out__115/B[17:0] is not pipelined. Pipelining DSP48 input will improve performance.
Related violations: <none>

DPIP-1#43 Warning
Input pipelining  
DSP design_1_i/syst_array_axil_0/inst/u_syst_array_axil/p_0_out__116 input design_1_i/syst_array_axil_0/inst/u_syst_array_axil/p_0_out__116/A[29:0] is not pipelined. Pipelining DSP48 input will improve performance.
Related violations: <none>

DPIP-1#44 Warning
Input pipelining  
DSP design_1_i/syst_array_axil_0/inst/u_syst_array_axil/p_0_out__116 input design_1_i/syst_array_axil_0/inst/u_syst_array_axil/p_0_out__116/B[17:0] is not pipelined. Pipelining DSP48 input will improve performance.
Related violations: <none>

DPIP-1#45 Warning
Input pipelining  
DSP design_1_i/syst_array_axil_0/inst/u_syst_array_axil/p_0_out__117 input design_1_i/syst_array_axil_0/inst/u_syst_array_axil/p_0_out__117/A[29:0] is not pipelined. Pipelining DSP48 input will improve performance.
Related violations: <none>

DPIP-1#46 Warning
Input pipelining  
DSP design_1_i/syst_array_axil_0/inst/u_syst_array_axil/p_0_out__117 input design_1_i/syst_array_axil_0/inst/u_syst_array_axil/p_0_out__117/B[17:0] is not pipelined. Pipelining DSP48 input will improve performance.
Related violations: <none>

DPIP-1#47 Warning
Input pipelining  
DSP design_1_i/syst_array_axil_0/inst/u_syst_array_axil/p_0_out__118 input design_1_i/syst_array_axil_0/inst/u_syst_array_axil/p_0_out__118/A[29:0] is not pipelined. Pipelining DSP48 input will improve performance.
Related violations: <none>

DPIP-1#48 Warning
Input pipelining  
DSP design_1_i/syst_array_axil_0/inst/u_syst_array_axil/p_0_out__118 input design_1_i/syst_array_axil_0/inst/u_syst_array_axil/p_0_out__118/B[17:0] is not pipelined. Pipelining DSP48 input will improve performance.
Related violations: <none>

DPIP-1#49 Warning
Input pipelining  
DSP design_1_i/syst_array_axil_0/inst/u_syst_array_axil/p_0_out__119 input design_1_i/syst_array_axil_0/inst/u_syst_array_axil/p_0_out__119/A[29:0] is not pipelined. Pipelining DSP48 input will improve performance.
Related violations: <none>

DPIP-1#50 Warning
Input pipelining  
DSP design_1_i/syst_array_axil_0/inst/u_syst_array_axil/p_0_out__119 input design_1_i/syst_array_axil_0/inst/u_syst_array_axil/p_0_out__119/B[17:0] is not pipelined. Pipelining DSP48 input will improve performance.
Related violations: <none>

DPIP-1#51 Warning
Input pipelining  
DSP design_1_i/syst_array_axil_0/inst/u_syst_array_axil/p_0_out__12 input design_1_i/syst_array_axil_0/inst/u_syst_array_axil/p_0_out__12/A[29:0] is not pipelined. Pipelining DSP48 input will improve performance.
Related violations: <none>

DPIP-1#52 Warning
Input pipelining  
DSP design_1_i/syst_array_axil_0/inst/u_syst_array_axil/p_0_out__12 input design_1_i/syst_array_axil_0/inst/u_syst_array_axil/p_0_out__12/B[17:0] is not pipelined. Pipelining DSP48 input will improve performance.
Related violations: <none>

DPIP-1#53 Warning
Input pipelining  
DSP design_1_i/syst_array_axil_0/inst/u_syst_array_axil/p_0_out__120 input design_1_i/syst_array_axil_0/inst/u_syst_array_axil/p_0_out__120/A[29:0] is not pipelined. Pipelining DSP48 input will improve performance.
Related violations: <none>

DPIP-1#54 Warning
Input pipelining  
DSP design_1_i/syst_array_axil_0/inst/u_syst_array_axil/p_0_out__120 input design_1_i/syst_array_axil_0/inst/u_syst_array_axil/p_0_out__120/B[17:0] is not pipelined. Pipelining DSP48 input will improve performance.
Related violations: <none>

DPIP-1#55 Warning
Input pipelining  
DSP design_1_i/syst_array_axil_0/inst/u_syst_array_axil/p_0_out__121 input design_1_i/syst_array_axil_0/inst/u_syst_array_axil/p_0_out__121/A[29:0] is not pipelined. Pipelining DSP48 input will improve performance.
Related violations: <none>

DPIP-1#56 Warning
Input pipelining  
DSP design_1_i/syst_array_axil_0/inst/u_syst_array_axil/p_0_out__121 input design_1_i/syst_array_axil_0/inst/u_syst_array_axil/p_0_out__121/B[17:0] is not pipelined. Pipelining DSP48 input will improve performance.
Related violations: <none>

DPIP-1#57 Warning
Input pipelining  
DSP design_1_i/syst_array_axil_0/inst/u_syst_array_axil/p_0_out__122 input design_1_i/syst_array_axil_0/inst/u_syst_array_axil/p_0_out__122/A[29:0] is not pipelined. Pipelining DSP48 input will improve performance.
Related violations: <none>

DPIP-1#58 Warning
Input pipelining  
DSP design_1_i/syst_array_axil_0/inst/u_syst_array_axil/p_0_out__122 input design_1_i/syst_array_axil_0/inst/u_syst_array_axil/p_0_out__122/B[17:0] is not pipelined. Pipelining DSP48 input will improve performance.
Related violations: <none>

DPIP-1#59 Warning
Input pipelining  
DSP design_1_i/syst_array_axil_0/inst/u_syst_array_axil/p_0_out__123 input design_1_i/syst_array_axil_0/inst/u_syst_array_axil/p_0_out__123/A[29:0] is not pipelined. Pipelining DSP48 input will improve performance.
Related violations: <none>

DPIP-1#60 Warning
Input pipelining  
DSP design_1_i/syst_array_axil_0/inst/u_syst_array_axil/p_0_out__123 input design_1_i/syst_array_axil_0/inst/u_syst_array_axil/p_0_out__123/B[17:0] is not pipelined. Pipelining DSP48 input will improve performance.
Related violations: <none>

DPIP-1#61 Warning
Input pipelining  
DSP design_1_i/syst_array_axil_0/inst/u_syst_array_axil/p_0_out__124 input design_1_i/syst_array_axil_0/inst/u_syst_array_axil/p_0_out__124/A[29:0] is not pipelined. Pipelining DSP48 input will improve performance.
Related violations: <none>

DPIP-1#62 Warning
Input pipelining  
DSP design_1_i/syst_array_axil_0/inst/u_syst_array_axil/p_0_out__124 input design_1_i/syst_array_axil_0/inst/u_syst_array_axil/p_0_out__124/B[17:0] is not pipelined. Pipelining DSP48 input will improve performance.
Related violations: <none>

DPIP-1#63 Warning
Input pipelining  
DSP design_1_i/syst_array_axil_0/inst/u_syst_array_axil/p_0_out__125 input design_1_i/syst_array_axil_0/inst/u_syst_array_axil/p_0_out__125/A[29:0] is not pipelined. Pipelining DSP48 input will improve performance.
Related violations: <none>

DPIP-1#64 Warning
Input pipelining  
DSP design_1_i/syst_array_axil_0/inst/u_syst_array_axil/p_0_out__125 input design_1_i/syst_array_axil_0/inst/u_syst_array_axil/p_0_out__125/B[17:0] is not pipelined. Pipelining DSP48 input will improve performance.
Related violations: <none>

DPIP-1#65 Warning
Input pipelining  
DSP design_1_i/syst_array_axil_0/inst/u_syst_array_axil/p_0_out__126 input design_1_i/syst_array_axil_0/inst/u_syst_array_axil/p_0_out__126/A[29:0] is not pipelined. Pipelining DSP48 input will improve performance.
Related violations: <none>

DPIP-1#66 Warning
Input pipelining  
DSP design_1_i/syst_array_axil_0/inst/u_syst_array_axil/p_0_out__126 input design_1_i/syst_array_axil_0/inst/u_syst_array_axil/p_0_out__126/B[17:0] is not pipelined. Pipelining DSP48 input will improve performance.
Related violations: <none>

DPIP-1#67 Warning
Input pipelining  
DSP design_1_i/syst_array_axil_0/inst/u_syst_array_axil/p_0_out__127 input design_1_i/syst_array_axil_0/inst/u_syst_array_axil/p_0_out__127/A[29:0] is not pipelined. Pipelining DSP48 input will improve performance.
Related violations: <none>

DPIP-1#68 Warning
Input pipelining  
DSP design_1_i/syst_array_axil_0/inst/u_syst_array_axil/p_0_out__127 input design_1_i/syst_array_axil_0/inst/u_syst_array_axil/p_0_out__127/B[17:0] is not pipelined. Pipelining DSP48 input will improve performance.
Related violations: <none>

DPIP-1#69 Warning
Input pipelining  
DSP design_1_i/syst_array_axil_0/inst/u_syst_array_axil/p_0_out__128 input design_1_i/syst_array_axil_0/inst/u_syst_array_axil/p_0_out__128/A[29:0] is not pipelined. Pipelining DSP48 input will improve performance.
Related violations: <none>

DPIP-1#70 Warning
Input pipelining  
DSP design_1_i/syst_array_axil_0/inst/u_syst_array_axil/p_0_out__128 input design_1_i/syst_array_axil_0/inst/u_syst_array_axil/p_0_out__128/B[17:0] is not pipelined. Pipelining DSP48 input will improve performance.
Related violations: <none>

DPIP-1#71 Warning
Input pipelining  
DSP design_1_i/syst_array_axil_0/inst/u_syst_array_axil/p_0_out__129 input design_1_i/syst_array_axil_0/inst/u_syst_array_axil/p_0_out__129/A[29:0] is not pipelined. Pipelining DSP48 input will improve performance.
Related violations: <none>

DPIP-1#72 Warning
Input pipelining  
DSP design_1_i/syst_array_axil_0/inst/u_syst_array_axil/p_0_out__129 input design_1_i/syst_array_axil_0/inst/u_syst_array_axil/p_0_out__129/B[17:0] is not pipelined. Pipelining DSP48 input will improve performance.
Related violations: <none>

DPIP-1#73 Warning
Input pipelining  
DSP design_1_i/syst_array_axil_0/inst/u_syst_array_axil/p_0_out__13 input design_1_i/syst_array_axil_0/inst/u_syst_array_axil/p_0_out__13/A[29:0] is not pipelined. Pipelining DSP48 input will improve performance.
Related violations: <none>

DPIP-1#74 Warning
Input pipelining  
DSP design_1_i/syst_array_axil_0/inst/u_syst_array_axil/p_0_out__13 input design_1_i/syst_array_axil_0/inst/u_syst_array_axil/p_0_out__13/B[17:0] is not pipelined. Pipelining DSP48 input will improve performance.
Related violations: <none>

DPIP-1#75 Warning
Input pipelining  
DSP design_1_i/syst_array_axil_0/inst/u_syst_array_axil/p_0_out__130 input design_1_i/syst_array_axil_0/inst/u_syst_array_axil/p_0_out__130/A[29:0] is not pipelined. Pipelining DSP48 input will improve performance.
Related violations: <none>

DPIP-1#76 Warning
Input pipelining  
DSP design_1_i/syst_array_axil_0/inst/u_syst_array_axil/p_0_out__130 input design_1_i/syst_array_axil_0/inst/u_syst_array_axil/p_0_out__130/B[17:0] is not pipelined. Pipelining DSP48 input will improve performance.
Related violations: <none>

DPIP-1#77 Warning
Input pipelining  
DSP design_1_i/syst_array_axil_0/inst/u_syst_array_axil/p_0_out__131 input design_1_i/syst_array_axil_0/inst/u_syst_array_axil/p_0_out__131/A[29:0] is not pipelined. Pipelining DSP48 input will improve performance.
Related violations: <none>

DPIP-1#78 Warning
Input pipelining  
DSP design_1_i/syst_array_axil_0/inst/u_syst_array_axil/p_0_out__131 input design_1_i/syst_array_axil_0/inst/u_syst_array_axil/p_0_out__131/B[17:0] is not pipelined. Pipelining DSP48 input will improve performance.
Related violations: <none>

DPIP-1#79 Warning
Input pipelining  
DSP design_1_i/syst_array_axil_0/inst/u_syst_array_axil/p_0_out__132 input design_1_i/syst_array_axil_0/inst/u_syst_array_axil/p_0_out__132/A[29:0] is not pipelined. Pipelining DSP48 input will improve performance.
Related violations: <none>

DPIP-1#80 Warning
Input pipelining  
DSP design_1_i/syst_array_axil_0/inst/u_syst_array_axil/p_0_out__132 input design_1_i/syst_array_axil_0/inst/u_syst_array_axil/p_0_out__132/B[17:0] is not pipelined. Pipelining DSP48 input will improve performance.
Related violations: <none>

DPIP-1#81 Warning
Input pipelining  
DSP design_1_i/syst_array_axil_0/inst/u_syst_array_axil/p_0_out__133 input design_1_i/syst_array_axil_0/inst/u_syst_array_axil/p_0_out__133/A[29:0] is not pipelined. Pipelining DSP48 input will improve performance.
Related violations: <none>

DPIP-1#82 Warning
Input pipelining  
DSP design_1_i/syst_array_axil_0/inst/u_syst_array_axil/p_0_out__133 input design_1_i/syst_array_axil_0/inst/u_syst_array_axil/p_0_out__133/B[17:0] is not pipelined. Pipelining DSP48 input will improve performance.
Related violations: <none>

DPIP-1#83 Warning
Input pipelining  
DSP design_1_i/syst_array_axil_0/inst/u_syst_array_axil/p_0_out__134 input design_1_i/syst_array_axil_0/inst/u_syst_array_axil/p_0_out__134/A[29:0] is not pipelined. Pipelining DSP48 input will improve performance.
Related violations: <none>

DPIP-1#84 Warning
Input pipelining  
DSP design_1_i/syst_array_axil_0/inst/u_syst_array_axil/p_0_out__134 input design_1_i/syst_array_axil_0/inst/u_syst_array_axil/p_0_out__134/B[17:0] is not pipelined. Pipelining DSP48 input will improve performance.
Related violations: <none>

DPIP-1#85 Warning
Input pipelining  
DSP design_1_i/syst_array_axil_0/inst/u_syst_array_axil/p_0_out__135 input design_1_i/syst_array_axil_0/inst/u_syst_array_axil/p_0_out__135/A[29:0] is not pipelined. Pipelining DSP48 input will improve performance.
Related violations: <none>

DPIP-1#86 Warning
Input pipelining  
DSP design_1_i/syst_array_axil_0/inst/u_syst_array_axil/p_0_out__135 input design_1_i/syst_array_axil_0/inst/u_syst_array_axil/p_0_out__135/B[17:0] is not pipelined. Pipelining DSP48 input will improve performance.
Related violations: <none>

DPIP-1#87 Warning
Input pipelining  
DSP design_1_i/syst_array_axil_0/inst/u_syst_array_axil/p_0_out__136 input design_1_i/syst_array_axil_0/inst/u_syst_array_axil/p_0_out__136/A[29:0] is not pipelined. Pipelining DSP48 input will improve performance.
Related violations: <none>

DPIP-1#88 Warning
Input pipelining  
DSP design_1_i/syst_array_axil_0/inst/u_syst_array_axil/p_0_out__136 input design_1_i/syst_array_axil_0/inst/u_syst_array_axil/p_0_out__136/B[17:0] is not pipelined. Pipelining DSP48 input will improve performance.
Related violations: <none>

DPIP-1#89 Warning
Input pipelining  
DSP design_1_i/syst_array_axil_0/inst/u_syst_array_axil/p_0_out__137 input design_1_i/syst_array_axil_0/inst/u_syst_array_axil/p_0_out__137/A[29:0] is not pipelined. Pipelining DSP48 input will improve performance.
Related violations: <none>

DPIP-1#90 Warning
Input pipelining  
DSP design_1_i/syst_array_axil_0/inst/u_syst_array_axil/p_0_out__137 input design_1_i/syst_array_axil_0/inst/u_syst_array_axil/p_0_out__137/B[17:0] is not pipelined. Pipelining DSP48 input will improve performance.
Related violations: <none>

DPIP-1#91 Warning
Input pipelining  
DSP design_1_i/syst_array_axil_0/inst/u_syst_array_axil/p_0_out__138 input design_1_i/syst_array_axil_0/inst/u_syst_array_axil/p_0_out__138/A[29:0] is not pipelined. Pipelining DSP48 input will improve performance.
Related violations: <none>

DPIP-1#92 Warning
Input pipelining  
DSP design_1_i/syst_array_axil_0/inst/u_syst_array_axil/p_0_out__138 input design_1_i/syst_array_axil_0/inst/u_syst_array_axil/p_0_out__138/B[17:0] is not pipelined. Pipelining DSP48 input will improve performance.
Related violations: <none>

DPIP-1#93 Warning
Input pipelining  
DSP design_1_i/syst_array_axil_0/inst/u_syst_array_axil/p_0_out__139 input design_1_i/syst_array_axil_0/inst/u_syst_array_axil/p_0_out__139/A[29:0] is not pipelined. Pipelining DSP48 input will improve performance.
Related violations: <none>

DPIP-1#94 Warning
Input pipelining  
DSP design_1_i/syst_array_axil_0/inst/u_syst_array_axil/p_0_out__139 input design_1_i/syst_array_axil_0/inst/u_syst_array_axil/p_0_out__139/B[17:0] is not pipelined. Pipelining DSP48 input will improve performance.
Related violations: <none>

DPIP-1#95 Warning
Input pipelining  
DSP design_1_i/syst_array_axil_0/inst/u_syst_array_axil/p_0_out__14 input design_1_i/syst_array_axil_0/inst/u_syst_array_axil/p_0_out__14/A[29:0] is not pipelined. Pipelining DSP48 input will improve performance.
Related violations: <none>

DPIP-1#96 Warning
Input pipelining  
DSP design_1_i/syst_array_axil_0/inst/u_syst_array_axil/p_0_out__14 input design_1_i/syst_array_axil_0/inst/u_syst_array_axil/p_0_out__14/B[17:0] is not pipelined. Pipelining DSP48 input will improve performance.
Related violations: <none>

DPIP-1#97 Warning
Input pipelining  
DSP design_1_i/syst_array_axil_0/inst/u_syst_array_axil/p_0_out__140 input design_1_i/syst_array_axil_0/inst/u_syst_array_axil/p_0_out__140/A[29:0] is not pipelined. Pipelining DSP48 input will improve performance.
Related violations: <none>

DPIP-1#98 Warning
Input pipelining  
DSP design_1_i/syst_array_axil_0/inst/u_syst_array_axil/p_0_out__140 input design_1_i/syst_array_axil_0/inst/u_syst_array_axil/p_0_out__140/B[17:0] is not pipelined. Pipelining DSP48 input will improve performance.
Related violations: <none>

DPIP-1#99 Warning
Input pipelining  
DSP design_1_i/syst_array_axil_0/inst/u_syst_array_axil/p_0_out__141 input design_1_i/syst_array_axil_0/inst/u_syst_array_axil/p_0_out__141/A[29:0] is not pipelined. Pipelining DSP48 input will improve performance.
Related violations: <none>

DPIP-1#100 Warning
Input pipelining  
DSP design_1_i/syst_array_axil_0/inst/u_syst_array_axil/p_0_out__141 input design_1_i/syst_array_axil_0/inst/u_syst_array_axil/p_0_out__141/B[17:0] is not pipelined. Pipelining DSP48 input will improve performance.
Related violations: <none>

DPIP-1#101 Warning
Input pipelining  
DSP design_1_i/syst_array_axil_0/inst/u_syst_array_axil/p_0_out__142 input design_1_i/syst_array_axil_0/inst/u_syst_array_axil/p_0_out__142/A[29:0] is not pipelined. Pipelining DSP48 input will improve performance.
Related violations: <none>

DPIP-1#102 Warning
Input pipelining  
DSP design_1_i/syst_array_axil_0/inst/u_syst_array_axil/p_0_out__142 input design_1_i/syst_array_axil_0/inst/u_syst_array_axil/p_0_out__142/B[17:0] is not pipelined. Pipelining DSP48 input will improve performance.
Related violations: <none>

DPIP-1#103 Warning
Input pipelining  
DSP design_1_i/syst_array_axil_0/inst/u_syst_array_axil/p_0_out__143 input design_1_i/syst_array_axil_0/inst/u_syst_array_axil/p_0_out__143/A[29:0] is not pipelined. Pipelining DSP48 input will improve performance.
Related violations: <none>

DPIP-1#104 Warning
Input pipelining  
DSP design_1_i/syst_array_axil_0/inst/u_syst_array_axil/p_0_out__143 input design_1_i/syst_array_axil_0/inst/u_syst_array_axil/p_0_out__143/B[17:0] is not pipelined. Pipelining DSP48 input will improve performance.
Related violations: <none>

DPIP-1#105 Warning
Input pipelining  
DSP design_1_i/syst_array_axil_0/inst/u_syst_array_axil/p_0_out__144 input design_1_i/syst_array_axil_0/inst/u_syst_array_axil/p_0_out__144/A[29:0] is not pipelined. Pipelining DSP48 input will improve performance.
Related violations: <none>

DPIP-1#106 Warning
Input pipelining  
DSP design_1_i/syst_array_axil_0/inst/u_syst_array_axil/p_0_out__144 input design_1_i/syst_array_axil_0/inst/u_syst_array_axil/p_0_out__144/B[17:0] is not pipelined. Pipelining DSP48 input will improve performance.
Related violations: <none>

DPIP-1#107 Warning
Input pipelining  
DSP design_1_i/syst_array_axil_0/inst/u_syst_array_axil/p_0_out__145 input design_1_i/syst_array_axil_0/inst/u_syst_array_axil/p_0_out__145/A[29:0] is not pipelined. Pipelining DSP48 input will improve performance.
Related violations: <none>

DPIP-1#108 Warning
Input pipelining  
DSP design_1_i/syst_array_axil_0/inst/u_syst_array_axil/p_0_out__145 input design_1_i/syst_array_axil_0/inst/u_syst_array_axil/p_0_out__145/B[17:0] is not pipelined. Pipelining DSP48 input will improve performance.
Related violations: <none>

DPIP-1#109 Warning
Input pipelining  
DSP design_1_i/syst_array_axil_0/inst/u_syst_array_axil/p_0_out__146 input design_1_i/syst_array_axil_0/inst/u_syst_array_axil/p_0_out__146/A[29:0] is not pipelined. Pipelining DSP48 input will improve performance.
Related violations: <none>

DPIP-1#110 Warning
Input pipelining  
DSP design_1_i/syst_array_axil_0/inst/u_syst_array_axil/p_0_out__146 input design_1_i/syst_array_axil_0/inst/u_syst_array_axil/p_0_out__146/B[17:0] is not pipelined. Pipelining DSP48 input will improve performance.
Related violations: <none>

DPIP-1#111 Warning
Input pipelining  
DSP design_1_i/syst_array_axil_0/inst/u_syst_array_axil/p_0_out__147 input design_1_i/syst_array_axil_0/inst/u_syst_array_axil/p_0_out__147/A[29:0] is not pipelined. Pipelining DSP48 input will improve performance.
Related violations: <none>

DPIP-1#112 Warning
Input pipelining  
DSP design_1_i/syst_array_axil_0/inst/u_syst_array_axil/p_0_out__147 input design_1_i/syst_array_axil_0/inst/u_syst_array_axil/p_0_out__147/B[17:0] is not pipelined. Pipelining DSP48 input will improve performance.
Related violations: <none>

DPIP-1#113 Warning
Input pipelining  
DSP design_1_i/syst_array_axil_0/inst/u_syst_array_axil/p_0_out__148 input design_1_i/syst_array_axil_0/inst/u_syst_array_axil/p_0_out__148/A[29:0] is not pipelined. Pipelining DSP48 input will improve performance.
Related violations: <none>

DPIP-1#114 Warning
Input pipelining  
DSP design_1_i/syst_array_axil_0/inst/u_syst_array_axil/p_0_out__148 input design_1_i/syst_array_axil_0/inst/u_syst_array_axil/p_0_out__148/B[17:0] is not pipelined. Pipelining DSP48 input will improve performance.
Related violations: <none>

DPIP-1#115 Warning
Input pipelining  
DSP design_1_i/syst_array_axil_0/inst/u_syst_array_axil/p_0_out__149 input design_1_i/syst_array_axil_0/inst/u_syst_array_axil/p_0_out__149/A[29:0] is not pipelined. Pipelining DSP48 input will improve performance.
Related violations: <none>

DPIP-1#116 Warning
Input pipelining  
DSP design_1_i/syst_array_axil_0/inst/u_syst_array_axil/p_0_out__149 input design_1_i/syst_array_axil_0/inst/u_syst_array_axil/p_0_out__149/B[17:0] is not pipelined. Pipelining DSP48 input will improve performance.
Related violations: <none>

DPIP-1#117 Warning
Input pipelining  
DSP design_1_i/syst_array_axil_0/inst/u_syst_array_axil/p_0_out__15 input design_1_i/syst_array_axil_0/inst/u_syst_array_axil/p_0_out__15/A[29:0] is not pipelined. Pipelining DSP48 input will improve performance.
Related violations: <none>

DPIP-1#118 Warning
Input pipelining  
DSP design_1_i/syst_array_axil_0/inst/u_syst_array_axil/p_0_out__15 input design_1_i/syst_array_axil_0/inst/u_syst_array_axil/p_0_out__15/B[17:0] is not pipelined. Pipelining DSP48 input will improve performance.
Related violations: <none>

DPIP-1#119 Warning
Input pipelining  
DSP design_1_i/syst_array_axil_0/inst/u_syst_array_axil/p_0_out__150 input design_1_i/syst_array_axil_0/inst/u_syst_array_axil/p_0_out__150/A[29:0] is not pipelined. Pipelining DSP48 input will improve performance.
Related violations: <none>

DPIP-1#120 Warning
Input pipelining  
DSP design_1_i/syst_array_axil_0/inst/u_syst_array_axil/p_0_out__150 input design_1_i/syst_array_axil_0/inst/u_syst_array_axil/p_0_out__150/B[17:0] is not pipelined. Pipelining DSP48 input will improve performance.
Related violations: <none>

DPIP-1#121 Warning
Input pipelining  
DSP design_1_i/syst_array_axil_0/inst/u_syst_array_axil/p_0_out__151 input design_1_i/syst_array_axil_0/inst/u_syst_array_axil/p_0_out__151/A[29:0] is not pipelined. Pipelining DSP48 input will improve performance.
Related violations: <none>

DPIP-1#122 Warning
Input pipelining  
DSP design_1_i/syst_array_axil_0/inst/u_syst_array_axil/p_0_out__151 input design_1_i/syst_array_axil_0/inst/u_syst_array_axil/p_0_out__151/B[17:0] is not pipelined. Pipelining DSP48 input will improve performance.
Related violations: <none>

DPIP-1#123 Warning
Input pipelining  
DSP design_1_i/syst_array_axil_0/inst/u_syst_array_axil/p_0_out__152 input design_1_i/syst_array_axil_0/inst/u_syst_array_axil/p_0_out__152/A[29:0] is not pipelined. Pipelining DSP48 input will improve performance.
Related violations: <none>

DPIP-1#124 Warning
Input pipelining  
DSP design_1_i/syst_array_axil_0/inst/u_syst_array_axil/p_0_out__152 input design_1_i/syst_array_axil_0/inst/u_syst_array_axil/p_0_out__152/B[17:0] is not pipelined. Pipelining DSP48 input will improve performance.
Related violations: <none>

DPIP-1#125 Warning
Input pipelining  
DSP design_1_i/syst_array_axil_0/inst/u_syst_array_axil/p_0_out__153 input design_1_i/syst_array_axil_0/inst/u_syst_array_axil/p_0_out__153/A[29:0] is not pipelined. Pipelining DSP48 input will improve performance.
Related violations: <none>

DPIP-1#126 Warning
Input pipelining  
DSP design_1_i/syst_array_axil_0/inst/u_syst_array_axil/p_0_out__153 input design_1_i/syst_array_axil_0/inst/u_syst_array_axil/p_0_out__153/B[17:0] is not pipelined. Pipelining DSP48 input will improve performance.
Related violations: <none>

DPIP-1#127 Warning
Input pipelining  
DSP design_1_i/syst_array_axil_0/inst/u_syst_array_axil/p_0_out__154 input design_1_i/syst_array_axil_0/inst/u_syst_array_axil/p_0_out__154/A[29:0] is not pipelined. Pipelining DSP48 input will improve performance.
Related violations: <none>

DPIP-1#128 Warning
Input pipelining  
DSP design_1_i/syst_array_axil_0/inst/u_syst_array_axil/p_0_out__154 input design_1_i/syst_array_axil_0/inst/u_syst_array_axil/p_0_out__154/B[17:0] is not pipelined. Pipelining DSP48 input will improve performance.
Related violations: <none>

DPIP-1#129 Warning
Input pipelining  
DSP design_1_i/syst_array_axil_0/inst/u_syst_array_axil/p_0_out__155 input design_1_i/syst_array_axil_0/inst/u_syst_array_axil/p_0_out__155/A[29:0] is not pipelined. Pipelining DSP48 input will improve performance.
Related violations: <none>

DPIP-1#130 Warning
Input pipelining  
DSP design_1_i/syst_array_axil_0/inst/u_syst_array_axil/p_0_out__155 input design_1_i/syst_array_axil_0/inst/u_syst_array_axil/p_0_out__155/B[17:0] is not pipelined. Pipelining DSP48 input will improve performance.
Related violations: <none>

DPIP-1#131 Warning
Input pipelining  
DSP design_1_i/syst_array_axil_0/inst/u_syst_array_axil/p_0_out__156 input design_1_i/syst_array_axil_0/inst/u_syst_array_axil/p_0_out__156/A[29:0] is not pipelined. Pipelining DSP48 input will improve performance.
Related violations: <none>

DPIP-1#132 Warning
Input pipelining  
DSP design_1_i/syst_array_axil_0/inst/u_syst_array_axil/p_0_out__156 input design_1_i/syst_array_axil_0/inst/u_syst_array_axil/p_0_out__156/B[17:0] is not pipelined. Pipelining DSP48 input will improve performance.
Related violations: <none>

DPIP-1#133 Warning
Input pipelining  
DSP design_1_i/syst_array_axil_0/inst/u_syst_array_axil/p_0_out__157 input design_1_i/syst_array_axil_0/inst/u_syst_array_axil/p_0_out__157/A[29:0] is not pipelined. Pipelining DSP48 input will improve performance.
Related violations: <none>

DPIP-1#134 Warning
Input pipelining  
DSP design_1_i/syst_array_axil_0/inst/u_syst_array_axil/p_0_out__157 input design_1_i/syst_array_axil_0/inst/u_syst_array_axil/p_0_out__157/B[17:0] is not pipelined. Pipelining DSP48 input will improve performance.
Related violations: <none>

DPIP-1#135 Warning
Input pipelining  
DSP design_1_i/syst_array_axil_0/inst/u_syst_array_axil/p_0_out__158 input design_1_i/syst_array_axil_0/inst/u_syst_array_axil/p_0_out__158/A[29:0] is not pipelined. Pipelining DSP48 input will improve performance.
Related violations: <none>

DPIP-1#136 Warning
Input pipelining  
DSP design_1_i/syst_array_axil_0/inst/u_syst_array_axil/p_0_out__158 input design_1_i/syst_array_axil_0/inst/u_syst_array_axil/p_0_out__158/B[17:0] is not pipelined. Pipelining DSP48 input will improve performance.
Related violations: <none>

DPIP-1#137 Warning
Input pipelining  
DSP design_1_i/syst_array_axil_0/inst/u_syst_array_axil/p_0_out__159 input design_1_i/syst_array_axil_0/inst/u_syst_array_axil/p_0_out__159/A[29:0] is not pipelined. Pipelining DSP48 input will improve performance.
Related violations: <none>

DPIP-1#138 Warning
Input pipelining  
DSP design_1_i/syst_array_axil_0/inst/u_syst_array_axil/p_0_out__159 input design_1_i/syst_array_axil_0/inst/u_syst_array_axil/p_0_out__159/B[17:0] is not pipelined. Pipelining DSP48 input will improve performance.
Related violations: <none>

DPIP-1#139 Warning
Input pipelining  
DSP design_1_i/syst_array_axil_0/inst/u_syst_array_axil/p_0_out__16 input design_1_i/syst_array_axil_0/inst/u_syst_array_axil/p_0_out__16/A[29:0] is not pipelined. Pipelining DSP48 input will improve performance.
Related violations: <none>

DPIP-1#140 Warning
Input pipelining  
DSP design_1_i/syst_array_axil_0/inst/u_syst_array_axil/p_0_out__16 input design_1_i/syst_array_axil_0/inst/u_syst_array_axil/p_0_out__16/B[17:0] is not pipelined. Pipelining DSP48 input will improve performance.
Related violations: <none>

DPIP-1#141 Warning
Input pipelining  
DSP design_1_i/syst_array_axil_0/inst/u_syst_array_axil/p_0_out__160 input design_1_i/syst_array_axil_0/inst/u_syst_array_axil/p_0_out__160/A[29:0] is not pipelined. Pipelining DSP48 input will improve performance.
Related violations: <none>

DPIP-1#142 Warning
Input pipelining  
DSP design_1_i/syst_array_axil_0/inst/u_syst_array_axil/p_0_out__160 input design_1_i/syst_array_axil_0/inst/u_syst_array_axil/p_0_out__160/B[17:0] is not pipelined. Pipelining DSP48 input will improve performance.
Related violations: <none>

DPIP-1#143 Warning
Input pipelining  
DSP design_1_i/syst_array_axil_0/inst/u_syst_array_axil/p_0_out__161 input design_1_i/syst_array_axil_0/inst/u_syst_array_axil/p_0_out__161/A[29:0] is not pipelined. Pipelining DSP48 input will improve performance.
Related violations: <none>

DPIP-1#144 Warning
Input pipelining  
DSP design_1_i/syst_array_axil_0/inst/u_syst_array_axil/p_0_out__161 input design_1_i/syst_array_axil_0/inst/u_syst_array_axil/p_0_out__161/B[17:0] is not pipelined. Pipelining DSP48 input will improve performance.
Related violations: <none>

DPIP-1#145 Warning
Input pipelining  
DSP design_1_i/syst_array_axil_0/inst/u_syst_array_axil/p_0_out__162 input design_1_i/syst_array_axil_0/inst/u_syst_array_axil/p_0_out__162/A[29:0] is not pipelined. Pipelining DSP48 input will improve performance.
Related violations: <none>

DPIP-1#146 Warning
Input pipelining  
DSP design_1_i/syst_array_axil_0/inst/u_syst_array_axil/p_0_out__162 input design_1_i/syst_array_axil_0/inst/u_syst_array_axil/p_0_out__162/B[17:0] is not pipelined. Pipelining DSP48 input will improve performance.
Related violations: <none>

DPIP-1#147 Warning
Input pipelining  
DSP design_1_i/syst_array_axil_0/inst/u_syst_array_axil/p_0_out__163 input design_1_i/syst_array_axil_0/inst/u_syst_array_axil/p_0_out__163/A[29:0] is not pipelined. Pipelining DSP48 input will improve performance.
Related violations: <none>

DPIP-1#148 Warning
Input pipelining  
DSP design_1_i/syst_array_axil_0/inst/u_syst_array_axil/p_0_out__163 input design_1_i/syst_array_axil_0/inst/u_syst_array_axil/p_0_out__163/B[17:0] is not pipelined. Pipelining DSP48 input will improve performance.
Related violations: <none>

DPIP-1#149 Warning
Input pipelining  
DSP design_1_i/syst_array_axil_0/inst/u_syst_array_axil/p_0_out__164 input design_1_i/syst_array_axil_0/inst/u_syst_array_axil/p_0_out__164/A[29:0] is not pipelined. Pipelining DSP48 input will improve performance.
Related violations: <none>

DPIP-1#150 Warning
Input pipelining  
DSP design_1_i/syst_array_axil_0/inst/u_syst_array_axil/p_0_out__164 input design_1_i/syst_array_axil_0/inst/u_syst_array_axil/p_0_out__164/B[17:0] is not pipelined. Pipelining DSP48 input will improve performance.
Related violations: <none>

DPIP-1#151 Warning
Input pipelining  
DSP design_1_i/syst_array_axil_0/inst/u_syst_array_axil/p_0_out__165 input design_1_i/syst_array_axil_0/inst/u_syst_array_axil/p_0_out__165/A[29:0] is not pipelined. Pipelining DSP48 input will improve performance.
Related violations: <none>

DPIP-1#152 Warning
Input pipelining  
DSP design_1_i/syst_array_axil_0/inst/u_syst_array_axil/p_0_out__165 input design_1_i/syst_array_axil_0/inst/u_syst_array_axil/p_0_out__165/B[17:0] is not pipelined. Pipelining DSP48 input will improve performance.
Related violations: <none>

DPIP-1#153 Warning
Input pipelining  
DSP design_1_i/syst_array_axil_0/inst/u_syst_array_axil/p_0_out__166 input design_1_i/syst_array_axil_0/inst/u_syst_array_axil/p_0_out__166/A[29:0] is not pipelined. Pipelining DSP48 input will improve performance.
Related violations: <none>

DPIP-1#154 Warning
Input pipelining  
DSP design_1_i/syst_array_axil_0/inst/u_syst_array_axil/p_0_out__166 input design_1_i/syst_array_axil_0/inst/u_syst_array_axil/p_0_out__166/B[17:0] is not pipelined. Pipelining DSP48 input will improve performance.
Related violations: <none>

DPIP-1#155 Warning
Input pipelining  
DSP design_1_i/syst_array_axil_0/inst/u_syst_array_axil/p_0_out__167 input design_1_i/syst_array_axil_0/inst/u_syst_array_axil/p_0_out__167/A[29:0] is not pipelined. Pipelining DSP48 input will improve performance.
Related violations: <none>

DPIP-1#156 Warning
Input pipelining  
DSP design_1_i/syst_array_axil_0/inst/u_syst_array_axil/p_0_out__167 input design_1_i/syst_array_axil_0/inst/u_syst_array_axil/p_0_out__167/B[17:0] is not pipelined. Pipelining DSP48 input will improve performance.
Related violations: <none>

DPIP-1#157 Warning
Input pipelining  
DSP design_1_i/syst_array_axil_0/inst/u_syst_array_axil/p_0_out__168 input design_1_i/syst_array_axil_0/inst/u_syst_array_axil/p_0_out__168/A[29:0] is not pipelined. Pipelining DSP48 input will improve performance.
Related violations: <none>

DPIP-1#158 Warning
Input pipelining  
DSP design_1_i/syst_array_axil_0/inst/u_syst_array_axil/p_0_out__168 input design_1_i/syst_array_axil_0/inst/u_syst_array_axil/p_0_out__168/B[17:0] is not pipelined. Pipelining DSP48 input will improve performance.
Related violations: <none>

DPIP-1#159 Warning
Input pipelining  
DSP design_1_i/syst_array_axil_0/inst/u_syst_array_axil/p_0_out__169 input design_1_i/syst_array_axil_0/inst/u_syst_array_axil/p_0_out__169/A[29:0] is not pipelined. Pipelining DSP48 input will improve performance.
Related violations: <none>

DPIP-1#160 Warning
Input pipelining  
DSP design_1_i/syst_array_axil_0/inst/u_syst_array_axil/p_0_out__169 input design_1_i/syst_array_axil_0/inst/u_syst_array_axil/p_0_out__169/B[17:0] is not pipelined. Pipelining DSP48 input will improve performance.
Related violations: <none>

DPIP-1#161 Warning
Input pipelining  
DSP design_1_i/syst_array_axil_0/inst/u_syst_array_axil/p_0_out__17 input design_1_i/syst_array_axil_0/inst/u_syst_array_axil/p_0_out__17/A[29:0] is not pipelined. Pipelining DSP48 input will improve performance.
Related violations: <none>

DPIP-1#162 Warning
Input pipelining  
DSP design_1_i/syst_array_axil_0/inst/u_syst_array_axil/p_0_out__17 input design_1_i/syst_array_axil_0/inst/u_syst_array_axil/p_0_out__17/B[17:0] is not pipelined. Pipelining DSP48 input will improve performance.
Related violations: <none>

DPIP-1#163 Warning
Input pipelining  
DSP design_1_i/syst_array_axil_0/inst/u_syst_array_axil/p_0_out__170 input design_1_i/syst_array_axil_0/inst/u_syst_array_axil/p_0_out__170/A[29:0] is not pipelined. Pipelining DSP48 input will improve performance.
Related violations: <none>

DPIP-1#164 Warning
Input pipelining  
DSP design_1_i/syst_array_axil_0/inst/u_syst_array_axil/p_0_out__170 input design_1_i/syst_array_axil_0/inst/u_syst_array_axil/p_0_out__170/B[17:0] is not pipelined. Pipelining DSP48 input will improve performance.
Related violations: <none>

DPIP-1#165 Warning
Input pipelining  
DSP design_1_i/syst_array_axil_0/inst/u_syst_array_axil/p_0_out__171 input design_1_i/syst_array_axil_0/inst/u_syst_array_axil/p_0_out__171/A[29:0] is not pipelined. Pipelining DSP48 input will improve performance.
Related violations: <none>

DPIP-1#166 Warning
Input pipelining  
DSP design_1_i/syst_array_axil_0/inst/u_syst_array_axil/p_0_out__171 input design_1_i/syst_array_axil_0/inst/u_syst_array_axil/p_0_out__171/B[17:0] is not pipelined. Pipelining DSP48 input will improve performance.
Related violations: <none>

DPIP-1#167 Warning
Input pipelining  
DSP design_1_i/syst_array_axil_0/inst/u_syst_array_axil/p_0_out__172 input design_1_i/syst_array_axil_0/inst/u_syst_array_axil/p_0_out__172/A[29:0] is not pipelined. Pipelining DSP48 input will improve performance.
Related violations: <none>

DPIP-1#168 Warning
Input pipelining  
DSP design_1_i/syst_array_axil_0/inst/u_syst_array_axil/p_0_out__172 input design_1_i/syst_array_axil_0/inst/u_syst_array_axil/p_0_out__172/B[17:0] is not pipelined. Pipelining DSP48 input will improve performance.
Related violations: <none>

DPIP-1#169 Warning
Input pipelining  
DSP design_1_i/syst_array_axil_0/inst/u_syst_array_axil/p_0_out__18 input design_1_i/syst_array_axil_0/inst/u_syst_array_axil/p_0_out__18/A[29:0] is not pipelined. Pipelining DSP48 input will improve performance.
Related violations: <none>

DPIP-1#170 Warning
Input pipelining  
DSP design_1_i/syst_array_axil_0/inst/u_syst_array_axil/p_0_out__18 input design_1_i/syst_array_axil_0/inst/u_syst_array_axil/p_0_out__18/B[17:0] is not pipelined. Pipelining DSP48 input will improve performance.
Related violations: <none>

DPIP-1#171 Warning
Input pipelining  
DSP design_1_i/syst_array_axil_0/inst/u_syst_array_axil/p_0_out__19 input design_1_i/syst_array_axil_0/inst/u_syst_array_axil/p_0_out__19/A[29:0] is not pipelined. Pipelining DSP48 input will improve performance.
Related violations: <none>

DPIP-1#172 Warning
Input pipelining  
DSP design_1_i/syst_array_axil_0/inst/u_syst_array_axil/p_0_out__19 input design_1_i/syst_array_axil_0/inst/u_syst_array_axil/p_0_out__19/B[17:0] is not pipelined. Pipelining DSP48 input will improve performance.
Related violations: <none>

DPIP-1#173 Warning
Input pipelining  
DSP design_1_i/syst_array_axil_0/inst/u_syst_array_axil/p_0_out__2 input design_1_i/syst_array_axil_0/inst/u_syst_array_axil/p_0_out__2/A[29:0] is not pipelined. Pipelining DSP48 input will improve performance.
Related violations: <none>

DPIP-1#174 Warning
Input pipelining  
DSP design_1_i/syst_array_axil_0/inst/u_syst_array_axil/p_0_out__2 input design_1_i/syst_array_axil_0/inst/u_syst_array_axil/p_0_out__2/B[17:0] is not pipelined. Pipelining DSP48 input will improve performance.
Related violations: <none>

DPIP-1#175 Warning
Input pipelining  
DSP design_1_i/syst_array_axil_0/inst/u_syst_array_axil/p_0_out__20 input design_1_i/syst_array_axil_0/inst/u_syst_array_axil/p_0_out__20/A[29:0] is not pipelined. Pipelining DSP48 input will improve performance.
Related violations: <none>

DPIP-1#176 Warning
Input pipelining  
DSP design_1_i/syst_array_axil_0/inst/u_syst_array_axil/p_0_out__20 input design_1_i/syst_array_axil_0/inst/u_syst_array_axil/p_0_out__20/B[17:0] is not pipelined. Pipelining DSP48 input will improve performance.
Related violations: <none>

DPIP-1#177 Warning
Input pipelining  
DSP design_1_i/syst_array_axil_0/inst/u_syst_array_axil/p_0_out__21 input design_1_i/syst_array_axil_0/inst/u_syst_array_axil/p_0_out__21/A[29:0] is not pipelined. Pipelining DSP48 input will improve performance.
Related violations: <none>

DPIP-1#178 Warning
Input pipelining  
DSP design_1_i/syst_array_axil_0/inst/u_syst_array_axil/p_0_out__21 input design_1_i/syst_array_axil_0/inst/u_syst_array_axil/p_0_out__21/B[17:0] is not pipelined. Pipelining DSP48 input will improve performance.
Related violations: <none>

DPIP-1#179 Warning
Input pipelining  
DSP design_1_i/syst_array_axil_0/inst/u_syst_array_axil/p_0_out__22 input design_1_i/syst_array_axil_0/inst/u_syst_array_axil/p_0_out__22/A[29:0] is not pipelined. Pipelining DSP48 input will improve performance.
Related violations: <none>

DPIP-1#180 Warning
Input pipelining  
DSP design_1_i/syst_array_axil_0/inst/u_syst_array_axil/p_0_out__22 input design_1_i/syst_array_axil_0/inst/u_syst_array_axil/p_0_out__22/B[17:0] is not pipelined. Pipelining DSP48 input will improve performance.
Related violations: <none>

DPIP-1#181 Warning
Input pipelining  
DSP design_1_i/syst_array_axil_0/inst/u_syst_array_axil/p_0_out__23 input design_1_i/syst_array_axil_0/inst/u_syst_array_axil/p_0_out__23/A[29:0] is not pipelined. Pipelining DSP48 input will improve performance.
Related violations: <none>

DPIP-1#182 Warning
Input pipelining  
DSP design_1_i/syst_array_axil_0/inst/u_syst_array_axil/p_0_out__23 input design_1_i/syst_array_axil_0/inst/u_syst_array_axil/p_0_out__23/B[17:0] is not pipelined. Pipelining DSP48 input will improve performance.
Related violations: <none>

DPIP-1#183 Warning
Input pipelining  
DSP design_1_i/syst_array_axil_0/inst/u_syst_array_axil/p_0_out__24 input design_1_i/syst_array_axil_0/inst/u_syst_array_axil/p_0_out__24/A[29:0] is not pipelined. Pipelining DSP48 input will improve performance.
Related violations: <none>

DPIP-1#184 Warning
Input pipelining  
DSP design_1_i/syst_array_axil_0/inst/u_syst_array_axil/p_0_out__24 input design_1_i/syst_array_axil_0/inst/u_syst_array_axil/p_0_out__24/B[17:0] is not pipelined. Pipelining DSP48 input will improve performance.
Related violations: <none>

DPIP-1#185 Warning
Input pipelining  
DSP design_1_i/syst_array_axil_0/inst/u_syst_array_axil/p_0_out__25 input design_1_i/syst_array_axil_0/inst/u_syst_array_axil/p_0_out__25/A[29:0] is not pipelined. Pipelining DSP48 input will improve performance.
Related violations: <none>

DPIP-1#186 Warning
Input pipelining  
DSP design_1_i/syst_array_axil_0/inst/u_syst_array_axil/p_0_out__25 input design_1_i/syst_array_axil_0/inst/u_syst_array_axil/p_0_out__25/B[17:0] is not pipelined. Pipelining DSP48 input will improve performance.
Related violations: <none>

DPIP-1#187 Warning
Input pipelining  
DSP design_1_i/syst_array_axil_0/inst/u_syst_array_axil/p_0_out__26 input design_1_i/syst_array_axil_0/inst/u_syst_array_axil/p_0_out__26/A[29:0] is not pipelined. Pipelining DSP48 input will improve performance.
Related violations: <none>

DPIP-1#188 Warning
Input pipelining  
DSP design_1_i/syst_array_axil_0/inst/u_syst_array_axil/p_0_out__26 input design_1_i/syst_array_axil_0/inst/u_syst_array_axil/p_0_out__26/B[17:0] is not pipelined. Pipelining DSP48 input will improve performance.
Related violations: <none>

DPIP-1#189 Warning
Input pipelining  
DSP design_1_i/syst_array_axil_0/inst/u_syst_array_axil/p_0_out__27 input design_1_i/syst_array_axil_0/inst/u_syst_array_axil/p_0_out__27/A[29:0] is not pipelined. Pipelining DSP48 input will improve performance.
Related violations: <none>

DPIP-1#190 Warning
Input pipelining  
DSP design_1_i/syst_array_axil_0/inst/u_syst_array_axil/p_0_out__27 input design_1_i/syst_array_axil_0/inst/u_syst_array_axil/p_0_out__27/B[17:0] is not pipelined. Pipelining DSP48 input will improve performance.
Related violations: <none>

DPIP-1#191 Warning
Input pipelining  
DSP design_1_i/syst_array_axil_0/inst/u_syst_array_axil/p_0_out__28 input design_1_i/syst_array_axil_0/inst/u_syst_array_axil/p_0_out__28/A[29:0] is not pipelined. Pipelining DSP48 input will improve performance.
Related violations: <none>

DPIP-1#192 Warning
Input pipelining  
DSP design_1_i/syst_array_axil_0/inst/u_syst_array_axil/p_0_out__28 input design_1_i/syst_array_axil_0/inst/u_syst_array_axil/p_0_out__28/B[17:0] is not pipelined. Pipelining DSP48 input will improve performance.
Related violations: <none>

DPIP-1#193 Warning
Input pipelining  
DSP design_1_i/syst_array_axil_0/inst/u_syst_array_axil/p_0_out__29 input design_1_i/syst_array_axil_0/inst/u_syst_array_axil/p_0_out__29/A[29:0] is not pipelined. Pipelining DSP48 input will improve performance.
Related violations: <none>

DPIP-1#194 Warning
Input pipelining  
DSP design_1_i/syst_array_axil_0/inst/u_syst_array_axil/p_0_out__29 input design_1_i/syst_array_axil_0/inst/u_syst_array_axil/p_0_out__29/B[17:0] is not pipelined. Pipelining DSP48 input will improve performance.
Related violations: <none>

DPIP-1#195 Warning
Input pipelining  
DSP design_1_i/syst_array_axil_0/inst/u_syst_array_axil/p_0_out__3 input design_1_i/syst_array_axil_0/inst/u_syst_array_axil/p_0_out__3/A[29:0] is not pipelined. Pipelining DSP48 input will improve performance.
Related violations: <none>

DPIP-1#196 Warning
Input pipelining  
DSP design_1_i/syst_array_axil_0/inst/u_syst_array_axil/p_0_out__3 input design_1_i/syst_array_axil_0/inst/u_syst_array_axil/p_0_out__3/B[17:0] is not pipelined. Pipelining DSP48 input will improve performance.
Related violations: <none>

DPIP-1#197 Warning
Input pipelining  
DSP design_1_i/syst_array_axil_0/inst/u_syst_array_axil/p_0_out__30 input design_1_i/syst_array_axil_0/inst/u_syst_array_axil/p_0_out__30/A[29:0] is not pipelined. Pipelining DSP48 input will improve performance.
Related violations: <none>

DPIP-1#198 Warning
Input pipelining  
DSP design_1_i/syst_array_axil_0/inst/u_syst_array_axil/p_0_out__30 input design_1_i/syst_array_axil_0/inst/u_syst_array_axil/p_0_out__30/B[17:0] is not pipelined. Pipelining DSP48 input will improve performance.
Related violations: <none>

DPIP-1#199 Warning
Input pipelining  
DSP design_1_i/syst_array_axil_0/inst/u_syst_array_axil/p_0_out__31 input design_1_i/syst_array_axil_0/inst/u_syst_array_axil/p_0_out__31/A[29:0] is not pipelined. Pipelining DSP48 input will improve performance.
Related violations: <none>

DPIP-1#200 Warning
Input pipelining  
DSP design_1_i/syst_array_axil_0/inst/u_syst_array_axil/p_0_out__31 input design_1_i/syst_array_axil_0/inst/u_syst_array_axil/p_0_out__31/B[17:0] is not pipelined. Pipelining DSP48 input will improve performance.
Related violations: <none>

DPIP-1#201 Warning
Input pipelining  
DSP design_1_i/syst_array_axil_0/inst/u_syst_array_axil/p_0_out__32 input design_1_i/syst_array_axil_0/inst/u_syst_array_axil/p_0_out__32/A[29:0] is not pipelined. Pipelining DSP48 input will improve performance.
Related violations: <none>

DPIP-1#202 Warning
Input pipelining  
DSP design_1_i/syst_array_axil_0/inst/u_syst_array_axil/p_0_out__32 input design_1_i/syst_array_axil_0/inst/u_syst_array_axil/p_0_out__32/B[17:0] is not pipelined. Pipelining DSP48 input will improve performance.
Related violations: <none>

DPIP-1#203 Warning
Input pipelining  
DSP design_1_i/syst_array_axil_0/inst/u_syst_array_axil/p_0_out__33 input design_1_i/syst_array_axil_0/inst/u_syst_array_axil/p_0_out__33/A[29:0] is not pipelined. Pipelining DSP48 input will improve performance.
Related violations: <none>

DPIP-1#204 Warning
Input pipelining  
DSP design_1_i/syst_array_axil_0/inst/u_syst_array_axil/p_0_out__33 input design_1_i/syst_array_axil_0/inst/u_syst_array_axil/p_0_out__33/B[17:0] is not pipelined. Pipelining DSP48 input will improve performance.
Related violations: <none>

DPIP-1#205 Warning
Input pipelining  
DSP design_1_i/syst_array_axil_0/inst/u_syst_array_axil/p_0_out__34 input design_1_i/syst_array_axil_0/inst/u_syst_array_axil/p_0_out__34/A[29:0] is not pipelined. Pipelining DSP48 input will improve performance.
Related violations: <none>

DPIP-1#206 Warning
Input pipelining  
DSP design_1_i/syst_array_axil_0/inst/u_syst_array_axil/p_0_out__34 input design_1_i/syst_array_axil_0/inst/u_syst_array_axil/p_0_out__34/B[17:0] is not pipelined. Pipelining DSP48 input will improve performance.
Related violations: <none>

DPIP-1#207 Warning
Input pipelining  
DSP design_1_i/syst_array_axil_0/inst/u_syst_array_axil/p_0_out__35 input design_1_i/syst_array_axil_0/inst/u_syst_array_axil/p_0_out__35/A[29:0] is not pipelined. Pipelining DSP48 input will improve performance.
Related violations: <none>

DPIP-1#208 Warning
Input pipelining  
DSP design_1_i/syst_array_axil_0/inst/u_syst_array_axil/p_0_out__35 input design_1_i/syst_array_axil_0/inst/u_syst_array_axil/p_0_out__35/B[17:0] is not pipelined. Pipelining DSP48 input will improve performance.
Related violations: <none>

DPIP-1#209 Warning
Input pipelining  
DSP design_1_i/syst_array_axil_0/inst/u_syst_array_axil/p_0_out__36 input design_1_i/syst_array_axil_0/inst/u_syst_array_axil/p_0_out__36/A[29:0] is not pipelined. Pipelining DSP48 input will improve performance.
Related violations: <none>

DPIP-1#210 Warning
Input pipelining  
DSP design_1_i/syst_array_axil_0/inst/u_syst_array_axil/p_0_out__36 input design_1_i/syst_array_axil_0/inst/u_syst_array_axil/p_0_out__36/B[17:0] is not pipelined. Pipelining DSP48 input will improve performance.
Related violations: <none>

DPIP-1#211 Warning
Input pipelining  
DSP design_1_i/syst_array_axil_0/inst/u_syst_array_axil/p_0_out__37 input design_1_i/syst_array_axil_0/inst/u_syst_array_axil/p_0_out__37/A[29:0] is not pipelined. Pipelining DSP48 input will improve performance.
Related violations: <none>

DPIP-1#212 Warning
Input pipelining  
DSP design_1_i/syst_array_axil_0/inst/u_syst_array_axil/p_0_out__37 input design_1_i/syst_array_axil_0/inst/u_syst_array_axil/p_0_out__37/B[17:0] is not pipelined. Pipelining DSP48 input will improve performance.
Related violations: <none>

DPIP-1#213 Warning
Input pipelining  
DSP design_1_i/syst_array_axil_0/inst/u_syst_array_axil/p_0_out__38 input design_1_i/syst_array_axil_0/inst/u_syst_array_axil/p_0_out__38/A[29:0] is not pipelined. Pipelining DSP48 input will improve performance.
Related violations: <none>

DPIP-1#214 Warning
Input pipelining  
DSP design_1_i/syst_array_axil_0/inst/u_syst_array_axil/p_0_out__38 input design_1_i/syst_array_axil_0/inst/u_syst_array_axil/p_0_out__38/B[17:0] is not pipelined. Pipelining DSP48 input will improve performance.
Related violations: <none>

DPIP-1#215 Warning
Input pipelining  
DSP design_1_i/syst_array_axil_0/inst/u_syst_array_axil/p_0_out__39 input design_1_i/syst_array_axil_0/inst/u_syst_array_axil/p_0_out__39/A[29:0] is not pipelined. Pipelining DSP48 input will improve performance.
Related violations: <none>

DPIP-1#216 Warning
Input pipelining  
DSP design_1_i/syst_array_axil_0/inst/u_syst_array_axil/p_0_out__39 input design_1_i/syst_array_axil_0/inst/u_syst_array_axil/p_0_out__39/B[17:0] is not pipelined. Pipelining DSP48 input will improve performance.
Related violations: <none>

DPIP-1#217 Warning
Input pipelining  
DSP design_1_i/syst_array_axil_0/inst/u_syst_array_axil/p_0_out__4 input design_1_i/syst_array_axil_0/inst/u_syst_array_axil/p_0_out__4/A[29:0] is not pipelined. Pipelining DSP48 input will improve performance.
Related violations: <none>

DPIP-1#218 Warning
Input pipelining  
DSP design_1_i/syst_array_axil_0/inst/u_syst_array_axil/p_0_out__4 input design_1_i/syst_array_axil_0/inst/u_syst_array_axil/p_0_out__4/B[17:0] is not pipelined. Pipelining DSP48 input will improve performance.
Related violations: <none>

DPIP-1#219 Warning
Input pipelining  
DSP design_1_i/syst_array_axil_0/inst/u_syst_array_axil/p_0_out__40 input design_1_i/syst_array_axil_0/inst/u_syst_array_axil/p_0_out__40/A[29:0] is not pipelined. Pipelining DSP48 input will improve performance.
Related violations: <none>

DPIP-1#220 Warning
Input pipelining  
DSP design_1_i/syst_array_axil_0/inst/u_syst_array_axil/p_0_out__40 input design_1_i/syst_array_axil_0/inst/u_syst_array_axil/p_0_out__40/B[17:0] is not pipelined. Pipelining DSP48 input will improve performance.
Related violations: <none>

DPIP-1#221 Warning
Input pipelining  
DSP design_1_i/syst_array_axil_0/inst/u_syst_array_axil/p_0_out__41 input design_1_i/syst_array_axil_0/inst/u_syst_array_axil/p_0_out__41/A[29:0] is not pipelined. Pipelining DSP48 input will improve performance.
Related violations: <none>

DPIP-1#222 Warning
Input pipelining  
DSP design_1_i/syst_array_axil_0/inst/u_syst_array_axil/p_0_out__41 input design_1_i/syst_array_axil_0/inst/u_syst_array_axil/p_0_out__41/B[17:0] is not pipelined. Pipelining DSP48 input will improve performance.
Related violations: <none>

DPIP-1#223 Warning
Input pipelining  
DSP design_1_i/syst_array_axil_0/inst/u_syst_array_axil/p_0_out__42 input design_1_i/syst_array_axil_0/inst/u_syst_array_axil/p_0_out__42/A[29:0] is not pipelined. Pipelining DSP48 input will improve performance.
Related violations: <none>

DPIP-1#224 Warning
Input pipelining  
DSP design_1_i/syst_array_axil_0/inst/u_syst_array_axil/p_0_out__42 input design_1_i/syst_array_axil_0/inst/u_syst_array_axil/p_0_out__42/B[17:0] is not pipelined. Pipelining DSP48 input will improve performance.
Related violations: <none>

DPIP-1#225 Warning
Input pipelining  
DSP design_1_i/syst_array_axil_0/inst/u_syst_array_axil/p_0_out__43 input design_1_i/syst_array_axil_0/inst/u_syst_array_axil/p_0_out__43/A[29:0] is not pipelined. Pipelining DSP48 input will improve performance.
Related violations: <none>

DPIP-1#226 Warning
Input pipelining  
DSP design_1_i/syst_array_axil_0/inst/u_syst_array_axil/p_0_out__43 input design_1_i/syst_array_axil_0/inst/u_syst_array_axil/p_0_out__43/B[17:0] is not pipelined. Pipelining DSP48 input will improve performance.
Related violations: <none>

DPIP-1#227 Warning
Input pipelining  
DSP design_1_i/syst_array_axil_0/inst/u_syst_array_axil/p_0_out__44 input design_1_i/syst_array_axil_0/inst/u_syst_array_axil/p_0_out__44/A[29:0] is not pipelined. Pipelining DSP48 input will improve performance.
Related violations: <none>

DPIP-1#228 Warning
Input pipelining  
DSP design_1_i/syst_array_axil_0/inst/u_syst_array_axil/p_0_out__44 input design_1_i/syst_array_axil_0/inst/u_syst_array_axil/p_0_out__44/B[17:0] is not pipelined. Pipelining DSP48 input will improve performance.
Related violations: <none>

DPIP-1#229 Warning
Input pipelining  
DSP design_1_i/syst_array_axil_0/inst/u_syst_array_axil/p_0_out__45 input design_1_i/syst_array_axil_0/inst/u_syst_array_axil/p_0_out__45/A[29:0] is not pipelined. Pipelining DSP48 input will improve performance.
Related violations: <none>

DPIP-1#230 Warning
Input pipelining  
DSP design_1_i/syst_array_axil_0/inst/u_syst_array_axil/p_0_out__45 input design_1_i/syst_array_axil_0/inst/u_syst_array_axil/p_0_out__45/B[17:0] is not pipelined. Pipelining DSP48 input will improve performance.
Related violations: <none>

DPIP-1#231 Warning
Input pipelining  
DSP design_1_i/syst_array_axil_0/inst/u_syst_array_axil/p_0_out__46 input design_1_i/syst_array_axil_0/inst/u_syst_array_axil/p_0_out__46/A[29:0] is not pipelined. Pipelining DSP48 input will improve performance.
Related violations: <none>

DPIP-1#232 Warning
Input pipelining  
DSP design_1_i/syst_array_axil_0/inst/u_syst_array_axil/p_0_out__46 input design_1_i/syst_array_axil_0/inst/u_syst_array_axil/p_0_out__46/B[17:0] is not pipelined. Pipelining DSP48 input will improve performance.
Related violations: <none>

DPIP-1#233 Warning
Input pipelining  
DSP design_1_i/syst_array_axil_0/inst/u_syst_array_axil/p_0_out__47 input design_1_i/syst_array_axil_0/inst/u_syst_array_axil/p_0_out__47/A[29:0] is not pipelined. Pipelining DSP48 input will improve performance.
Related violations: <none>

DPIP-1#234 Warning
Input pipelining  
DSP design_1_i/syst_array_axil_0/inst/u_syst_array_axil/p_0_out__47 input design_1_i/syst_array_axil_0/inst/u_syst_array_axil/p_0_out__47/B[17:0] is not pipelined. Pipelining DSP48 input will improve performance.
Related violations: <none>

DPIP-1#235 Warning
Input pipelining  
DSP design_1_i/syst_array_axil_0/inst/u_syst_array_axil/p_0_out__48 input design_1_i/syst_array_axil_0/inst/u_syst_array_axil/p_0_out__48/A[29:0] is not pipelined. Pipelining DSP48 input will improve performance.
Related violations: <none>

DPIP-1#236 Warning
Input pipelining  
DSP design_1_i/syst_array_axil_0/inst/u_syst_array_axil/p_0_out__48 input design_1_i/syst_array_axil_0/inst/u_syst_array_axil/p_0_out__48/B[17:0] is not pipelined. Pipelining DSP48 input will improve performance.
Related violations: <none>

DPIP-1#237 Warning
Input pipelining  
DSP design_1_i/syst_array_axil_0/inst/u_syst_array_axil/p_0_out__49 input design_1_i/syst_array_axil_0/inst/u_syst_array_axil/p_0_out__49/A[29:0] is not pipelined. Pipelining DSP48 input will improve performance.
Related violations: <none>

DPIP-1#238 Warning
Input pipelining  
DSP design_1_i/syst_array_axil_0/inst/u_syst_array_axil/p_0_out__49 input design_1_i/syst_array_axil_0/inst/u_syst_array_axil/p_0_out__49/B[17:0] is not pipelined. Pipelining DSP48 input will improve performance.
Related violations: <none>

DPIP-1#239 Warning
Input pipelining  
DSP design_1_i/syst_array_axil_0/inst/u_syst_array_axil/p_0_out__5 input design_1_i/syst_array_axil_0/inst/u_syst_array_axil/p_0_out__5/A[29:0] is not pipelined. Pipelining DSP48 input will improve performance.
Related violations: <none>

DPIP-1#240 Warning
Input pipelining  
DSP design_1_i/syst_array_axil_0/inst/u_syst_array_axil/p_0_out__5 input design_1_i/syst_array_axil_0/inst/u_syst_array_axil/p_0_out__5/B[17:0] is not pipelined. Pipelining DSP48 input will improve performance.
Related violations: <none>

DPIP-1#241 Warning
Input pipelining  
DSP design_1_i/syst_array_axil_0/inst/u_syst_array_axil/p_0_out__50 input design_1_i/syst_array_axil_0/inst/u_syst_array_axil/p_0_out__50/A[29:0] is not pipelined. Pipelining DSP48 input will improve performance.
Related violations: <none>

DPIP-1#242 Warning
Input pipelining  
DSP design_1_i/syst_array_axil_0/inst/u_syst_array_axil/p_0_out__50 input design_1_i/syst_array_axil_0/inst/u_syst_array_axil/p_0_out__50/B[17:0] is not pipelined. Pipelining DSP48 input will improve performance.
Related violations: <none>

DPIP-1#243 Warning
Input pipelining  
DSP design_1_i/syst_array_axil_0/inst/u_syst_array_axil/p_0_out__51 input design_1_i/syst_array_axil_0/inst/u_syst_array_axil/p_0_out__51/A[29:0] is not pipelined. Pipelining DSP48 input will improve performance.
Related violations: <none>

DPIP-1#244 Warning
Input pipelining  
DSP design_1_i/syst_array_axil_0/inst/u_syst_array_axil/p_0_out__51 input design_1_i/syst_array_axil_0/inst/u_syst_array_axil/p_0_out__51/B[17:0] is not pipelined. Pipelining DSP48 input will improve performance.
Related violations: <none>

DPIP-1#245 Warning
Input pipelining  
DSP design_1_i/syst_array_axil_0/inst/u_syst_array_axil/p_0_out__52 input design_1_i/syst_array_axil_0/inst/u_syst_array_axil/p_0_out__52/A[29:0] is not pipelined. Pipelining DSP48 input will improve performance.
Related violations: <none>

DPIP-1#246 Warning
Input pipelining  
DSP design_1_i/syst_array_axil_0/inst/u_syst_array_axil/p_0_out__52 input design_1_i/syst_array_axil_0/inst/u_syst_array_axil/p_0_out__52/B[17:0] is not pipelined. Pipelining DSP48 input will improve performance.
Related violations: <none>

DPIP-1#247 Warning
Input pipelining  
DSP design_1_i/syst_array_axil_0/inst/u_syst_array_axil/p_0_out__53 input design_1_i/syst_array_axil_0/inst/u_syst_array_axil/p_0_out__53/A[29:0] is not pipelined. Pipelining DSP48 input will improve performance.
Related violations: <none>

DPIP-1#248 Warning
Input pipelining  
DSP design_1_i/syst_array_axil_0/inst/u_syst_array_axil/p_0_out__53 input design_1_i/syst_array_axil_0/inst/u_syst_array_axil/p_0_out__53/B[17:0] is not pipelined. Pipelining DSP48 input will improve performance.
Related violations: <none>

DPIP-1#249 Warning
Input pipelining  
DSP design_1_i/syst_array_axil_0/inst/u_syst_array_axil/p_0_out__54 input design_1_i/syst_array_axil_0/inst/u_syst_array_axil/p_0_out__54/A[29:0] is not pipelined. Pipelining DSP48 input will improve performance.
Related violations: <none>

DPIP-1#250 Warning
Input pipelining  
DSP design_1_i/syst_array_axil_0/inst/u_syst_array_axil/p_0_out__54 input design_1_i/syst_array_axil_0/inst/u_syst_array_axil/p_0_out__54/B[17:0] is not pipelined. Pipelining DSP48 input will improve performance.
Related violations: <none>

DPIP-1#251 Warning
Input pipelining  
DSP design_1_i/syst_array_axil_0/inst/u_syst_array_axil/p_0_out__55 input design_1_i/syst_array_axil_0/inst/u_syst_array_axil/p_0_out__55/A[29:0] is not pipelined. Pipelining DSP48 input will improve performance.
Related violations: <none>

DPIP-1#252 Warning
Input pipelining  
DSP design_1_i/syst_array_axil_0/inst/u_syst_array_axil/p_0_out__55 input design_1_i/syst_array_axil_0/inst/u_syst_array_axil/p_0_out__55/B[17:0] is not pipelined. Pipelining DSP48 input will improve performance.
Related violations: <none>

DPIP-1#253 Warning
Input pipelining  
DSP design_1_i/syst_array_axil_0/inst/u_syst_array_axil/p_0_out__56 input design_1_i/syst_array_axil_0/inst/u_syst_array_axil/p_0_out__56/A[29:0] is not pipelined. Pipelining DSP48 input will improve performance.
Related violations: <none>

DPIP-1#254 Warning
Input pipelining  
DSP design_1_i/syst_array_axil_0/inst/u_syst_array_axil/p_0_out__56 input design_1_i/syst_array_axil_0/inst/u_syst_array_axil/p_0_out__56/B[17:0] is not pipelined. Pipelining DSP48 input will improve performance.
Related violations: <none>

DPIP-1#255 Warning
Input pipelining  
DSP design_1_i/syst_array_axil_0/inst/u_syst_array_axil/p_0_out__57 input design_1_i/syst_array_axil_0/inst/u_syst_array_axil/p_0_out__57/A[29:0] is not pipelined. Pipelining DSP48 input will improve performance.
Related violations: <none>

DPIP-1#256 Warning
Input pipelining  
DSP design_1_i/syst_array_axil_0/inst/u_syst_array_axil/p_0_out__57 input design_1_i/syst_array_axil_0/inst/u_syst_array_axil/p_0_out__57/B[17:0] is not pipelined. Pipelining DSP48 input will improve performance.
Related violations: <none>

DPIP-1#257 Warning
Input pipelining  
DSP design_1_i/syst_array_axil_0/inst/u_syst_array_axil/p_0_out__58 input design_1_i/syst_array_axil_0/inst/u_syst_array_axil/p_0_out__58/A[29:0] is not pipelined. Pipelining DSP48 input will improve performance.
Related violations: <none>

DPIP-1#258 Warning
Input pipelining  
DSP design_1_i/syst_array_axil_0/inst/u_syst_array_axil/p_0_out__58 input design_1_i/syst_array_axil_0/inst/u_syst_array_axil/p_0_out__58/B[17:0] is not pipelined. Pipelining DSP48 input will improve performance.
Related violations: <none>

DPIP-1#259 Warning
Input pipelining  
DSP design_1_i/syst_array_axil_0/inst/u_syst_array_axil/p_0_out__59 input design_1_i/syst_array_axil_0/inst/u_syst_array_axil/p_0_out__59/A[29:0] is not pipelined. Pipelining DSP48 input will improve performance.
Related violations: <none>

DPIP-1#260 Warning
Input pipelining  
DSP design_1_i/syst_array_axil_0/inst/u_syst_array_axil/p_0_out__59 input design_1_i/syst_array_axil_0/inst/u_syst_array_axil/p_0_out__59/B[17:0] is not pipelined. Pipelining DSP48 input will improve performance.
Related violations: <none>

DPIP-1#261 Warning
Input pipelining  
DSP design_1_i/syst_array_axil_0/inst/u_syst_array_axil/p_0_out__6 input design_1_i/syst_array_axil_0/inst/u_syst_array_axil/p_0_out__6/A[29:0] is not pipelined. Pipelining DSP48 input will improve performance.
Related violations: <none>

DPIP-1#262 Warning
Input pipelining  
DSP design_1_i/syst_array_axil_0/inst/u_syst_array_axil/p_0_out__6 input design_1_i/syst_array_axil_0/inst/u_syst_array_axil/p_0_out__6/B[17:0] is not pipelined. Pipelining DSP48 input will improve performance.
Related violations: <none>

DPIP-1#263 Warning
Input pipelining  
DSP design_1_i/syst_array_axil_0/inst/u_syst_array_axil/p_0_out__60 input design_1_i/syst_array_axil_0/inst/u_syst_array_axil/p_0_out__60/A[29:0] is not pipelined. Pipelining DSP48 input will improve performance.
Related violations: <none>

DPIP-1#264 Warning
Input pipelining  
DSP design_1_i/syst_array_axil_0/inst/u_syst_array_axil/p_0_out__60 input design_1_i/syst_array_axil_0/inst/u_syst_array_axil/p_0_out__60/B[17:0] is not pipelined. Pipelining DSP48 input will improve performance.
Related violations: <none>

DPIP-1#265 Warning
Input pipelining  
DSP design_1_i/syst_array_axil_0/inst/u_syst_array_axil/p_0_out__61 input design_1_i/syst_array_axil_0/inst/u_syst_array_axil/p_0_out__61/A[29:0] is not pipelined. Pipelining DSP48 input will improve performance.
Related violations: <none>

DPIP-1#266 Warning
Input pipelining  
DSP design_1_i/syst_array_axil_0/inst/u_syst_array_axil/p_0_out__61 input design_1_i/syst_array_axil_0/inst/u_syst_array_axil/p_0_out__61/B[17:0] is not pipelined. Pipelining DSP48 input will improve performance.
Related violations: <none>

DPIP-1#267 Warning
Input pipelining  
DSP design_1_i/syst_array_axil_0/inst/u_syst_array_axil/p_0_out__62 input design_1_i/syst_array_axil_0/inst/u_syst_array_axil/p_0_out__62/A[29:0] is not pipelined. Pipelining DSP48 input will improve performance.
Related violations: <none>

DPIP-1#268 Warning
Input pipelining  
DSP design_1_i/syst_array_axil_0/inst/u_syst_array_axil/p_0_out__62 input design_1_i/syst_array_axil_0/inst/u_syst_array_axil/p_0_out__62/B[17:0] is not pipelined. Pipelining DSP48 input will improve performance.
Related violations: <none>

DPIP-1#269 Warning
Input pipelining  
DSP design_1_i/syst_array_axil_0/inst/u_syst_array_axil/p_0_out__63 input design_1_i/syst_array_axil_0/inst/u_syst_array_axil/p_0_out__63/A[29:0] is not pipelined. Pipelining DSP48 input will improve performance.
Related violations: <none>

DPIP-1#270 Warning
Input pipelining  
DSP design_1_i/syst_array_axil_0/inst/u_syst_array_axil/p_0_out__63 input design_1_i/syst_array_axil_0/inst/u_syst_array_axil/p_0_out__63/B[17:0] is not pipelined. Pipelining DSP48 input will improve performance.
Related violations: <none>

DPIP-1#271 Warning
Input pipelining  
DSP design_1_i/syst_array_axil_0/inst/u_syst_array_axil/p_0_out__64 input design_1_i/syst_array_axil_0/inst/u_syst_array_axil/p_0_out__64/A[29:0] is not pipelined. Pipelining DSP48 input will improve performance.
Related violations: <none>

DPIP-1#272 Warning
Input pipelining  
DSP design_1_i/syst_array_axil_0/inst/u_syst_array_axil/p_0_out__64 input design_1_i/syst_array_axil_0/inst/u_syst_array_axil/p_0_out__64/B[17:0] is not pipelined. Pipelining DSP48 input will improve performance.
Related violations: <none>

DPIP-1#273 Warning
Input pipelining  
DSP design_1_i/syst_array_axil_0/inst/u_syst_array_axil/p_0_out__65 input design_1_i/syst_array_axil_0/inst/u_syst_array_axil/p_0_out__65/A[29:0] is not pipelined. Pipelining DSP48 input will improve performance.
Related violations: <none>

DPIP-1#274 Warning
Input pipelining  
DSP design_1_i/syst_array_axil_0/inst/u_syst_array_axil/p_0_out__65 input design_1_i/syst_array_axil_0/inst/u_syst_array_axil/p_0_out__65/B[17:0] is not pipelined. Pipelining DSP48 input will improve performance.
Related violations: <none>

DPIP-1#275 Warning
Input pipelining  
DSP design_1_i/syst_array_axil_0/inst/u_syst_array_axil/p_0_out__66 input design_1_i/syst_array_axil_0/inst/u_syst_array_axil/p_0_out__66/A[29:0] is not pipelined. Pipelining DSP48 input will improve performance.
Related violations: <none>

DPIP-1#276 Warning
Input pipelining  
DSP design_1_i/syst_array_axil_0/inst/u_syst_array_axil/p_0_out__66 input design_1_i/syst_array_axil_0/inst/u_syst_array_axil/p_0_out__66/B[17:0] is not pipelined. Pipelining DSP48 input will improve performance.
Related violations: <none>

DPIP-1#277 Warning
Input pipelining  
DSP design_1_i/syst_array_axil_0/inst/u_syst_array_axil/p_0_out__67 input design_1_i/syst_array_axil_0/inst/u_syst_array_axil/p_0_out__67/A[29:0] is not pipelined. Pipelining DSP48 input will improve performance.
Related violations: <none>

DPIP-1#278 Warning
Input pipelining  
DSP design_1_i/syst_array_axil_0/inst/u_syst_array_axil/p_0_out__67 input design_1_i/syst_array_axil_0/inst/u_syst_array_axil/p_0_out__67/B[17:0] is not pipelined. Pipelining DSP48 input will improve performance.
Related violations: <none>

DPIP-1#279 Warning
Input pipelining  
DSP design_1_i/syst_array_axil_0/inst/u_syst_array_axil/p_0_out__68 input design_1_i/syst_array_axil_0/inst/u_syst_array_axil/p_0_out__68/A[29:0] is not pipelined. Pipelining DSP48 input will improve performance.
Related violations: <none>

DPIP-1#280 Warning
Input pipelining  
DSP design_1_i/syst_array_axil_0/inst/u_syst_array_axil/p_0_out__68 input design_1_i/syst_array_axil_0/inst/u_syst_array_axil/p_0_out__68/B[17:0] is not pipelined. Pipelining DSP48 input will improve performance.
Related violations: <none>

DPIP-1#281 Warning
Input pipelining  
DSP design_1_i/syst_array_axil_0/inst/u_syst_array_axil/p_0_out__69 input design_1_i/syst_array_axil_0/inst/u_syst_array_axil/p_0_out__69/A[29:0] is not pipelined. Pipelining DSP48 input will improve performance.
Related violations: <none>

DPIP-1#282 Warning
Input pipelining  
DSP design_1_i/syst_array_axil_0/inst/u_syst_array_axil/p_0_out__69 input design_1_i/syst_array_axil_0/inst/u_syst_array_axil/p_0_out__69/B[17:0] is not pipelined. Pipelining DSP48 input will improve performance.
Related violations: <none>

DPIP-1#283 Warning
Input pipelining  
DSP design_1_i/syst_array_axil_0/inst/u_syst_array_axil/p_0_out__7 input design_1_i/syst_array_axil_0/inst/u_syst_array_axil/p_0_out__7/A[29:0] is not pipelined. Pipelining DSP48 input will improve performance.
Related violations: <none>

DPIP-1#284 Warning
Input pipelining  
DSP design_1_i/syst_array_axil_0/inst/u_syst_array_axil/p_0_out__7 input design_1_i/syst_array_axil_0/inst/u_syst_array_axil/p_0_out__7/B[17:0] is not pipelined. Pipelining DSP48 input will improve performance.
Related violations: <none>

DPIP-1#285 Warning
Input pipelining  
DSP design_1_i/syst_array_axil_0/inst/u_syst_array_axil/p_0_out__70 input design_1_i/syst_array_axil_0/inst/u_syst_array_axil/p_0_out__70/A[29:0] is not pipelined. Pipelining DSP48 input will improve performance.
Related violations: <none>

DPIP-1#286 Warning
Input pipelining  
DSP design_1_i/syst_array_axil_0/inst/u_syst_array_axil/p_0_out__70 input design_1_i/syst_array_axil_0/inst/u_syst_array_axil/p_0_out__70/B[17:0] is not pipelined. Pipelining DSP48 input will improve performance.
Related violations: <none>

DPIP-1#287 Warning
Input pipelining  
DSP design_1_i/syst_array_axil_0/inst/u_syst_array_axil/p_0_out__71 input design_1_i/syst_array_axil_0/inst/u_syst_array_axil/p_0_out__71/A[29:0] is not pipelined. Pipelining DSP48 input will improve performance.
Related violations: <none>

DPIP-1#288 Warning
Input pipelining  
DSP design_1_i/syst_array_axil_0/inst/u_syst_array_axil/p_0_out__71 input design_1_i/syst_array_axil_0/inst/u_syst_array_axil/p_0_out__71/B[17:0] is not pipelined. Pipelining DSP48 input will improve performance.
Related violations: <none>

DPIP-1#289 Warning
Input pipelining  
DSP design_1_i/syst_array_axil_0/inst/u_syst_array_axil/p_0_out__72 input design_1_i/syst_array_axil_0/inst/u_syst_array_axil/p_0_out__72/A[29:0] is not pipelined. Pipelining DSP48 input will improve performance.
Related violations: <none>

DPIP-1#290 Warning
Input pipelining  
DSP design_1_i/syst_array_axil_0/inst/u_syst_array_axil/p_0_out__72 input design_1_i/syst_array_axil_0/inst/u_syst_array_axil/p_0_out__72/B[17:0] is not pipelined. Pipelining DSP48 input will improve performance.
Related violations: <none>

DPIP-1#291 Warning
Input pipelining  
DSP design_1_i/syst_array_axil_0/inst/u_syst_array_axil/p_0_out__73 input design_1_i/syst_array_axil_0/inst/u_syst_array_axil/p_0_out__73/A[29:0] is not pipelined. Pipelining DSP48 input will improve performance.
Related violations: <none>

DPIP-1#292 Warning
Input pipelining  
DSP design_1_i/syst_array_axil_0/inst/u_syst_array_axil/p_0_out__73 input design_1_i/syst_array_axil_0/inst/u_syst_array_axil/p_0_out__73/B[17:0] is not pipelined. Pipelining DSP48 input will improve performance.
Related violations: <none>

DPIP-1#293 Warning
Input pipelining  
DSP design_1_i/syst_array_axil_0/inst/u_syst_array_axil/p_0_out__74 input design_1_i/syst_array_axil_0/inst/u_syst_array_axil/p_0_out__74/A[29:0] is not pipelined. Pipelining DSP48 input will improve performance.
Related violations: <none>

DPIP-1#294 Warning
Input pipelining  
DSP design_1_i/syst_array_axil_0/inst/u_syst_array_axil/p_0_out__74 input design_1_i/syst_array_axil_0/inst/u_syst_array_axil/p_0_out__74/B[17:0] is not pipelined. Pipelining DSP48 input will improve performance.
Related violations: <none>

DPIP-1#295 Warning
Input pipelining  
DSP design_1_i/syst_array_axil_0/inst/u_syst_array_axil/p_0_out__75 input design_1_i/syst_array_axil_0/inst/u_syst_array_axil/p_0_out__75/A[29:0] is not pipelined. Pipelining DSP48 input will improve performance.
Related violations: <none>

DPIP-1#296 Warning
Input pipelining  
DSP design_1_i/syst_array_axil_0/inst/u_syst_array_axil/p_0_out__75 input design_1_i/syst_array_axil_0/inst/u_syst_array_axil/p_0_out__75/B[17:0] is not pipelined. Pipelining DSP48 input will improve performance.
Related violations: <none>

DPIP-1#297 Warning
Input pipelining  
DSP design_1_i/syst_array_axil_0/inst/u_syst_array_axil/p_0_out__76 input design_1_i/syst_array_axil_0/inst/u_syst_array_axil/p_0_out__76/A[29:0] is not pipelined. Pipelining DSP48 input will improve performance.
Related violations: <none>

DPIP-1#298 Warning
Input pipelining  
DSP design_1_i/syst_array_axil_0/inst/u_syst_array_axil/p_0_out__76 input design_1_i/syst_array_axil_0/inst/u_syst_array_axil/p_0_out__76/B[17:0] is not pipelined. Pipelining DSP48 input will improve performance.
Related violations: <none>

DPIP-1#299 Warning
Input pipelining  
DSP design_1_i/syst_array_axil_0/inst/u_syst_array_axil/p_0_out__77 input design_1_i/syst_array_axil_0/inst/u_syst_array_axil/p_0_out__77/A[29:0] is not pipelined. Pipelining DSP48 input will improve performance.
Related violations: <none>

DPIP-1#300 Warning
Input pipelining  
DSP design_1_i/syst_array_axil_0/inst/u_syst_array_axil/p_0_out__77 input design_1_i/syst_array_axil_0/inst/u_syst_array_axil/p_0_out__77/B[17:0] is not pipelined. Pipelining DSP48 input will improve performance.
Related violations: <none>

DPIP-1#301 Warning
Input pipelining  
DSP design_1_i/syst_array_axil_0/inst/u_syst_array_axil/p_0_out__78 input design_1_i/syst_array_axil_0/inst/u_syst_array_axil/p_0_out__78/A[29:0] is not pipelined. Pipelining DSP48 input will improve performance.
Related violations: <none>

DPIP-1#302 Warning
Input pipelining  
DSP design_1_i/syst_array_axil_0/inst/u_syst_array_axil/p_0_out__78 input design_1_i/syst_array_axil_0/inst/u_syst_array_axil/p_0_out__78/B[17:0] is not pipelined. Pipelining DSP48 input will improve performance.
Related violations: <none>

DPIP-1#303 Warning
Input pipelining  
DSP design_1_i/syst_array_axil_0/inst/u_syst_array_axil/p_0_out__79 input design_1_i/syst_array_axil_0/inst/u_syst_array_axil/p_0_out__79/A[29:0] is not pipelined. Pipelining DSP48 input will improve performance.
Related violations: <none>

DPIP-1#304 Warning
Input pipelining  
DSP design_1_i/syst_array_axil_0/inst/u_syst_array_axil/p_0_out__79 input design_1_i/syst_array_axil_0/inst/u_syst_array_axil/p_0_out__79/B[17:0] is not pipelined. Pipelining DSP48 input will improve performance.
Related violations: <none>

DPIP-1#305 Warning
Input pipelining  
DSP design_1_i/syst_array_axil_0/inst/u_syst_array_axil/p_0_out__8 input design_1_i/syst_array_axil_0/inst/u_syst_array_axil/p_0_out__8/A[29:0] is not pipelined. Pipelining DSP48 input will improve performance.
Related violations: <none>

DPIP-1#306 Warning
Input pipelining  
DSP design_1_i/syst_array_axil_0/inst/u_syst_array_axil/p_0_out__8 input design_1_i/syst_array_axil_0/inst/u_syst_array_axil/p_0_out__8/B[17:0] is not pipelined. Pipelining DSP48 input will improve performance.
Related violations: <none>

DPIP-1#307 Warning
Input pipelining  
DSP design_1_i/syst_array_axil_0/inst/u_syst_array_axil/p_0_out__80 input design_1_i/syst_array_axil_0/inst/u_syst_array_axil/p_0_out__80/A[29:0] is not pipelined. Pipelining DSP48 input will improve performance.
Related violations: <none>

DPIP-1#308 Warning
Input pipelining  
DSP design_1_i/syst_array_axil_0/inst/u_syst_array_axil/p_0_out__80 input design_1_i/syst_array_axil_0/inst/u_syst_array_axil/p_0_out__80/B[17:0] is not pipelined. Pipelining DSP48 input will improve performance.
Related violations: <none>

DPIP-1#309 Warning
Input pipelining  
DSP design_1_i/syst_array_axil_0/inst/u_syst_array_axil/p_0_out__81 input design_1_i/syst_array_axil_0/inst/u_syst_array_axil/p_0_out__81/A[29:0] is not pipelined. Pipelining DSP48 input will improve performance.
Related violations: <none>

DPIP-1#310 Warning
Input pipelining  
DSP design_1_i/syst_array_axil_0/inst/u_syst_array_axil/p_0_out__81 input design_1_i/syst_array_axil_0/inst/u_syst_array_axil/p_0_out__81/B[17:0] is not pipelined. Pipelining DSP48 input will improve performance.
Related violations: <none>

DPIP-1#311 Warning
Input pipelining  
DSP design_1_i/syst_array_axil_0/inst/u_syst_array_axil/p_0_out__82 input design_1_i/syst_array_axil_0/inst/u_syst_array_axil/p_0_out__82/A[29:0] is not pipelined. Pipelining DSP48 input will improve performance.
Related violations: <none>

DPIP-1#312 Warning
Input pipelining  
DSP design_1_i/syst_array_axil_0/inst/u_syst_array_axil/p_0_out__82 input design_1_i/syst_array_axil_0/inst/u_syst_array_axil/p_0_out__82/B[17:0] is not pipelined. Pipelining DSP48 input will improve performance.
Related violations: <none>

DPIP-1#313 Warning
Input pipelining  
DSP design_1_i/syst_array_axil_0/inst/u_syst_array_axil/p_0_out__83 input design_1_i/syst_array_axil_0/inst/u_syst_array_axil/p_0_out__83/A[29:0] is not pipelined. Pipelining DSP48 input will improve performance.
Related violations: <none>

DPIP-1#314 Warning
Input pipelining  
DSP design_1_i/syst_array_axil_0/inst/u_syst_array_axil/p_0_out__83 input design_1_i/syst_array_axil_0/inst/u_syst_array_axil/p_0_out__83/B[17:0] is not pipelined. Pipelining DSP48 input will improve performance.
Related violations: <none>

DPIP-1#315 Warning
Input pipelining  
DSP design_1_i/syst_array_axil_0/inst/u_syst_array_axil/p_0_out__84 input design_1_i/syst_array_axil_0/inst/u_syst_array_axil/p_0_out__84/A[29:0] is not pipelined. Pipelining DSP48 input will improve performance.
Related violations: <none>

DPIP-1#316 Warning
Input pipelining  
DSP design_1_i/syst_array_axil_0/inst/u_syst_array_axil/p_0_out__84 input design_1_i/syst_array_axil_0/inst/u_syst_array_axil/p_0_out__84/B[17:0] is not pipelined. Pipelining DSP48 input will improve performance.
Related violations: <none>

DPIP-1#317 Warning
Input pipelining  
DSP design_1_i/syst_array_axil_0/inst/u_syst_array_axil/p_0_out__85 input design_1_i/syst_array_axil_0/inst/u_syst_array_axil/p_0_out__85/A[29:0] is not pipelined. Pipelining DSP48 input will improve performance.
Related violations: <none>

DPIP-1#318 Warning
Input pipelining  
DSP design_1_i/syst_array_axil_0/inst/u_syst_array_axil/p_0_out__85 input design_1_i/syst_array_axil_0/inst/u_syst_array_axil/p_0_out__85/B[17:0] is not pipelined. Pipelining DSP48 input will improve performance.
Related violations: <none>

DPIP-1#319 Warning
Input pipelining  
DSP design_1_i/syst_array_axil_0/inst/u_syst_array_axil/p_0_out__86 input design_1_i/syst_array_axil_0/inst/u_syst_array_axil/p_0_out__86/A[29:0] is not pipelined. Pipelining DSP48 input will improve performance.
Related violations: <none>

DPIP-1#320 Warning
Input pipelining  
DSP design_1_i/syst_array_axil_0/inst/u_syst_array_axil/p_0_out__86 input design_1_i/syst_array_axil_0/inst/u_syst_array_axil/p_0_out__86/B[17:0] is not pipelined. Pipelining DSP48 input will improve performance.
Related violations: <none>

DPIP-1#321 Warning
Input pipelining  
DSP design_1_i/syst_array_axil_0/inst/u_syst_array_axil/p_0_out__87 input design_1_i/syst_array_axil_0/inst/u_syst_array_axil/p_0_out__87/A[29:0] is not pipelined. Pipelining DSP48 input will improve performance.
Related violations: <none>

DPIP-1#322 Warning
Input pipelining  
DSP design_1_i/syst_array_axil_0/inst/u_syst_array_axil/p_0_out__87 input design_1_i/syst_array_axil_0/inst/u_syst_array_axil/p_0_out__87/B[17:0] is not pipelined. Pipelining DSP48 input will improve performance.
Related violations: <none>

DPIP-1#323 Warning
Input pipelining  
DSP design_1_i/syst_array_axil_0/inst/u_syst_array_axil/p_0_out__88 input design_1_i/syst_array_axil_0/inst/u_syst_array_axil/p_0_out__88/A[29:0] is not pipelined. Pipelining DSP48 input will improve performance.
Related violations: <none>

DPIP-1#324 Warning
Input pipelining  
DSP design_1_i/syst_array_axil_0/inst/u_syst_array_axil/p_0_out__88 input design_1_i/syst_array_axil_0/inst/u_syst_array_axil/p_0_out__88/B[17:0] is not pipelined. Pipelining DSP48 input will improve performance.
Related violations: <none>

DPIP-1#325 Warning
Input pipelining  
DSP design_1_i/syst_array_axil_0/inst/u_syst_array_axil/p_0_out__89 input design_1_i/syst_array_axil_0/inst/u_syst_array_axil/p_0_out__89/A[29:0] is not pipelined. Pipelining DSP48 input will improve performance.
Related violations: <none>

DPIP-1#326 Warning
Input pipelining  
DSP design_1_i/syst_array_axil_0/inst/u_syst_array_axil/p_0_out__89 input design_1_i/syst_array_axil_0/inst/u_syst_array_axil/p_0_out__89/B[17:0] is not pipelined. Pipelining DSP48 input will improve performance.
Related violations: <none>

DPIP-1#327 Warning
Input pipelining  
DSP design_1_i/syst_array_axil_0/inst/u_syst_array_axil/p_0_out__9 input design_1_i/syst_array_axil_0/inst/u_syst_array_axil/p_0_out__9/A[29:0] is not pipelined. Pipelining DSP48 input will improve performance.
Related violations: <none>

DPIP-1#328 Warning
Input pipelining  
DSP design_1_i/syst_array_axil_0/inst/u_syst_array_axil/p_0_out__9 input design_1_i/syst_array_axil_0/inst/u_syst_array_axil/p_0_out__9/B[17:0] is not pipelined. Pipelining DSP48 input will improve performance.
Related violations: <none>

DPIP-1#329 Warning
Input pipelining  
DSP design_1_i/syst_array_axil_0/inst/u_syst_array_axil/p_0_out__90 input design_1_i/syst_array_axil_0/inst/u_syst_array_axil/p_0_out__90/A[29:0] is not pipelined. Pipelining DSP48 input will improve performance.
Related violations: <none>

DPIP-1#330 Warning
Input pipelining  
DSP design_1_i/syst_array_axil_0/inst/u_syst_array_axil/p_0_out__90 input design_1_i/syst_array_axil_0/inst/u_syst_array_axil/p_0_out__90/B[17:0] is not pipelined. Pipelining DSP48 input will improve performance.
Related violations: <none>

DPIP-1#331 Warning
Input pipelining  
DSP design_1_i/syst_array_axil_0/inst/u_syst_array_axil/p_0_out__91 input design_1_i/syst_array_axil_0/inst/u_syst_array_axil/p_0_out__91/A[29:0] is not pipelined. Pipelining DSP48 input will improve performance.
Related violations: <none>

DPIP-1#332 Warning
Input pipelining  
DSP design_1_i/syst_array_axil_0/inst/u_syst_array_axil/p_0_out__91 input design_1_i/syst_array_axil_0/inst/u_syst_array_axil/p_0_out__91/B[17:0] is not pipelined. Pipelining DSP48 input will improve performance.
Related violations: <none>

DPIP-1#333 Warning
Input pipelining  
DSP design_1_i/syst_array_axil_0/inst/u_syst_array_axil/p_0_out__92 input design_1_i/syst_array_axil_0/inst/u_syst_array_axil/p_0_out__92/A[29:0] is not pipelined. Pipelining DSP48 input will improve performance.
Related violations: <none>

DPIP-1#334 Warning
Input pipelining  
DSP design_1_i/syst_array_axil_0/inst/u_syst_array_axil/p_0_out__92 input design_1_i/syst_array_axil_0/inst/u_syst_array_axil/p_0_out__92/B[17:0] is not pipelined. Pipelining DSP48 input will improve performance.
Related violations: <none>

DPIP-1#335 Warning
Input pipelining  
DSP design_1_i/syst_array_axil_0/inst/u_syst_array_axil/p_0_out__93 input design_1_i/syst_array_axil_0/inst/u_syst_array_axil/p_0_out__93/A[29:0] is not pipelined. Pipelining DSP48 input will improve performance.
Related violations: <none>

DPIP-1#336 Warning
Input pipelining  
DSP design_1_i/syst_array_axil_0/inst/u_syst_array_axil/p_0_out__93 input design_1_i/syst_array_axil_0/inst/u_syst_array_axil/p_0_out__93/B[17:0] is not pipelined. Pipelining DSP48 input will improve performance.
Related violations: <none>

DPIP-1#337 Warning
Input pipelining  
DSP design_1_i/syst_array_axil_0/inst/u_syst_array_axil/p_0_out__94 input design_1_i/syst_array_axil_0/inst/u_syst_array_axil/p_0_out__94/A[29:0] is not pipelined. Pipelining DSP48 input will improve performance.
Related violations: <none>

DPIP-1#338 Warning
Input pipelining  
DSP design_1_i/syst_array_axil_0/inst/u_syst_array_axil/p_0_out__94 input design_1_i/syst_array_axil_0/inst/u_syst_array_axil/p_0_out__94/B[17:0] is not pipelined. Pipelining DSP48 input will improve performance.
Related violations: <none>

DPIP-1#339 Warning
Input pipelining  
DSP design_1_i/syst_array_axil_0/inst/u_syst_array_axil/p_0_out__95 input design_1_i/syst_array_axil_0/inst/u_syst_array_axil/p_0_out__95/A[29:0] is not pipelined. Pipelining DSP48 input will improve performance.
Related violations: <none>

DPIP-1#340 Warning
Input pipelining  
DSP design_1_i/syst_array_axil_0/inst/u_syst_array_axil/p_0_out__95 input design_1_i/syst_array_axil_0/inst/u_syst_array_axil/p_0_out__95/B[17:0] is not pipelined. Pipelining DSP48 input will improve performance.
Related violations: <none>

DPIP-1#341 Warning
Input pipelining  
DSP design_1_i/syst_array_axil_0/inst/u_syst_array_axil/p_0_out__96 input design_1_i/syst_array_axil_0/inst/u_syst_array_axil/p_0_out__96/A[29:0] is not pipelined. Pipelining DSP48 input will improve performance.
Related violations: <none>

DPIP-1#342 Warning
Input pipelining  
DSP design_1_i/syst_array_axil_0/inst/u_syst_array_axil/p_0_out__96 input design_1_i/syst_array_axil_0/inst/u_syst_array_axil/p_0_out__96/B[17:0] is not pipelined. Pipelining DSP48 input will improve performance.
Related violations: <none>

DPIP-1#343 Warning
Input pipelining  
DSP design_1_i/syst_array_axil_0/inst/u_syst_array_axil/p_0_out__97 input design_1_i/syst_array_axil_0/inst/u_syst_array_axil/p_0_out__97/A[29:0] is not pipelined. Pipelining DSP48 input will improve performance.
Related violations: <none>

DPIP-1#344 Warning
Input pipelining  
DSP design_1_i/syst_array_axil_0/inst/u_syst_array_axil/p_0_out__97 input design_1_i/syst_array_axil_0/inst/u_syst_array_axil/p_0_out__97/B[17:0] is not pipelined. Pipelining DSP48 input will improve performance.
Related violations: <none>

DPIP-1#345 Warning
Input pipelining  
DSP design_1_i/syst_array_axil_0/inst/u_syst_array_axil/p_0_out__98 input design_1_i/syst_array_axil_0/inst/u_syst_array_axil/p_0_out__98/A[29:0] is not pipelined. Pipelining DSP48 input will improve performance.
Related violations: <none>

DPIP-1#346 Warning
Input pipelining  
DSP design_1_i/syst_array_axil_0/inst/u_syst_array_axil/p_0_out__98 input design_1_i/syst_array_axil_0/inst/u_syst_array_axil/p_0_out__98/B[17:0] is not pipelined. Pipelining DSP48 input will improve performance.
Related violations: <none>

DPIP-1#347 Warning
Input pipelining  
DSP design_1_i/syst_array_axil_0/inst/u_syst_array_axil/p_0_out__99 input design_1_i/syst_array_axil_0/inst/u_syst_array_axil/p_0_out__99/A[29:0] is not pipelined. Pipelining DSP48 input will improve performance.
Related violations: <none>

DPIP-1#348 Warning
Input pipelining  
DSP design_1_i/syst_array_axil_0/inst/u_syst_array_axil/p_0_out__99 input design_1_i/syst_array_axil_0/inst/u_syst_array_axil/p_0_out__99/B[17:0] is not pipelined. Pipelining DSP48 input will improve performance.
Related violations: <none>

DPOP-1#1 Warning
PREG Output pipelining  
DSP design_1_i/syst_array_axil_0/inst/u_syst_array_axil/p_0_out output design_1_i/syst_array_axil_0/inst/u_syst_array_axil/p_0_out/P[47:0] is not pipelined (PREG=0). Pipelining the DSP48 output will improve performance and often saves power so it is suggested whenever possible to fully pipeline this function.  If this DSP48 function was inferred, it is suggested to describe an additional register stage after this function.  If the DSP48 was instantiated in the design, it is suggested to set the PREG attribute to 1.
Related violations: <none>

DPOP-1#2 Warning
PREG Output pipelining  
DSP design_1_i/syst_array_axil_0/inst/u_syst_array_axil/p_0_out__0 output design_1_i/syst_array_axil_0/inst/u_syst_array_axil/p_0_out__0/P[47:0] is not pipelined (PREG=0). Pipelining the DSP48 output will improve performance and often saves power so it is suggested whenever possible to fully pipeline this function.  If this DSP48 function was inferred, it is suggested to describe an additional register stage after this function.  If the DSP48 was instantiated in the design, it is suggested to set the PREG attribute to 1.
Related violations: <none>

DPOP-1#3 Warning
PREG Output pipelining  
DSP design_1_i/syst_array_axil_0/inst/u_syst_array_axil/p_0_out__1 output design_1_i/syst_array_axil_0/inst/u_syst_array_axil/p_0_out__1/P[47:0] is not pipelined (PREG=0). Pipelining the DSP48 output will improve performance and often saves power so it is suggested whenever possible to fully pipeline this function.  If this DSP48 function was inferred, it is suggested to describe an additional register stage after this function.  If the DSP48 was instantiated in the design, it is suggested to set the PREG attribute to 1.
Related violations: <none>

DPOP-1#4 Warning
PREG Output pipelining  
DSP design_1_i/syst_array_axil_0/inst/u_syst_array_axil/p_0_out__10 output design_1_i/syst_array_axil_0/inst/u_syst_array_axil/p_0_out__10/P[47:0] is not pipelined (PREG=0). Pipelining the DSP48 output will improve performance and often saves power so it is suggested whenever possible to fully pipeline this function.  If this DSP48 function was inferred, it is suggested to describe an additional register stage after this function.  If the DSP48 was instantiated in the design, it is suggested to set the PREG attribute to 1.
Related violations: <none>

DPOP-1#5 Warning
PREG Output pipelining  
DSP design_1_i/syst_array_axil_0/inst/u_syst_array_axil/p_0_out__100 output design_1_i/syst_array_axil_0/inst/u_syst_array_axil/p_0_out__100/P[47:0] is not pipelined (PREG=0). Pipelining the DSP48 output will improve performance and often saves power so it is suggested whenever possible to fully pipeline this function.  If this DSP48 function was inferred, it is suggested to describe an additional register stage after this function.  If the DSP48 was instantiated in the design, it is suggested to set the PREG attribute to 1.
Related violations: <none>

DPOP-1#6 Warning
PREG Output pipelining  
DSP design_1_i/syst_array_axil_0/inst/u_syst_array_axil/p_0_out__101 output design_1_i/syst_array_axil_0/inst/u_syst_array_axil/p_0_out__101/P[47:0] is not pipelined (PREG=0). Pipelining the DSP48 output will improve performance and often saves power so it is suggested whenever possible to fully pipeline this function.  If this DSP48 function was inferred, it is suggested to describe an additional register stage after this function.  If the DSP48 was instantiated in the design, it is suggested to set the PREG attribute to 1.
Related violations: <none>

DPOP-1#7 Warning
PREG Output pipelining  
DSP design_1_i/syst_array_axil_0/inst/u_syst_array_axil/p_0_out__102 output design_1_i/syst_array_axil_0/inst/u_syst_array_axil/p_0_out__102/P[47:0] is not pipelined (PREG=0). Pipelining the DSP48 output will improve performance and often saves power so it is suggested whenever possible to fully pipeline this function.  If this DSP48 function was inferred, it is suggested to describe an additional register stage after this function.  If the DSP48 was instantiated in the design, it is suggested to set the PREG attribute to 1.
Related violations: <none>

DPOP-1#8 Warning
PREG Output pipelining  
DSP design_1_i/syst_array_axil_0/inst/u_syst_array_axil/p_0_out__103 output design_1_i/syst_array_axil_0/inst/u_syst_array_axil/p_0_out__103/P[47:0] is not pipelined (PREG=0). Pipelining the DSP48 output will improve performance and often saves power so it is suggested whenever possible to fully pipeline this function.  If this DSP48 function was inferred, it is suggested to describe an additional register stage after this function.  If the DSP48 was instantiated in the design, it is suggested to set the PREG attribute to 1.
Related violations: <none>

DPOP-1#9 Warning
PREG Output pipelining  
DSP design_1_i/syst_array_axil_0/inst/u_syst_array_axil/p_0_out__104 output design_1_i/syst_array_axil_0/inst/u_syst_array_axil/p_0_out__104/P[47:0] is not pipelined (PREG=0). Pipelining the DSP48 output will improve performance and often saves power so it is suggested whenever possible to fully pipeline this function.  If this DSP48 function was inferred, it is suggested to describe an additional register stage after this function.  If the DSP48 was instantiated in the design, it is suggested to set the PREG attribute to 1.
Related violations: <none>

DPOP-1#10 Warning
PREG Output pipelining  
DSP design_1_i/syst_array_axil_0/inst/u_syst_array_axil/p_0_out__105 output design_1_i/syst_array_axil_0/inst/u_syst_array_axil/p_0_out__105/P[47:0] is not pipelined (PREG=0). Pipelining the DSP48 output will improve performance and often saves power so it is suggested whenever possible to fully pipeline this function.  If this DSP48 function was inferred, it is suggested to describe an additional register stage after this function.  If the DSP48 was instantiated in the design, it is suggested to set the PREG attribute to 1.
Related violations: <none>

DPOP-1#11 Warning
PREG Output pipelining  
DSP design_1_i/syst_array_axil_0/inst/u_syst_array_axil/p_0_out__106 output design_1_i/syst_array_axil_0/inst/u_syst_array_axil/p_0_out__106/P[47:0] is not pipelined (PREG=0). Pipelining the DSP48 output will improve performance and often saves power so it is suggested whenever possible to fully pipeline this function.  If this DSP48 function was inferred, it is suggested to describe an additional register stage after this function.  If the DSP48 was instantiated in the design, it is suggested to set the PREG attribute to 1.
Related violations: <none>

DPOP-1#12 Warning
PREG Output pipelining  
DSP design_1_i/syst_array_axil_0/inst/u_syst_array_axil/p_0_out__107 output design_1_i/syst_array_axil_0/inst/u_syst_array_axil/p_0_out__107/P[47:0] is not pipelined (PREG=0). Pipelining the DSP48 output will improve performance and often saves power so it is suggested whenever possible to fully pipeline this function.  If this DSP48 function was inferred, it is suggested to describe an additional register stage after this function.  If the DSP48 was instantiated in the design, it is suggested to set the PREG attribute to 1.
Related violations: <none>

DPOP-1#13 Warning
PREG Output pipelining  
DSP design_1_i/syst_array_axil_0/inst/u_syst_array_axil/p_0_out__108 output design_1_i/syst_array_axil_0/inst/u_syst_array_axil/p_0_out__108/P[47:0] is not pipelined (PREG=0). Pipelining the DSP48 output will improve performance and often saves power so it is suggested whenever possible to fully pipeline this function.  If this DSP48 function was inferred, it is suggested to describe an additional register stage after this function.  If the DSP48 was instantiated in the design, it is suggested to set the PREG attribute to 1.
Related violations: <none>

DPOP-1#14 Warning
PREG Output pipelining  
DSP design_1_i/syst_array_axil_0/inst/u_syst_array_axil/p_0_out__109 output design_1_i/syst_array_axil_0/inst/u_syst_array_axil/p_0_out__109/P[47:0] is not pipelined (PREG=0). Pipelining the DSP48 output will improve performance and often saves power so it is suggested whenever possible to fully pipeline this function.  If this DSP48 function was inferred, it is suggested to describe an additional register stage after this function.  If the DSP48 was instantiated in the design, it is suggested to set the PREG attribute to 1.
Related violations: <none>

DPOP-1#15 Warning
PREG Output pipelining  
DSP design_1_i/syst_array_axil_0/inst/u_syst_array_axil/p_0_out__11 output design_1_i/syst_array_axil_0/inst/u_syst_array_axil/p_0_out__11/P[47:0] is not pipelined (PREG=0). Pipelining the DSP48 output will improve performance and often saves power so it is suggested whenever possible to fully pipeline this function.  If this DSP48 function was inferred, it is suggested to describe an additional register stage after this function.  If the DSP48 was instantiated in the design, it is suggested to set the PREG attribute to 1.
Related violations: <none>

DPOP-1#16 Warning
PREG Output pipelining  
DSP design_1_i/syst_array_axil_0/inst/u_syst_array_axil/p_0_out__110 output design_1_i/syst_array_axil_0/inst/u_syst_array_axil/p_0_out__110/P[47:0] is not pipelined (PREG=0). Pipelining the DSP48 output will improve performance and often saves power so it is suggested whenever possible to fully pipeline this function.  If this DSP48 function was inferred, it is suggested to describe an additional register stage after this function.  If the DSP48 was instantiated in the design, it is suggested to set the PREG attribute to 1.
Related violations: <none>

DPOP-1#17 Warning
PREG Output pipelining  
DSP design_1_i/syst_array_axil_0/inst/u_syst_array_axil/p_0_out__111 output design_1_i/syst_array_axil_0/inst/u_syst_array_axil/p_0_out__111/P[47:0] is not pipelined (PREG=0). Pipelining the DSP48 output will improve performance and often saves power so it is suggested whenever possible to fully pipeline this function.  If this DSP48 function was inferred, it is suggested to describe an additional register stage after this function.  If the DSP48 was instantiated in the design, it is suggested to set the PREG attribute to 1.
Related violations: <none>

DPOP-1#18 Warning
PREG Output pipelining  
DSP design_1_i/syst_array_axil_0/inst/u_syst_array_axil/p_0_out__112 output design_1_i/syst_array_axil_0/inst/u_syst_array_axil/p_0_out__112/P[47:0] is not pipelined (PREG=0). Pipelining the DSP48 output will improve performance and often saves power so it is suggested whenever possible to fully pipeline this function.  If this DSP48 function was inferred, it is suggested to describe an additional register stage after this function.  If the DSP48 was instantiated in the design, it is suggested to set the PREG attribute to 1.
Related violations: <none>

DPOP-1#19 Warning
PREG Output pipelining  
DSP design_1_i/syst_array_axil_0/inst/u_syst_array_axil/p_0_out__113 output design_1_i/syst_array_axil_0/inst/u_syst_array_axil/p_0_out__113/P[47:0] is not pipelined (PREG=0). Pipelining the DSP48 output will improve performance and often saves power so it is suggested whenever possible to fully pipeline this function.  If this DSP48 function was inferred, it is suggested to describe an additional register stage after this function.  If the DSP48 was instantiated in the design, it is suggested to set the PREG attribute to 1.
Related violations: <none>

DPOP-1#20 Warning
PREG Output pipelining  
DSP design_1_i/syst_array_axil_0/inst/u_syst_array_axil/p_0_out__114 output design_1_i/syst_array_axil_0/inst/u_syst_array_axil/p_0_out__114/P[47:0] is not pipelined (PREG=0). Pipelining the DSP48 output will improve performance and often saves power so it is suggested whenever possible to fully pipeline this function.  If this DSP48 function was inferred, it is suggested to describe an additional register stage after this function.  If the DSP48 was instantiated in the design, it is suggested to set the PREG attribute to 1.
Related violations: <none>

DPOP-1#21 Warning
PREG Output pipelining  
DSP design_1_i/syst_array_axil_0/inst/u_syst_array_axil/p_0_out__115 output design_1_i/syst_array_axil_0/inst/u_syst_array_axil/p_0_out__115/P[47:0] is not pipelined (PREG=0). Pipelining the DSP48 output will improve performance and often saves power so it is suggested whenever possible to fully pipeline this function.  If this DSP48 function was inferred, it is suggested to describe an additional register stage after this function.  If the DSP48 was instantiated in the design, it is suggested to set the PREG attribute to 1.
Related violations: <none>

DPOP-1#22 Warning
PREG Output pipelining  
DSP design_1_i/syst_array_axil_0/inst/u_syst_array_axil/p_0_out__116 output design_1_i/syst_array_axil_0/inst/u_syst_array_axil/p_0_out__116/P[47:0] is not pipelined (PREG=0). Pipelining the DSP48 output will improve performance and often saves power so it is suggested whenever possible to fully pipeline this function.  If this DSP48 function was inferred, it is suggested to describe an additional register stage after this function.  If the DSP48 was instantiated in the design, it is suggested to set the PREG attribute to 1.
Related violations: <none>

DPOP-1#23 Warning
PREG Output pipelining  
DSP design_1_i/syst_array_axil_0/inst/u_syst_array_axil/p_0_out__117 output design_1_i/syst_array_axil_0/inst/u_syst_array_axil/p_0_out__117/P[47:0] is not pipelined (PREG=0). Pipelining the DSP48 output will improve performance and often saves power so it is suggested whenever possible to fully pipeline this function.  If this DSP48 function was inferred, it is suggested to describe an additional register stage after this function.  If the DSP48 was instantiated in the design, it is suggested to set the PREG attribute to 1.
Related violations: <none>

DPOP-1#24 Warning
PREG Output pipelining  
DSP design_1_i/syst_array_axil_0/inst/u_syst_array_axil/p_0_out__118 output design_1_i/syst_array_axil_0/inst/u_syst_array_axil/p_0_out__118/P[47:0] is not pipelined (PREG=0). Pipelining the DSP48 output will improve performance and often saves power so it is suggested whenever possible to fully pipeline this function.  If this DSP48 function was inferred, it is suggested to describe an additional register stage after this function.  If the DSP48 was instantiated in the design, it is suggested to set the PREG attribute to 1.
Related violations: <none>

DPOP-1#25 Warning
PREG Output pipelining  
DSP design_1_i/syst_array_axil_0/inst/u_syst_array_axil/p_0_out__119 output design_1_i/syst_array_axil_0/inst/u_syst_array_axil/p_0_out__119/P[47:0] is not pipelined (PREG=0). Pipelining the DSP48 output will improve performance and often saves power so it is suggested whenever possible to fully pipeline this function.  If this DSP48 function was inferred, it is suggested to describe an additional register stage after this function.  If the DSP48 was instantiated in the design, it is suggested to set the PREG attribute to 1.
Related violations: <none>

DPOP-1#26 Warning
PREG Output pipelining  
DSP design_1_i/syst_array_axil_0/inst/u_syst_array_axil/p_0_out__12 output design_1_i/syst_array_axil_0/inst/u_syst_array_axil/p_0_out__12/P[47:0] is not pipelined (PREG=0). Pipelining the DSP48 output will improve performance and often saves power so it is suggested whenever possible to fully pipeline this function.  If this DSP48 function was inferred, it is suggested to describe an additional register stage after this function.  If the DSP48 was instantiated in the design, it is suggested to set the PREG attribute to 1.
Related violations: <none>

DPOP-1#27 Warning
PREG Output pipelining  
DSP design_1_i/syst_array_axil_0/inst/u_syst_array_axil/p_0_out__120 output design_1_i/syst_array_axil_0/inst/u_syst_array_axil/p_0_out__120/P[47:0] is not pipelined (PREG=0). Pipelining the DSP48 output will improve performance and often saves power so it is suggested whenever possible to fully pipeline this function.  If this DSP48 function was inferred, it is suggested to describe an additional register stage after this function.  If the DSP48 was instantiated in the design, it is suggested to set the PREG attribute to 1.
Related violations: <none>

DPOP-1#28 Warning
PREG Output pipelining  
DSP design_1_i/syst_array_axil_0/inst/u_syst_array_axil/p_0_out__121 output design_1_i/syst_array_axil_0/inst/u_syst_array_axil/p_0_out__121/P[47:0] is not pipelined (PREG=0). Pipelining the DSP48 output will improve performance and often saves power so it is suggested whenever possible to fully pipeline this function.  If this DSP48 function was inferred, it is suggested to describe an additional register stage after this function.  If the DSP48 was instantiated in the design, it is suggested to set the PREG attribute to 1.
Related violations: <none>

DPOP-1#29 Warning
PREG Output pipelining  
DSP design_1_i/syst_array_axil_0/inst/u_syst_array_axil/p_0_out__122 output design_1_i/syst_array_axil_0/inst/u_syst_array_axil/p_0_out__122/P[47:0] is not pipelined (PREG=0). Pipelining the DSP48 output will improve performance and often saves power so it is suggested whenever possible to fully pipeline this function.  If this DSP48 function was inferred, it is suggested to describe an additional register stage after this function.  If the DSP48 was instantiated in the design, it is suggested to set the PREG attribute to 1.
Related violations: <none>

DPOP-1#30 Warning
PREG Output pipelining  
DSP design_1_i/syst_array_axil_0/inst/u_syst_array_axil/p_0_out__123 output design_1_i/syst_array_axil_0/inst/u_syst_array_axil/p_0_out__123/P[47:0] is not pipelined (PREG=0). Pipelining the DSP48 output will improve performance and often saves power so it is suggested whenever possible to fully pipeline this function.  If this DSP48 function was inferred, it is suggested to describe an additional register stage after this function.  If the DSP48 was instantiated in the design, it is suggested to set the PREG attribute to 1.
Related violations: <none>

DPOP-1#31 Warning
PREG Output pipelining  
DSP design_1_i/syst_array_axil_0/inst/u_syst_array_axil/p_0_out__124 output design_1_i/syst_array_axil_0/inst/u_syst_array_axil/p_0_out__124/P[47:0] is not pipelined (PREG=0). Pipelining the DSP48 output will improve performance and often saves power so it is suggested whenever possible to fully pipeline this function.  If this DSP48 function was inferred, it is suggested to describe an additional register stage after this function.  If the DSP48 was instantiated in the design, it is suggested to set the PREG attribute to 1.
Related violations: <none>

DPOP-1#32 Warning
PREG Output pipelining  
DSP design_1_i/syst_array_axil_0/inst/u_syst_array_axil/p_0_out__125 output design_1_i/syst_array_axil_0/inst/u_syst_array_axil/p_0_out__125/P[47:0] is not pipelined (PREG=0). Pipelining the DSP48 output will improve performance and often saves power so it is suggested whenever possible to fully pipeline this function.  If this DSP48 function was inferred, it is suggested to describe an additional register stage after this function.  If the DSP48 was instantiated in the design, it is suggested to set the PREG attribute to 1.
Related violations: <none>

DPOP-1#33 Warning
PREG Output pipelining  
DSP design_1_i/syst_array_axil_0/inst/u_syst_array_axil/p_0_out__126 output design_1_i/syst_array_axil_0/inst/u_syst_array_axil/p_0_out__126/P[47:0] is not pipelined (PREG=0). Pipelining the DSP48 output will improve performance and often saves power so it is suggested whenever possible to fully pipeline this function.  If this DSP48 function was inferred, it is suggested to describe an additional register stage after this function.  If the DSP48 was instantiated in the design, it is suggested to set the PREG attribute to 1.
Related violations: <none>

DPOP-1#34 Warning
PREG Output pipelining  
DSP design_1_i/syst_array_axil_0/inst/u_syst_array_axil/p_0_out__127 output design_1_i/syst_array_axil_0/inst/u_syst_array_axil/p_0_out__127/P[47:0] is not pipelined (PREG=0). Pipelining the DSP48 output will improve performance and often saves power so it is suggested whenever possible to fully pipeline this function.  If this DSP48 function was inferred, it is suggested to describe an additional register stage after this function.  If the DSP48 was instantiated in the design, it is suggested to set the PREG attribute to 1.
Related violations: <none>

DPOP-1#35 Warning
PREG Output pipelining  
DSP design_1_i/syst_array_axil_0/inst/u_syst_array_axil/p_0_out__128 output design_1_i/syst_array_axil_0/inst/u_syst_array_axil/p_0_out__128/P[47:0] is not pipelined (PREG=0). Pipelining the DSP48 output will improve performance and often saves power so it is suggested whenever possible to fully pipeline this function.  If this DSP48 function was inferred, it is suggested to describe an additional register stage after this function.  If the DSP48 was instantiated in the design, it is suggested to set the PREG attribute to 1.
Related violations: <none>

DPOP-1#36 Warning
PREG Output pipelining  
DSP design_1_i/syst_array_axil_0/inst/u_syst_array_axil/p_0_out__129 output design_1_i/syst_array_axil_0/inst/u_syst_array_axil/p_0_out__129/P[47:0] is not pipelined (PREG=0). Pipelining the DSP48 output will improve performance and often saves power so it is suggested whenever possible to fully pipeline this function.  If this DSP48 function was inferred, it is suggested to describe an additional register stage after this function.  If the DSP48 was instantiated in the design, it is suggested to set the PREG attribute to 1.
Related violations: <none>

DPOP-1#37 Warning
PREG Output pipelining  
DSP design_1_i/syst_array_axil_0/inst/u_syst_array_axil/p_0_out__13 output design_1_i/syst_array_axil_0/inst/u_syst_array_axil/p_0_out__13/P[47:0] is not pipelined (PREG=0). Pipelining the DSP48 output will improve performance and often saves power so it is suggested whenever possible to fully pipeline this function.  If this DSP48 function was inferred, it is suggested to describe an additional register stage after this function.  If the DSP48 was instantiated in the design, it is suggested to set the PREG attribute to 1.
Related violations: <none>

DPOP-1#38 Warning
PREG Output pipelining  
DSP design_1_i/syst_array_axil_0/inst/u_syst_array_axil/p_0_out__130 output design_1_i/syst_array_axil_0/inst/u_syst_array_axil/p_0_out__130/P[47:0] is not pipelined (PREG=0). Pipelining the DSP48 output will improve performance and often saves power so it is suggested whenever possible to fully pipeline this function.  If this DSP48 function was inferred, it is suggested to describe an additional register stage after this function.  If the DSP48 was instantiated in the design, it is suggested to set the PREG attribute to 1.
Related violations: <none>

DPOP-1#39 Warning
PREG Output pipelining  
DSP design_1_i/syst_array_axil_0/inst/u_syst_array_axil/p_0_out__131 output design_1_i/syst_array_axil_0/inst/u_syst_array_axil/p_0_out__131/P[47:0] is not pipelined (PREG=0). Pipelining the DSP48 output will improve performance and often saves power so it is suggested whenever possible to fully pipeline this function.  If this DSP48 function was inferred, it is suggested to describe an additional register stage after this function.  If the DSP48 was instantiated in the design, it is suggested to set the PREG attribute to 1.
Related violations: <none>

DPOP-1#40 Warning
PREG Output pipelining  
DSP design_1_i/syst_array_axil_0/inst/u_syst_array_axil/p_0_out__132 output design_1_i/syst_array_axil_0/inst/u_syst_array_axil/p_0_out__132/P[47:0] is not pipelined (PREG=0). Pipelining the DSP48 output will improve performance and often saves power so it is suggested whenever possible to fully pipeline this function.  If this DSP48 function was inferred, it is suggested to describe an additional register stage after this function.  If the DSP48 was instantiated in the design, it is suggested to set the PREG attribute to 1.
Related violations: <none>

DPOP-1#41 Warning
PREG Output pipelining  
DSP design_1_i/syst_array_axil_0/inst/u_syst_array_axil/p_0_out__133 output design_1_i/syst_array_axil_0/inst/u_syst_array_axil/p_0_out__133/P[47:0] is not pipelined (PREG=0). Pipelining the DSP48 output will improve performance and often saves power so it is suggested whenever possible to fully pipeline this function.  If this DSP48 function was inferred, it is suggested to describe an additional register stage after this function.  If the DSP48 was instantiated in the design, it is suggested to set the PREG attribute to 1.
Related violations: <none>

DPOP-1#42 Warning
PREG Output pipelining  
DSP design_1_i/syst_array_axil_0/inst/u_syst_array_axil/p_0_out__134 output design_1_i/syst_array_axil_0/inst/u_syst_array_axil/p_0_out__134/P[47:0] is not pipelined (PREG=0). Pipelining the DSP48 output will improve performance and often saves power so it is suggested whenever possible to fully pipeline this function.  If this DSP48 function was inferred, it is suggested to describe an additional register stage after this function.  If the DSP48 was instantiated in the design, it is suggested to set the PREG attribute to 1.
Related violations: <none>

DPOP-1#43 Warning
PREG Output pipelining  
DSP design_1_i/syst_array_axil_0/inst/u_syst_array_axil/p_0_out__135 output design_1_i/syst_array_axil_0/inst/u_syst_array_axil/p_0_out__135/P[47:0] is not pipelined (PREG=0). Pipelining the DSP48 output will improve performance and often saves power so it is suggested whenever possible to fully pipeline this function.  If this DSP48 function was inferred, it is suggested to describe an additional register stage after this function.  If the DSP48 was instantiated in the design, it is suggested to set the PREG attribute to 1.
Related violations: <none>

DPOP-1#44 Warning
PREG Output pipelining  
DSP design_1_i/syst_array_axil_0/inst/u_syst_array_axil/p_0_out__136 output design_1_i/syst_array_axil_0/inst/u_syst_array_axil/p_0_out__136/P[47:0] is not pipelined (PREG=0). Pipelining the DSP48 output will improve performance and often saves power so it is suggested whenever possible to fully pipeline this function.  If this DSP48 function was inferred, it is suggested to describe an additional register stage after this function.  If the DSP48 was instantiated in the design, it is suggested to set the PREG attribute to 1.
Related violations: <none>

DPOP-1#45 Warning
PREG Output pipelining  
DSP design_1_i/syst_array_axil_0/inst/u_syst_array_axil/p_0_out__137 output design_1_i/syst_array_axil_0/inst/u_syst_array_axil/p_0_out__137/P[47:0] is not pipelined (PREG=0). Pipelining the DSP48 output will improve performance and often saves power so it is suggested whenever possible to fully pipeline this function.  If this DSP48 function was inferred, it is suggested to describe an additional register stage after this function.  If the DSP48 was instantiated in the design, it is suggested to set the PREG attribute to 1.
Related violations: <none>

DPOP-1#46 Warning
PREG Output pipelining  
DSP design_1_i/syst_array_axil_0/inst/u_syst_array_axil/p_0_out__138 output design_1_i/syst_array_axil_0/inst/u_syst_array_axil/p_0_out__138/P[47:0] is not pipelined (PREG=0). Pipelining the DSP48 output will improve performance and often saves power so it is suggested whenever possible to fully pipeline this function.  If this DSP48 function was inferred, it is suggested to describe an additional register stage after this function.  If the DSP48 was instantiated in the design, it is suggested to set the PREG attribute to 1.
Related violations: <none>

DPOP-1#47 Warning
PREG Output pipelining  
DSP design_1_i/syst_array_axil_0/inst/u_syst_array_axil/p_0_out__139 output design_1_i/syst_array_axil_0/inst/u_syst_array_axil/p_0_out__139/P[47:0] is not pipelined (PREG=0). Pipelining the DSP48 output will improve performance and often saves power so it is suggested whenever possible to fully pipeline this function.  If this DSP48 function was inferred, it is suggested to describe an additional register stage after this function.  If the DSP48 was instantiated in the design, it is suggested to set the PREG attribute to 1.
Related violations: <none>

DPOP-1#48 Warning
PREG Output pipelining  
DSP design_1_i/syst_array_axil_0/inst/u_syst_array_axil/p_0_out__14 output design_1_i/syst_array_axil_0/inst/u_syst_array_axil/p_0_out__14/P[47:0] is not pipelined (PREG=0). Pipelining the DSP48 output will improve performance and often saves power so it is suggested whenever possible to fully pipeline this function.  If this DSP48 function was inferred, it is suggested to describe an additional register stage after this function.  If the DSP48 was instantiated in the design, it is suggested to set the PREG attribute to 1.
Related violations: <none>

DPOP-1#49 Warning
PREG Output pipelining  
DSP design_1_i/syst_array_axil_0/inst/u_syst_array_axil/p_0_out__140 output design_1_i/syst_array_axil_0/inst/u_syst_array_axil/p_0_out__140/P[47:0] is not pipelined (PREG=0). Pipelining the DSP48 output will improve performance and often saves power so it is suggested whenever possible to fully pipeline this function.  If this DSP48 function was inferred, it is suggested to describe an additional register stage after this function.  If the DSP48 was instantiated in the design, it is suggested to set the PREG attribute to 1.
Related violations: <none>

DPOP-1#50 Warning
PREG Output pipelining  
DSP design_1_i/syst_array_axil_0/inst/u_syst_array_axil/p_0_out__141 output design_1_i/syst_array_axil_0/inst/u_syst_array_axil/p_0_out__141/P[47:0] is not pipelined (PREG=0). Pipelining the DSP48 output will improve performance and often saves power so it is suggested whenever possible to fully pipeline this function.  If this DSP48 function was inferred, it is suggested to describe an additional register stage after this function.  If the DSP48 was instantiated in the design, it is suggested to set the PREG attribute to 1.
Related violations: <none>

DPOP-1#51 Warning
PREG Output pipelining  
DSP design_1_i/syst_array_axil_0/inst/u_syst_array_axil/p_0_out__142 output design_1_i/syst_array_axil_0/inst/u_syst_array_axil/p_0_out__142/P[47:0] is not pipelined (PREG=0). Pipelining the DSP48 output will improve performance and often saves power so it is suggested whenever possible to fully pipeline this function.  If this DSP48 function was inferred, it is suggested to describe an additional register stage after this function.  If the DSP48 was instantiated in the design, it is suggested to set the PREG attribute to 1.
Related violations: <none>

DPOP-1#52 Warning
PREG Output pipelining  
DSP design_1_i/syst_array_axil_0/inst/u_syst_array_axil/p_0_out__143 output design_1_i/syst_array_axil_0/inst/u_syst_array_axil/p_0_out__143/P[47:0] is not pipelined (PREG=0). Pipelining the DSP48 output will improve performance and often saves power so it is suggested whenever possible to fully pipeline this function.  If this DSP48 function was inferred, it is suggested to describe an additional register stage after this function.  If the DSP48 was instantiated in the design, it is suggested to set the PREG attribute to 1.
Related violations: <none>

DPOP-1#53 Warning
PREG Output pipelining  
DSP design_1_i/syst_array_axil_0/inst/u_syst_array_axil/p_0_out__144 output design_1_i/syst_array_axil_0/inst/u_syst_array_axil/p_0_out__144/P[47:0] is not pipelined (PREG=0). Pipelining the DSP48 output will improve performance and often saves power so it is suggested whenever possible to fully pipeline this function.  If this DSP48 function was inferred, it is suggested to describe an additional register stage after this function.  If the DSP48 was instantiated in the design, it is suggested to set the PREG attribute to 1.
Related violations: <none>

DPOP-1#54 Warning
PREG Output pipelining  
DSP design_1_i/syst_array_axil_0/inst/u_syst_array_axil/p_0_out__145 output design_1_i/syst_array_axil_0/inst/u_syst_array_axil/p_0_out__145/P[47:0] is not pipelined (PREG=0). Pipelining the DSP48 output will improve performance and often saves power so it is suggested whenever possible to fully pipeline this function.  If this DSP48 function was inferred, it is suggested to describe an additional register stage after this function.  If the DSP48 was instantiated in the design, it is suggested to set the PREG attribute to 1.
Related violations: <none>

DPOP-1#55 Warning
PREG Output pipelining  
DSP design_1_i/syst_array_axil_0/inst/u_syst_array_axil/p_0_out__146 output design_1_i/syst_array_axil_0/inst/u_syst_array_axil/p_0_out__146/P[47:0] is not pipelined (PREG=0). Pipelining the DSP48 output will improve performance and often saves power so it is suggested whenever possible to fully pipeline this function.  If this DSP48 function was inferred, it is suggested to describe an additional register stage after this function.  If the DSP48 was instantiated in the design, it is suggested to set the PREG attribute to 1.
Related violations: <none>

DPOP-1#56 Warning
PREG Output pipelining  
DSP design_1_i/syst_array_axil_0/inst/u_syst_array_axil/p_0_out__147 output design_1_i/syst_array_axil_0/inst/u_syst_array_axil/p_0_out__147/P[47:0] is not pipelined (PREG=0). Pipelining the DSP48 output will improve performance and often saves power so it is suggested whenever possible to fully pipeline this function.  If this DSP48 function was inferred, it is suggested to describe an additional register stage after this function.  If the DSP48 was instantiated in the design, it is suggested to set the PREG attribute to 1.
Related violations: <none>

DPOP-1#57 Warning
PREG Output pipelining  
DSP design_1_i/syst_array_axil_0/inst/u_syst_array_axil/p_0_out__148 output design_1_i/syst_array_axil_0/inst/u_syst_array_axil/p_0_out__148/P[47:0] is not pipelined (PREG=0). Pipelining the DSP48 output will improve performance and often saves power so it is suggested whenever possible to fully pipeline this function.  If this DSP48 function was inferred, it is suggested to describe an additional register stage after this function.  If the DSP48 was instantiated in the design, it is suggested to set the PREG attribute to 1.
Related violations: <none>

DPOP-1#58 Warning
PREG Output pipelining  
DSP design_1_i/syst_array_axil_0/inst/u_syst_array_axil/p_0_out__149 output design_1_i/syst_array_axil_0/inst/u_syst_array_axil/p_0_out__149/P[47:0] is not pipelined (PREG=0). Pipelining the DSP48 output will improve performance and often saves power so it is suggested whenever possible to fully pipeline this function.  If this DSP48 function was inferred, it is suggested to describe an additional register stage after this function.  If the DSP48 was instantiated in the design, it is suggested to set the PREG attribute to 1.
Related violations: <none>

DPOP-1#59 Warning
PREG Output pipelining  
DSP design_1_i/syst_array_axil_0/inst/u_syst_array_axil/p_0_out__15 output design_1_i/syst_array_axil_0/inst/u_syst_array_axil/p_0_out__15/P[47:0] is not pipelined (PREG=0). Pipelining the DSP48 output will improve performance and often saves power so it is suggested whenever possible to fully pipeline this function.  If this DSP48 function was inferred, it is suggested to describe an additional register stage after this function.  If the DSP48 was instantiated in the design, it is suggested to set the PREG attribute to 1.
Related violations: <none>

DPOP-1#60 Warning
PREG Output pipelining  
DSP design_1_i/syst_array_axil_0/inst/u_syst_array_axil/p_0_out__150 output design_1_i/syst_array_axil_0/inst/u_syst_array_axil/p_0_out__150/P[47:0] is not pipelined (PREG=0). Pipelining the DSP48 output will improve performance and often saves power so it is suggested whenever possible to fully pipeline this function.  If this DSP48 function was inferred, it is suggested to describe an additional register stage after this function.  If the DSP48 was instantiated in the design, it is suggested to set the PREG attribute to 1.
Related violations: <none>

DPOP-1#61 Warning
PREG Output pipelining  
DSP design_1_i/syst_array_axil_0/inst/u_syst_array_axil/p_0_out__151 output design_1_i/syst_array_axil_0/inst/u_syst_array_axil/p_0_out__151/P[47:0] is not pipelined (PREG=0). Pipelining the DSP48 output will improve performance and often saves power so it is suggested whenever possible to fully pipeline this function.  If this DSP48 function was inferred, it is suggested to describe an additional register stage after this function.  If the DSP48 was instantiated in the design, it is suggested to set the PREG attribute to 1.
Related violations: <none>

DPOP-1#62 Warning
PREG Output pipelining  
DSP design_1_i/syst_array_axil_0/inst/u_syst_array_axil/p_0_out__152 output design_1_i/syst_array_axil_0/inst/u_syst_array_axil/p_0_out__152/P[47:0] is not pipelined (PREG=0). Pipelining the DSP48 output will improve performance and often saves power so it is suggested whenever possible to fully pipeline this function.  If this DSP48 function was inferred, it is suggested to describe an additional register stage after this function.  If the DSP48 was instantiated in the design, it is suggested to set the PREG attribute to 1.
Related violations: <none>

DPOP-1#63 Warning
PREG Output pipelining  
DSP design_1_i/syst_array_axil_0/inst/u_syst_array_axil/p_0_out__153 output design_1_i/syst_array_axil_0/inst/u_syst_array_axil/p_0_out__153/P[47:0] is not pipelined (PREG=0). Pipelining the DSP48 output will improve performance and often saves power so it is suggested whenever possible to fully pipeline this function.  If this DSP48 function was inferred, it is suggested to describe an additional register stage after this function.  If the DSP48 was instantiated in the design, it is suggested to set the PREG attribute to 1.
Related violations: <none>

DPOP-1#64 Warning
PREG Output pipelining  
DSP design_1_i/syst_array_axil_0/inst/u_syst_array_axil/p_0_out__154 output design_1_i/syst_array_axil_0/inst/u_syst_array_axil/p_0_out__154/P[47:0] is not pipelined (PREG=0). Pipelining the DSP48 output will improve performance and often saves power so it is suggested whenever possible to fully pipeline this function.  If this DSP48 function was inferred, it is suggested to describe an additional register stage after this function.  If the DSP48 was instantiated in the design, it is suggested to set the PREG attribute to 1.
Related violations: <none>

DPOP-1#65 Warning
PREG Output pipelining  
DSP design_1_i/syst_array_axil_0/inst/u_syst_array_axil/p_0_out__155 output design_1_i/syst_array_axil_0/inst/u_syst_array_axil/p_0_out__155/P[47:0] is not pipelined (PREG=0). Pipelining the DSP48 output will improve performance and often saves power so it is suggested whenever possible to fully pipeline this function.  If this DSP48 function was inferred, it is suggested to describe an additional register stage after this function.  If the DSP48 was instantiated in the design, it is suggested to set the PREG attribute to 1.
Related violations: <none>

DPOP-1#66 Warning
PREG Output pipelining  
DSP design_1_i/syst_array_axil_0/inst/u_syst_array_axil/p_0_out__156 output design_1_i/syst_array_axil_0/inst/u_syst_array_axil/p_0_out__156/P[47:0] is not pipelined (PREG=0). Pipelining the DSP48 output will improve performance and often saves power so it is suggested whenever possible to fully pipeline this function.  If this DSP48 function was inferred, it is suggested to describe an additional register stage after this function.  If the DSP48 was instantiated in the design, it is suggested to set the PREG attribute to 1.
Related violations: <none>

DPOP-1#67 Warning
PREG Output pipelining  
DSP design_1_i/syst_array_axil_0/inst/u_syst_array_axil/p_0_out__157 output design_1_i/syst_array_axil_0/inst/u_syst_array_axil/p_0_out__157/P[47:0] is not pipelined (PREG=0). Pipelining the DSP48 output will improve performance and often saves power so it is suggested whenever possible to fully pipeline this function.  If this DSP48 function was inferred, it is suggested to describe an additional register stage after this function.  If the DSP48 was instantiated in the design, it is suggested to set the PREG attribute to 1.
Related violations: <none>

DPOP-1#68 Warning
PREG Output pipelining  
DSP design_1_i/syst_array_axil_0/inst/u_syst_array_axil/p_0_out__158 output design_1_i/syst_array_axil_0/inst/u_syst_array_axil/p_0_out__158/P[47:0] is not pipelined (PREG=0). Pipelining the DSP48 output will improve performance and often saves power so it is suggested whenever possible to fully pipeline this function.  If this DSP48 function was inferred, it is suggested to describe an additional register stage after this function.  If the DSP48 was instantiated in the design, it is suggested to set the PREG attribute to 1.
Related violations: <none>

DPOP-1#69 Warning
PREG Output pipelining  
DSP design_1_i/syst_array_axil_0/inst/u_syst_array_axil/p_0_out__159 output design_1_i/syst_array_axil_0/inst/u_syst_array_axil/p_0_out__159/P[47:0] is not pipelined (PREG=0). Pipelining the DSP48 output will improve performance and often saves power so it is suggested whenever possible to fully pipeline this function.  If this DSP48 function was inferred, it is suggested to describe an additional register stage after this function.  If the DSP48 was instantiated in the design, it is suggested to set the PREG attribute to 1.
Related violations: <none>

DPOP-1#70 Warning
PREG Output pipelining  
DSP design_1_i/syst_array_axil_0/inst/u_syst_array_axil/p_0_out__16 output design_1_i/syst_array_axil_0/inst/u_syst_array_axil/p_0_out__16/P[47:0] is not pipelined (PREG=0). Pipelining the DSP48 output will improve performance and often saves power so it is suggested whenever possible to fully pipeline this function.  If this DSP48 function was inferred, it is suggested to describe an additional register stage after this function.  If the DSP48 was instantiated in the design, it is suggested to set the PREG attribute to 1.
Related violations: <none>

DPOP-1#71 Warning
PREG Output pipelining  
DSP design_1_i/syst_array_axil_0/inst/u_syst_array_axil/p_0_out__160 output design_1_i/syst_array_axil_0/inst/u_syst_array_axil/p_0_out__160/P[47:0] is not pipelined (PREG=0). Pipelining the DSP48 output will improve performance and often saves power so it is suggested whenever possible to fully pipeline this function.  If this DSP48 function was inferred, it is suggested to describe an additional register stage after this function.  If the DSP48 was instantiated in the design, it is suggested to set the PREG attribute to 1.
Related violations: <none>

DPOP-1#72 Warning
PREG Output pipelining  
DSP design_1_i/syst_array_axil_0/inst/u_syst_array_axil/p_0_out__161 output design_1_i/syst_array_axil_0/inst/u_syst_array_axil/p_0_out__161/P[47:0] is not pipelined (PREG=0). Pipelining the DSP48 output will improve performance and often saves power so it is suggested whenever possible to fully pipeline this function.  If this DSP48 function was inferred, it is suggested to describe an additional register stage after this function.  If the DSP48 was instantiated in the design, it is suggested to set the PREG attribute to 1.
Related violations: <none>

DPOP-1#73 Warning
PREG Output pipelining  
DSP design_1_i/syst_array_axil_0/inst/u_syst_array_axil/p_0_out__162 output design_1_i/syst_array_axil_0/inst/u_syst_array_axil/p_0_out__162/P[47:0] is not pipelined (PREG=0). Pipelining the DSP48 output will improve performance and often saves power so it is suggested whenever possible to fully pipeline this function.  If this DSP48 function was inferred, it is suggested to describe an additional register stage after this function.  If the DSP48 was instantiated in the design, it is suggested to set the PREG attribute to 1.
Related violations: <none>

DPOP-1#74 Warning
PREG Output pipelining  
DSP design_1_i/syst_array_axil_0/inst/u_syst_array_axil/p_0_out__163 output design_1_i/syst_array_axil_0/inst/u_syst_array_axil/p_0_out__163/P[47:0] is not pipelined (PREG=0). Pipelining the DSP48 output will improve performance and often saves power so it is suggested whenever possible to fully pipeline this function.  If this DSP48 function was inferred, it is suggested to describe an additional register stage after this function.  If the DSP48 was instantiated in the design, it is suggested to set the PREG attribute to 1.
Related violations: <none>

DPOP-1#75 Warning
PREG Output pipelining  
DSP design_1_i/syst_array_axil_0/inst/u_syst_array_axil/p_0_out__164 output design_1_i/syst_array_axil_0/inst/u_syst_array_axil/p_0_out__164/P[47:0] is not pipelined (PREG=0). Pipelining the DSP48 output will improve performance and often saves power so it is suggested whenever possible to fully pipeline this function.  If this DSP48 function was inferred, it is suggested to describe an additional register stage after this function.  If the DSP48 was instantiated in the design, it is suggested to set the PREG attribute to 1.
Related violations: <none>

DPOP-1#76 Warning
PREG Output pipelining  
DSP design_1_i/syst_array_axil_0/inst/u_syst_array_axil/p_0_out__165 output design_1_i/syst_array_axil_0/inst/u_syst_array_axil/p_0_out__165/P[47:0] is not pipelined (PREG=0). Pipelining the DSP48 output will improve performance and often saves power so it is suggested whenever possible to fully pipeline this function.  If this DSP48 function was inferred, it is suggested to describe an additional register stage after this function.  If the DSP48 was instantiated in the design, it is suggested to set the PREG attribute to 1.
Related violations: <none>

DPOP-1#77 Warning
PREG Output pipelining  
DSP design_1_i/syst_array_axil_0/inst/u_syst_array_axil/p_0_out__166 output design_1_i/syst_array_axil_0/inst/u_syst_array_axil/p_0_out__166/P[47:0] is not pipelined (PREG=0). Pipelining the DSP48 output will improve performance and often saves power so it is suggested whenever possible to fully pipeline this function.  If this DSP48 function was inferred, it is suggested to describe an additional register stage after this function.  If the DSP48 was instantiated in the design, it is suggested to set the PREG attribute to 1.
Related violations: <none>

DPOP-1#78 Warning
PREG Output pipelining  
DSP design_1_i/syst_array_axil_0/inst/u_syst_array_axil/p_0_out__167 output design_1_i/syst_array_axil_0/inst/u_syst_array_axil/p_0_out__167/P[47:0] is not pipelined (PREG=0). Pipelining the DSP48 output will improve performance and often saves power so it is suggested whenever possible to fully pipeline this function.  If this DSP48 function was inferred, it is suggested to describe an additional register stage after this function.  If the DSP48 was instantiated in the design, it is suggested to set the PREG attribute to 1.
Related violations: <none>

DPOP-1#79 Warning
PREG Output pipelining  
DSP design_1_i/syst_array_axil_0/inst/u_syst_array_axil/p_0_out__168 output design_1_i/syst_array_axil_0/inst/u_syst_array_axil/p_0_out__168/P[47:0] is not pipelined (PREG=0). Pipelining the DSP48 output will improve performance and often saves power so it is suggested whenever possible to fully pipeline this function.  If this DSP48 function was inferred, it is suggested to describe an additional register stage after this function.  If the DSP48 was instantiated in the design, it is suggested to set the PREG attribute to 1.
Related violations: <none>

DPOP-1#80 Warning
PREG Output pipelining  
DSP design_1_i/syst_array_axil_0/inst/u_syst_array_axil/p_0_out__169 output design_1_i/syst_array_axil_0/inst/u_syst_array_axil/p_0_out__169/P[47:0] is not pipelined (PREG=0). Pipelining the DSP48 output will improve performance and often saves power so it is suggested whenever possible to fully pipeline this function.  If this DSP48 function was inferred, it is suggested to describe an additional register stage after this function.  If the DSP48 was instantiated in the design, it is suggested to set the PREG attribute to 1.
Related violations: <none>

DPOP-1#81 Warning
PREG Output pipelining  
DSP design_1_i/syst_array_axil_0/inst/u_syst_array_axil/p_0_out__17 output design_1_i/syst_array_axil_0/inst/u_syst_array_axil/p_0_out__17/P[47:0] is not pipelined (PREG=0). Pipelining the DSP48 output will improve performance and often saves power so it is suggested whenever possible to fully pipeline this function.  If this DSP48 function was inferred, it is suggested to describe an additional register stage after this function.  If the DSP48 was instantiated in the design, it is suggested to set the PREG attribute to 1.
Related violations: <none>

DPOP-1#82 Warning
PREG Output pipelining  
DSP design_1_i/syst_array_axil_0/inst/u_syst_array_axil/p_0_out__170 output design_1_i/syst_array_axil_0/inst/u_syst_array_axil/p_0_out__170/P[47:0] is not pipelined (PREG=0). Pipelining the DSP48 output will improve performance and often saves power so it is suggested whenever possible to fully pipeline this function.  If this DSP48 function was inferred, it is suggested to describe an additional register stage after this function.  If the DSP48 was instantiated in the design, it is suggested to set the PREG attribute to 1.
Related violations: <none>

DPOP-1#83 Warning
PREG Output pipelining  
DSP design_1_i/syst_array_axil_0/inst/u_syst_array_axil/p_0_out__171 output design_1_i/syst_array_axil_0/inst/u_syst_array_axil/p_0_out__171/P[47:0] is not pipelined (PREG=0). Pipelining the DSP48 output will improve performance and often saves power so it is suggested whenever possible to fully pipeline this function.  If this DSP48 function was inferred, it is suggested to describe an additional register stage after this function.  If the DSP48 was instantiated in the design, it is suggested to set the PREG attribute to 1.
Related violations: <none>

DPOP-1#84 Warning
PREG Output pipelining  
DSP design_1_i/syst_array_axil_0/inst/u_syst_array_axil/p_0_out__172 output design_1_i/syst_array_axil_0/inst/u_syst_array_axil/p_0_out__172/P[47:0] is not pipelined (PREG=0). Pipelining the DSP48 output will improve performance and often saves power so it is suggested whenever possible to fully pipeline this function.  If this DSP48 function was inferred, it is suggested to describe an additional register stage after this function.  If the DSP48 was instantiated in the design, it is suggested to set the PREG attribute to 1.
Related violations: <none>

DPOP-1#85 Warning
PREG Output pipelining  
DSP design_1_i/syst_array_axil_0/inst/u_syst_array_axil/p_0_out__18 output design_1_i/syst_array_axil_0/inst/u_syst_array_axil/p_0_out__18/P[47:0] is not pipelined (PREG=0). Pipelining the DSP48 output will improve performance and often saves power so it is suggested whenever possible to fully pipeline this function.  If this DSP48 function was inferred, it is suggested to describe an additional register stage after this function.  If the DSP48 was instantiated in the design, it is suggested to set the PREG attribute to 1.
Related violations: <none>

DPOP-1#86 Warning
PREG Output pipelining  
DSP design_1_i/syst_array_axil_0/inst/u_syst_array_axil/p_0_out__19 output design_1_i/syst_array_axil_0/inst/u_syst_array_axil/p_0_out__19/P[47:0] is not pipelined (PREG=0). Pipelining the DSP48 output will improve performance and often saves power so it is suggested whenever possible to fully pipeline this function.  If this DSP48 function was inferred, it is suggested to describe an additional register stage after this function.  If the DSP48 was instantiated in the design, it is suggested to set the PREG attribute to 1.
Related violations: <none>

DPOP-1#87 Warning
PREG Output pipelining  
DSP design_1_i/syst_array_axil_0/inst/u_syst_array_axil/p_0_out__2 output design_1_i/syst_array_axil_0/inst/u_syst_array_axil/p_0_out__2/P[47:0] is not pipelined (PREG=0). Pipelining the DSP48 output will improve performance and often saves power so it is suggested whenever possible to fully pipeline this function.  If this DSP48 function was inferred, it is suggested to describe an additional register stage after this function.  If the DSP48 was instantiated in the design, it is suggested to set the PREG attribute to 1.
Related violations: <none>

DPOP-1#88 Warning
PREG Output pipelining  
DSP design_1_i/syst_array_axil_0/inst/u_syst_array_axil/p_0_out__20 output design_1_i/syst_array_axil_0/inst/u_syst_array_axil/p_0_out__20/P[47:0] is not pipelined (PREG=0). Pipelining the DSP48 output will improve performance and often saves power so it is suggested whenever possible to fully pipeline this function.  If this DSP48 function was inferred, it is suggested to describe an additional register stage after this function.  If the DSP48 was instantiated in the design, it is suggested to set the PREG attribute to 1.
Related violations: <none>

DPOP-1#89 Warning
PREG Output pipelining  
DSP design_1_i/syst_array_axil_0/inst/u_syst_array_axil/p_0_out__21 output design_1_i/syst_array_axil_0/inst/u_syst_array_axil/p_0_out__21/P[47:0] is not pipelined (PREG=0). Pipelining the DSP48 output will improve performance and often saves power so it is suggested whenever possible to fully pipeline this function.  If this DSP48 function was inferred, it is suggested to describe an additional register stage after this function.  If the DSP48 was instantiated in the design, it is suggested to set the PREG attribute to 1.
Related violations: <none>

DPOP-1#90 Warning
PREG Output pipelining  
DSP design_1_i/syst_array_axil_0/inst/u_syst_array_axil/p_0_out__22 output design_1_i/syst_array_axil_0/inst/u_syst_array_axil/p_0_out__22/P[47:0] is not pipelined (PREG=0). Pipelining the DSP48 output will improve performance and often saves power so it is suggested whenever possible to fully pipeline this function.  If this DSP48 function was inferred, it is suggested to describe an additional register stage after this function.  If the DSP48 was instantiated in the design, it is suggested to set the PREG attribute to 1.
Related violations: <none>

DPOP-1#91 Warning
PREG Output pipelining  
DSP design_1_i/syst_array_axil_0/inst/u_syst_array_axil/p_0_out__23 output design_1_i/syst_array_axil_0/inst/u_syst_array_axil/p_0_out__23/P[47:0] is not pipelined (PREG=0). Pipelining the DSP48 output will improve performance and often saves power so it is suggested whenever possible to fully pipeline this function.  If this DSP48 function was inferred, it is suggested to describe an additional register stage after this function.  If the DSP48 was instantiated in the design, it is suggested to set the PREG attribute to 1.
Related violations: <none>

DPOP-1#92 Warning
PREG Output pipelining  
DSP design_1_i/syst_array_axil_0/inst/u_syst_array_axil/p_0_out__24 output design_1_i/syst_array_axil_0/inst/u_syst_array_axil/p_0_out__24/P[47:0] is not pipelined (PREG=0). Pipelining the DSP48 output will improve performance and often saves power so it is suggested whenever possible to fully pipeline this function.  If this DSP48 function was inferred, it is suggested to describe an additional register stage after this function.  If the DSP48 was instantiated in the design, it is suggested to set the PREG attribute to 1.
Related violations: <none>

DPOP-1#93 Warning
PREG Output pipelining  
DSP design_1_i/syst_array_axil_0/inst/u_syst_array_axil/p_0_out__25 output design_1_i/syst_array_axil_0/inst/u_syst_array_axil/p_0_out__25/P[47:0] is not pipelined (PREG=0). Pipelining the DSP48 output will improve performance and often saves power so it is suggested whenever possible to fully pipeline this function.  If this DSP48 function was inferred, it is suggested to describe an additional register stage after this function.  If the DSP48 was instantiated in the design, it is suggested to set the PREG attribute to 1.
Related violations: <none>

DPOP-1#94 Warning
PREG Output pipelining  
DSP design_1_i/syst_array_axil_0/inst/u_syst_array_axil/p_0_out__26 output design_1_i/syst_array_axil_0/inst/u_syst_array_axil/p_0_out__26/P[47:0] is not pipelined (PREG=0). Pipelining the DSP48 output will improve performance and often saves power so it is suggested whenever possible to fully pipeline this function.  If this DSP48 function was inferred, it is suggested to describe an additional register stage after this function.  If the DSP48 was instantiated in the design, it is suggested to set the PREG attribute to 1.
Related violations: <none>

DPOP-1#95 Warning
PREG Output pipelining  
DSP design_1_i/syst_array_axil_0/inst/u_syst_array_axil/p_0_out__27 output design_1_i/syst_array_axil_0/inst/u_syst_array_axil/p_0_out__27/P[47:0] is not pipelined (PREG=0). Pipelining the DSP48 output will improve performance and often saves power so it is suggested whenever possible to fully pipeline this function.  If this DSP48 function was inferred, it is suggested to describe an additional register stage after this function.  If the DSP48 was instantiated in the design, it is suggested to set the PREG attribute to 1.
Related violations: <none>

DPOP-1#96 Warning
PREG Output pipelining  
DSP design_1_i/syst_array_axil_0/inst/u_syst_array_axil/p_0_out__28 output design_1_i/syst_array_axil_0/inst/u_syst_array_axil/p_0_out__28/P[47:0] is not pipelined (PREG=0). Pipelining the DSP48 output will improve performance and often saves power so it is suggested whenever possible to fully pipeline this function.  If this DSP48 function was inferred, it is suggested to describe an additional register stage after this function.  If the DSP48 was instantiated in the design, it is suggested to set the PREG attribute to 1.
Related violations: <none>

DPOP-1#97 Warning
PREG Output pipelining  
DSP design_1_i/syst_array_axil_0/inst/u_syst_array_axil/p_0_out__29 output design_1_i/syst_array_axil_0/inst/u_syst_array_axil/p_0_out__29/P[47:0] is not pipelined (PREG=0). Pipelining the DSP48 output will improve performance and often saves power so it is suggested whenever possible to fully pipeline this function.  If this DSP48 function was inferred, it is suggested to describe an additional register stage after this function.  If the DSP48 was instantiated in the design, it is suggested to set the PREG attribute to 1.
Related violations: <none>

DPOP-1#98 Warning
PREG Output pipelining  
DSP design_1_i/syst_array_axil_0/inst/u_syst_array_axil/p_0_out__3 output design_1_i/syst_array_axil_0/inst/u_syst_array_axil/p_0_out__3/P[47:0] is not pipelined (PREG=0). Pipelining the DSP48 output will improve performance and often saves power so it is suggested whenever possible to fully pipeline this function.  If this DSP48 function was inferred, it is suggested to describe an additional register stage after this function.  If the DSP48 was instantiated in the design, it is suggested to set the PREG attribute to 1.
Related violations: <none>

DPOP-1#99 Warning
PREG Output pipelining  
DSP design_1_i/syst_array_axil_0/inst/u_syst_array_axil/p_0_out__30 output design_1_i/syst_array_axil_0/inst/u_syst_array_axil/p_0_out__30/P[47:0] is not pipelined (PREG=0). Pipelining the DSP48 output will improve performance and often saves power so it is suggested whenever possible to fully pipeline this function.  If this DSP48 function was inferred, it is suggested to describe an additional register stage after this function.  If the DSP48 was instantiated in the design, it is suggested to set the PREG attribute to 1.
Related violations: <none>

DPOP-1#100 Warning
PREG Output pipelining  
DSP design_1_i/syst_array_axil_0/inst/u_syst_array_axil/p_0_out__31 output design_1_i/syst_array_axil_0/inst/u_syst_array_axil/p_0_out__31/P[47:0] is not pipelined (PREG=0). Pipelining the DSP48 output will improve performance and often saves power so it is suggested whenever possible to fully pipeline this function.  If this DSP48 function was inferred, it is suggested to describe an additional register stage after this function.  If the DSP48 was instantiated in the design, it is suggested to set the PREG attribute to 1.
Related violations: <none>

DPOP-1#101 Warning
PREG Output pipelining  
DSP design_1_i/syst_array_axil_0/inst/u_syst_array_axil/p_0_out__32 output design_1_i/syst_array_axil_0/inst/u_syst_array_axil/p_0_out__32/P[47:0] is not pipelined (PREG=0). Pipelining the DSP48 output will improve performance and often saves power so it is suggested whenever possible to fully pipeline this function.  If this DSP48 function was inferred, it is suggested to describe an additional register stage after this function.  If the DSP48 was instantiated in the design, it is suggested to set the PREG attribute to 1.
Related violations: <none>

DPOP-1#102 Warning
PREG Output pipelining  
DSP design_1_i/syst_array_axil_0/inst/u_syst_array_axil/p_0_out__33 output design_1_i/syst_array_axil_0/inst/u_syst_array_axil/p_0_out__33/P[47:0] is not pipelined (PREG=0). Pipelining the DSP48 output will improve performance and often saves power so it is suggested whenever possible to fully pipeline this function.  If this DSP48 function was inferred, it is suggested to describe an additional register stage after this function.  If the DSP48 was instantiated in the design, it is suggested to set the PREG attribute to 1.
Related violations: <none>

DPOP-1#103 Warning
PREG Output pipelining  
DSP design_1_i/syst_array_axil_0/inst/u_syst_array_axil/p_0_out__34 output design_1_i/syst_array_axil_0/inst/u_syst_array_axil/p_0_out__34/P[47:0] is not pipelined (PREG=0). Pipelining the DSP48 output will improve performance and often saves power so it is suggested whenever possible to fully pipeline this function.  If this DSP48 function was inferred, it is suggested to describe an additional register stage after this function.  If the DSP48 was instantiated in the design, it is suggested to set the PREG attribute to 1.
Related violations: <none>

DPOP-1#104 Warning
PREG Output pipelining  
DSP design_1_i/syst_array_axil_0/inst/u_syst_array_axil/p_0_out__35 output design_1_i/syst_array_axil_0/inst/u_syst_array_axil/p_0_out__35/P[47:0] is not pipelined (PREG=0). Pipelining the DSP48 output will improve performance and often saves power so it is suggested whenever possible to fully pipeline this function.  If this DSP48 function was inferred, it is suggested to describe an additional register stage after this function.  If the DSP48 was instantiated in the design, it is suggested to set the PREG attribute to 1.
Related violations: <none>

DPOP-1#105 Warning
PREG Output pipelining  
DSP design_1_i/syst_array_axil_0/inst/u_syst_array_axil/p_0_out__36 output design_1_i/syst_array_axil_0/inst/u_syst_array_axil/p_0_out__36/P[47:0] is not pipelined (PREG=0). Pipelining the DSP48 output will improve performance and often saves power so it is suggested whenever possible to fully pipeline this function.  If this DSP48 function was inferred, it is suggested to describe an additional register stage after this function.  If the DSP48 was instantiated in the design, it is suggested to set the PREG attribute to 1.
Related violations: <none>

DPOP-1#106 Warning
PREG Output pipelining  
DSP design_1_i/syst_array_axil_0/inst/u_syst_array_axil/p_0_out__37 output design_1_i/syst_array_axil_0/inst/u_syst_array_axil/p_0_out__37/P[47:0] is not pipelined (PREG=0). Pipelining the DSP48 output will improve performance and often saves power so it is suggested whenever possible to fully pipeline this function.  If this DSP48 function was inferred, it is suggested to describe an additional register stage after this function.  If the DSP48 was instantiated in the design, it is suggested to set the PREG attribute to 1.
Related violations: <none>

DPOP-1#107 Warning
PREG Output pipelining  
DSP design_1_i/syst_array_axil_0/inst/u_syst_array_axil/p_0_out__38 output design_1_i/syst_array_axil_0/inst/u_syst_array_axil/p_0_out__38/P[47:0] is not pipelined (PREG=0). Pipelining the DSP48 output will improve performance and often saves power so it is suggested whenever possible to fully pipeline this function.  If this DSP48 function was inferred, it is suggested to describe an additional register stage after this function.  If the DSP48 was instantiated in the design, it is suggested to set the PREG attribute to 1.
Related violations: <none>

DPOP-1#108 Warning
PREG Output pipelining  
DSP design_1_i/syst_array_axil_0/inst/u_syst_array_axil/p_0_out__39 output design_1_i/syst_array_axil_0/inst/u_syst_array_axil/p_0_out__39/P[47:0] is not pipelined (PREG=0). Pipelining the DSP48 output will improve performance and often saves power so it is suggested whenever possible to fully pipeline this function.  If this DSP48 function was inferred, it is suggested to describe an additional register stage after this function.  If the DSP48 was instantiated in the design, it is suggested to set the PREG attribute to 1.
Related violations: <none>

DPOP-1#109 Warning
PREG Output pipelining  
DSP design_1_i/syst_array_axil_0/inst/u_syst_array_axil/p_0_out__4 output design_1_i/syst_array_axil_0/inst/u_syst_array_axil/p_0_out__4/P[47:0] is not pipelined (PREG=0). Pipelining the DSP48 output will improve performance and often saves power so it is suggested whenever possible to fully pipeline this function.  If this DSP48 function was inferred, it is suggested to describe an additional register stage after this function.  If the DSP48 was instantiated in the design, it is suggested to set the PREG attribute to 1.
Related violations: <none>

DPOP-1#110 Warning
PREG Output pipelining  
DSP design_1_i/syst_array_axil_0/inst/u_syst_array_axil/p_0_out__40 output design_1_i/syst_array_axil_0/inst/u_syst_array_axil/p_0_out__40/P[47:0] is not pipelined (PREG=0). Pipelining the DSP48 output will improve performance and often saves power so it is suggested whenever possible to fully pipeline this function.  If this DSP48 function was inferred, it is suggested to describe an additional register stage after this function.  If the DSP48 was instantiated in the design, it is suggested to set the PREG attribute to 1.
Related violations: <none>

DPOP-1#111 Warning
PREG Output pipelining  
DSP design_1_i/syst_array_axil_0/inst/u_syst_array_axil/p_0_out__41 output design_1_i/syst_array_axil_0/inst/u_syst_array_axil/p_0_out__41/P[47:0] is not pipelined (PREG=0). Pipelining the DSP48 output will improve performance and often saves power so it is suggested whenever possible to fully pipeline this function.  If this DSP48 function was inferred, it is suggested to describe an additional register stage after this function.  If the DSP48 was instantiated in the design, it is suggested to set the PREG attribute to 1.
Related violations: <none>

DPOP-1#112 Warning
PREG Output pipelining  
DSP design_1_i/syst_array_axil_0/inst/u_syst_array_axil/p_0_out__42 output design_1_i/syst_array_axil_0/inst/u_syst_array_axil/p_0_out__42/P[47:0] is not pipelined (PREG=0). Pipelining the DSP48 output will improve performance and often saves power so it is suggested whenever possible to fully pipeline this function.  If this DSP48 function was inferred, it is suggested to describe an additional register stage after this function.  If the DSP48 was instantiated in the design, it is suggested to set the PREG attribute to 1.
Related violations: <none>

DPOP-1#113 Warning
PREG Output pipelining  
DSP design_1_i/syst_array_axil_0/inst/u_syst_array_axil/p_0_out__43 output design_1_i/syst_array_axil_0/inst/u_syst_array_axil/p_0_out__43/P[47:0] is not pipelined (PREG=0). Pipelining the DSP48 output will improve performance and often saves power so it is suggested whenever possible to fully pipeline this function.  If this DSP48 function was inferred, it is suggested to describe an additional register stage after this function.  If the DSP48 was instantiated in the design, it is suggested to set the PREG attribute to 1.
Related violations: <none>

DPOP-1#114 Warning
PREG Output pipelining  
DSP design_1_i/syst_array_axil_0/inst/u_syst_array_axil/p_0_out__44 output design_1_i/syst_array_axil_0/inst/u_syst_array_axil/p_0_out__44/P[47:0] is not pipelined (PREG=0). Pipelining the DSP48 output will improve performance and often saves power so it is suggested whenever possible to fully pipeline this function.  If this DSP48 function was inferred, it is suggested to describe an additional register stage after this function.  If the DSP48 was instantiated in the design, it is suggested to set the PREG attribute to 1.
Related violations: <none>

DPOP-1#115 Warning
PREG Output pipelining  
DSP design_1_i/syst_array_axil_0/inst/u_syst_array_axil/p_0_out__45 output design_1_i/syst_array_axil_0/inst/u_syst_array_axil/p_0_out__45/P[47:0] is not pipelined (PREG=0). Pipelining the DSP48 output will improve performance and often saves power so it is suggested whenever possible to fully pipeline this function.  If this DSP48 function was inferred, it is suggested to describe an additional register stage after this function.  If the DSP48 was instantiated in the design, it is suggested to set the PREG attribute to 1.
Related violations: <none>

DPOP-1#116 Warning
PREG Output pipelining  
DSP design_1_i/syst_array_axil_0/inst/u_syst_array_axil/p_0_out__46 output design_1_i/syst_array_axil_0/inst/u_syst_array_axil/p_0_out__46/P[47:0] is not pipelined (PREG=0). Pipelining the DSP48 output will improve performance and often saves power so it is suggested whenever possible to fully pipeline this function.  If this DSP48 function was inferred, it is suggested to describe an additional register stage after this function.  If the DSP48 was instantiated in the design, it is suggested to set the PREG attribute to 1.
Related violations: <none>

DPOP-1#117 Warning
PREG Output pipelining  
DSP design_1_i/syst_array_axil_0/inst/u_syst_array_axil/p_0_out__47 output design_1_i/syst_array_axil_0/inst/u_syst_array_axil/p_0_out__47/P[47:0] is not pipelined (PREG=0). Pipelining the DSP48 output will improve performance and often saves power so it is suggested whenever possible to fully pipeline this function.  If this DSP48 function was inferred, it is suggested to describe an additional register stage after this function.  If the DSP48 was instantiated in the design, it is suggested to set the PREG attribute to 1.
Related violations: <none>

DPOP-1#118 Warning
PREG Output pipelining  
DSP design_1_i/syst_array_axil_0/inst/u_syst_array_axil/p_0_out__48 output design_1_i/syst_array_axil_0/inst/u_syst_array_axil/p_0_out__48/P[47:0] is not pipelined (PREG=0). Pipelining the DSP48 output will improve performance and often saves power so it is suggested whenever possible to fully pipeline this function.  If this DSP48 function was inferred, it is suggested to describe an additional register stage after this function.  If the DSP48 was instantiated in the design, it is suggested to set the PREG attribute to 1.
Related violations: <none>

DPOP-1#119 Warning
PREG Output pipelining  
DSP design_1_i/syst_array_axil_0/inst/u_syst_array_axil/p_0_out__49 output design_1_i/syst_array_axil_0/inst/u_syst_array_axil/p_0_out__49/P[47:0] is not pipelined (PREG=0). Pipelining the DSP48 output will improve performance and often saves power so it is suggested whenever possible to fully pipeline this function.  If this DSP48 function was inferred, it is suggested to describe an additional register stage after this function.  If the DSP48 was instantiated in the design, it is suggested to set the PREG attribute to 1.
Related violations: <none>

DPOP-1#120 Warning
PREG Output pipelining  
DSP design_1_i/syst_array_axil_0/inst/u_syst_array_axil/p_0_out__5 output design_1_i/syst_array_axil_0/inst/u_syst_array_axil/p_0_out__5/P[47:0] is not pipelined (PREG=0). Pipelining the DSP48 output will improve performance and often saves power so it is suggested whenever possible to fully pipeline this function.  If this DSP48 function was inferred, it is suggested to describe an additional register stage after this function.  If the DSP48 was instantiated in the design, it is suggested to set the PREG attribute to 1.
Related violations: <none>

DPOP-1#121 Warning
PREG Output pipelining  
DSP design_1_i/syst_array_axil_0/inst/u_syst_array_axil/p_0_out__50 output design_1_i/syst_array_axil_0/inst/u_syst_array_axil/p_0_out__50/P[47:0] is not pipelined (PREG=0). Pipelining the DSP48 output will improve performance and often saves power so it is suggested whenever possible to fully pipeline this function.  If this DSP48 function was inferred, it is suggested to describe an additional register stage after this function.  If the DSP48 was instantiated in the design, it is suggested to set the PREG attribute to 1.
Related violations: <none>

DPOP-1#122 Warning
PREG Output pipelining  
DSP design_1_i/syst_array_axil_0/inst/u_syst_array_axil/p_0_out__51 output design_1_i/syst_array_axil_0/inst/u_syst_array_axil/p_0_out__51/P[47:0] is not pipelined (PREG=0). Pipelining the DSP48 output will improve performance and often saves power so it is suggested whenever possible to fully pipeline this function.  If this DSP48 function was inferred, it is suggested to describe an additional register stage after this function.  If the DSP48 was instantiated in the design, it is suggested to set the PREG attribute to 1.
Related violations: <none>

DPOP-1#123 Warning
PREG Output pipelining  
DSP design_1_i/syst_array_axil_0/inst/u_syst_array_axil/p_0_out__52 output design_1_i/syst_array_axil_0/inst/u_syst_array_axil/p_0_out__52/P[47:0] is not pipelined (PREG=0). Pipelining the DSP48 output will improve performance and often saves power so it is suggested whenever possible to fully pipeline this function.  If this DSP48 function was inferred, it is suggested to describe an additional register stage after this function.  If the DSP48 was instantiated in the design, it is suggested to set the PREG attribute to 1.
Related violations: <none>

DPOP-1#124 Warning
PREG Output pipelining  
DSP design_1_i/syst_array_axil_0/inst/u_syst_array_axil/p_0_out__53 output design_1_i/syst_array_axil_0/inst/u_syst_array_axil/p_0_out__53/P[47:0] is not pipelined (PREG=0). Pipelining the DSP48 output will improve performance and often saves power so it is suggested whenever possible to fully pipeline this function.  If this DSP48 function was inferred, it is suggested to describe an additional register stage after this function.  If the DSP48 was instantiated in the design, it is suggested to set the PREG attribute to 1.
Related violations: <none>

DPOP-1#125 Warning
PREG Output pipelining  
DSP design_1_i/syst_array_axil_0/inst/u_syst_array_axil/p_0_out__54 output design_1_i/syst_array_axil_0/inst/u_syst_array_axil/p_0_out__54/P[47:0] is not pipelined (PREG=0). Pipelining the DSP48 output will improve performance and often saves power so it is suggested whenever possible to fully pipeline this function.  If this DSP48 function was inferred, it is suggested to describe an additional register stage after this function.  If the DSP48 was instantiated in the design, it is suggested to set the PREG attribute to 1.
Related violations: <none>

DPOP-1#126 Warning
PREG Output pipelining  
DSP design_1_i/syst_array_axil_0/inst/u_syst_array_axil/p_0_out__55 output design_1_i/syst_array_axil_0/inst/u_syst_array_axil/p_0_out__55/P[47:0] is not pipelined (PREG=0). Pipelining the DSP48 output will improve performance and often saves power so it is suggested whenever possible to fully pipeline this function.  If this DSP48 function was inferred, it is suggested to describe an additional register stage after this function.  If the DSP48 was instantiated in the design, it is suggested to set the PREG attribute to 1.
Related violations: <none>

DPOP-1#127 Warning
PREG Output pipelining  
DSP design_1_i/syst_array_axil_0/inst/u_syst_array_axil/p_0_out__56 output design_1_i/syst_array_axil_0/inst/u_syst_array_axil/p_0_out__56/P[47:0] is not pipelined (PREG=0). Pipelining the DSP48 output will improve performance and often saves power so it is suggested whenever possible to fully pipeline this function.  If this DSP48 function was inferred, it is suggested to describe an additional register stage after this function.  If the DSP48 was instantiated in the design, it is suggested to set the PREG attribute to 1.
Related violations: <none>

DPOP-1#128 Warning
PREG Output pipelining  
DSP design_1_i/syst_array_axil_0/inst/u_syst_array_axil/p_0_out__57 output design_1_i/syst_array_axil_0/inst/u_syst_array_axil/p_0_out__57/P[47:0] is not pipelined (PREG=0). Pipelining the DSP48 output will improve performance and often saves power so it is suggested whenever possible to fully pipeline this function.  If this DSP48 function was inferred, it is suggested to describe an additional register stage after this function.  If the DSP48 was instantiated in the design, it is suggested to set the PREG attribute to 1.
Related violations: <none>

DPOP-1#129 Warning
PREG Output pipelining  
DSP design_1_i/syst_array_axil_0/inst/u_syst_array_axil/p_0_out__58 output design_1_i/syst_array_axil_0/inst/u_syst_array_axil/p_0_out__58/P[47:0] is not pipelined (PREG=0). Pipelining the DSP48 output will improve performance and often saves power so it is suggested whenever possible to fully pipeline this function.  If this DSP48 function was inferred, it is suggested to describe an additional register stage after this function.  If the DSP48 was instantiated in the design, it is suggested to set the PREG attribute to 1.
Related violations: <none>

DPOP-1#130 Warning
PREG Output pipelining  
DSP design_1_i/syst_array_axil_0/inst/u_syst_array_axil/p_0_out__59 output design_1_i/syst_array_axil_0/inst/u_syst_array_axil/p_0_out__59/P[47:0] is not pipelined (PREG=0). Pipelining the DSP48 output will improve performance and often saves power so it is suggested whenever possible to fully pipeline this function.  If this DSP48 function was inferred, it is suggested to describe an additional register stage after this function.  If the DSP48 was instantiated in the design, it is suggested to set the PREG attribute to 1.
Related violations: <none>

DPOP-1#131 Warning
PREG Output pipelining  
DSP design_1_i/syst_array_axil_0/inst/u_syst_array_axil/p_0_out__6 output design_1_i/syst_array_axil_0/inst/u_syst_array_axil/p_0_out__6/P[47:0] is not pipelined (PREG=0). Pipelining the DSP48 output will improve performance and often saves power so it is suggested whenever possible to fully pipeline this function.  If this DSP48 function was inferred, it is suggested to describe an additional register stage after this function.  If the DSP48 was instantiated in the design, it is suggested to set the PREG attribute to 1.
Related violations: <none>

DPOP-1#132 Warning
PREG Output pipelining  
DSP design_1_i/syst_array_axil_0/inst/u_syst_array_axil/p_0_out__60 output design_1_i/syst_array_axil_0/inst/u_syst_array_axil/p_0_out__60/P[47:0] is not pipelined (PREG=0). Pipelining the DSP48 output will improve performance and often saves power so it is suggested whenever possible to fully pipeline this function.  If this DSP48 function was inferred, it is suggested to describe an additional register stage after this function.  If the DSP48 was instantiated in the design, it is suggested to set the PREG attribute to 1.
Related violations: <none>

DPOP-1#133 Warning
PREG Output pipelining  
DSP design_1_i/syst_array_axil_0/inst/u_syst_array_axil/p_0_out__61 output design_1_i/syst_array_axil_0/inst/u_syst_array_axil/p_0_out__61/P[47:0] is not pipelined (PREG=0). Pipelining the DSP48 output will improve performance and often saves power so it is suggested whenever possible to fully pipeline this function.  If this DSP48 function was inferred, it is suggested to describe an additional register stage after this function.  If the DSP48 was instantiated in the design, it is suggested to set the PREG attribute to 1.
Related violations: <none>

DPOP-1#134 Warning
PREG Output pipelining  
DSP design_1_i/syst_array_axil_0/inst/u_syst_array_axil/p_0_out__62 output design_1_i/syst_array_axil_0/inst/u_syst_array_axil/p_0_out__62/P[47:0] is not pipelined (PREG=0). Pipelining the DSP48 output will improve performance and often saves power so it is suggested whenever possible to fully pipeline this function.  If this DSP48 function was inferred, it is suggested to describe an additional register stage after this function.  If the DSP48 was instantiated in the design, it is suggested to set the PREG attribute to 1.
Related violations: <none>

DPOP-1#135 Warning
PREG Output pipelining  
DSP design_1_i/syst_array_axil_0/inst/u_syst_array_axil/p_0_out__63 output design_1_i/syst_array_axil_0/inst/u_syst_array_axil/p_0_out__63/P[47:0] is not pipelined (PREG=0). Pipelining the DSP48 output will improve performance and often saves power so it is suggested whenever possible to fully pipeline this function.  If this DSP48 function was inferred, it is suggested to describe an additional register stage after this function.  If the DSP48 was instantiated in the design, it is suggested to set the PREG attribute to 1.
Related violations: <none>

DPOP-1#136 Warning
PREG Output pipelining  
DSP design_1_i/syst_array_axil_0/inst/u_syst_array_axil/p_0_out__64 output design_1_i/syst_array_axil_0/inst/u_syst_array_axil/p_0_out__64/P[47:0] is not pipelined (PREG=0). Pipelining the DSP48 output will improve performance and often saves power so it is suggested whenever possible to fully pipeline this function.  If this DSP48 function was inferred, it is suggested to describe an additional register stage after this function.  If the DSP48 was instantiated in the design, it is suggested to set the PREG attribute to 1.
Related violations: <none>

DPOP-1#137 Warning
PREG Output pipelining  
DSP design_1_i/syst_array_axil_0/inst/u_syst_array_axil/p_0_out__65 output design_1_i/syst_array_axil_0/inst/u_syst_array_axil/p_0_out__65/P[47:0] is not pipelined (PREG=0). Pipelining the DSP48 output will improve performance and often saves power so it is suggested whenever possible to fully pipeline this function.  If this DSP48 function was inferred, it is suggested to describe an additional register stage after this function.  If the DSP48 was instantiated in the design, it is suggested to set the PREG attribute to 1.
Related violations: <none>

DPOP-1#138 Warning
PREG Output pipelining  
DSP design_1_i/syst_array_axil_0/inst/u_syst_array_axil/p_0_out__66 output design_1_i/syst_array_axil_0/inst/u_syst_array_axil/p_0_out__66/P[47:0] is not pipelined (PREG=0). Pipelining the DSP48 output will improve performance and often saves power so it is suggested whenever possible to fully pipeline this function.  If this DSP48 function was inferred, it is suggested to describe an additional register stage after this function.  If the DSP48 was instantiated in the design, it is suggested to set the PREG attribute to 1.
Related violations: <none>

DPOP-1#139 Warning
PREG Output pipelining  
DSP design_1_i/syst_array_axil_0/inst/u_syst_array_axil/p_0_out__67 output design_1_i/syst_array_axil_0/inst/u_syst_array_axil/p_0_out__67/P[47:0] is not pipelined (PREG=0). Pipelining the DSP48 output will improve performance and often saves power so it is suggested whenever possible to fully pipeline this function.  If this DSP48 function was inferred, it is suggested to describe an additional register stage after this function.  If the DSP48 was instantiated in the design, it is suggested to set the PREG attribute to 1.
Related violations: <none>

DPOP-1#140 Warning
PREG Output pipelining  
DSP design_1_i/syst_array_axil_0/inst/u_syst_array_axil/p_0_out__68 output design_1_i/syst_array_axil_0/inst/u_syst_array_axil/p_0_out__68/P[47:0] is not pipelined (PREG=0). Pipelining the DSP48 output will improve performance and often saves power so it is suggested whenever possible to fully pipeline this function.  If this DSP48 function was inferred, it is suggested to describe an additional register stage after this function.  If the DSP48 was instantiated in the design, it is suggested to set the PREG attribute to 1.
Related violations: <none>

DPOP-1#141 Warning
PREG Output pipelining  
DSP design_1_i/syst_array_axil_0/inst/u_syst_array_axil/p_0_out__69 output design_1_i/syst_array_axil_0/inst/u_syst_array_axil/p_0_out__69/P[47:0] is not pipelined (PREG=0). Pipelining the DSP48 output will improve performance and often saves power so it is suggested whenever possible to fully pipeline this function.  If this DSP48 function was inferred, it is suggested to describe an additional register stage after this function.  If the DSP48 was instantiated in the design, it is suggested to set the PREG attribute to 1.
Related violations: <none>

DPOP-1#142 Warning
PREG Output pipelining  
DSP design_1_i/syst_array_axil_0/inst/u_syst_array_axil/p_0_out__7 output design_1_i/syst_array_axil_0/inst/u_syst_array_axil/p_0_out__7/P[47:0] is not pipelined (PREG=0). Pipelining the DSP48 output will improve performance and often saves power so it is suggested whenever possible to fully pipeline this function.  If this DSP48 function was inferred, it is suggested to describe an additional register stage after this function.  If the DSP48 was instantiated in the design, it is suggested to set the PREG attribute to 1.
Related violations: <none>

DPOP-1#143 Warning
PREG Output pipelining  
DSP design_1_i/syst_array_axil_0/inst/u_syst_array_axil/p_0_out__70 output design_1_i/syst_array_axil_0/inst/u_syst_array_axil/p_0_out__70/P[47:0] is not pipelined (PREG=0). Pipelining the DSP48 output will improve performance and often saves power so it is suggested whenever possible to fully pipeline this function.  If this DSP48 function was inferred, it is suggested to describe an additional register stage after this function.  If the DSP48 was instantiated in the design, it is suggested to set the PREG attribute to 1.
Related violations: <none>

DPOP-1#144 Warning
PREG Output pipelining  
DSP design_1_i/syst_array_axil_0/inst/u_syst_array_axil/p_0_out__71 output design_1_i/syst_array_axil_0/inst/u_syst_array_axil/p_0_out__71/P[47:0] is not pipelined (PREG=0). Pipelining the DSP48 output will improve performance and often saves power so it is suggested whenever possible to fully pipeline this function.  If this DSP48 function was inferred, it is suggested to describe an additional register stage after this function.  If the DSP48 was instantiated in the design, it is suggested to set the PREG attribute to 1.
Related violations: <none>

DPOP-1#145 Warning
PREG Output pipelining  
DSP design_1_i/syst_array_axil_0/inst/u_syst_array_axil/p_0_out__72 output design_1_i/syst_array_axil_0/inst/u_syst_array_axil/p_0_out__72/P[47:0] is not pipelined (PREG=0). Pipelining the DSP48 output will improve performance and often saves power so it is suggested whenever possible to fully pipeline this function.  If this DSP48 function was inferred, it is suggested to describe an additional register stage after this function.  If the DSP48 was instantiated in the design, it is suggested to set the PREG attribute to 1.
Related violations: <none>

DPOP-1#146 Warning
PREG Output pipelining  
DSP design_1_i/syst_array_axil_0/inst/u_syst_array_axil/p_0_out__73 output design_1_i/syst_array_axil_0/inst/u_syst_array_axil/p_0_out__73/P[47:0] is not pipelined (PREG=0). Pipelining the DSP48 output will improve performance and often saves power so it is suggested whenever possible to fully pipeline this function.  If this DSP48 function was inferred, it is suggested to describe an additional register stage after this function.  If the DSP48 was instantiated in the design, it is suggested to set the PREG attribute to 1.
Related violations: <none>

DPOP-1#147 Warning
PREG Output pipelining  
DSP design_1_i/syst_array_axil_0/inst/u_syst_array_axil/p_0_out__74 output design_1_i/syst_array_axil_0/inst/u_syst_array_axil/p_0_out__74/P[47:0] is not pipelined (PREG=0). Pipelining the DSP48 output will improve performance and often saves power so it is suggested whenever possible to fully pipeline this function.  If this DSP48 function was inferred, it is suggested to describe an additional register stage after this function.  If the DSP48 was instantiated in the design, it is suggested to set the PREG attribute to 1.
Related violations: <none>

DPOP-1#148 Warning
PREG Output pipelining  
DSP design_1_i/syst_array_axil_0/inst/u_syst_array_axil/p_0_out__75 output design_1_i/syst_array_axil_0/inst/u_syst_array_axil/p_0_out__75/P[47:0] is not pipelined (PREG=0). Pipelining the DSP48 output will improve performance and often saves power so it is suggested whenever possible to fully pipeline this function.  If this DSP48 function was inferred, it is suggested to describe an additional register stage after this function.  If the DSP48 was instantiated in the design, it is suggested to set the PREG attribute to 1.
Related violations: <none>

DPOP-1#149 Warning
PREG Output pipelining  
DSP design_1_i/syst_array_axil_0/inst/u_syst_array_axil/p_0_out__76 output design_1_i/syst_array_axil_0/inst/u_syst_array_axil/p_0_out__76/P[47:0] is not pipelined (PREG=0). Pipelining the DSP48 output will improve performance and often saves power so it is suggested whenever possible to fully pipeline this function.  If this DSP48 function was inferred, it is suggested to describe an additional register stage after this function.  If the DSP48 was instantiated in the design, it is suggested to set the PREG attribute to 1.
Related violations: <none>

DPOP-1#150 Warning
PREG Output pipelining  
DSP design_1_i/syst_array_axil_0/inst/u_syst_array_axil/p_0_out__77 output design_1_i/syst_array_axil_0/inst/u_syst_array_axil/p_0_out__77/P[47:0] is not pipelined (PREG=0). Pipelining the DSP48 output will improve performance and often saves power so it is suggested whenever possible to fully pipeline this function.  If this DSP48 function was inferred, it is suggested to describe an additional register stage after this function.  If the DSP48 was instantiated in the design, it is suggested to set the PREG attribute to 1.
Related violations: <none>

DPOP-1#151 Warning
PREG Output pipelining  
DSP design_1_i/syst_array_axil_0/inst/u_syst_array_axil/p_0_out__78 output design_1_i/syst_array_axil_0/inst/u_syst_array_axil/p_0_out__78/P[47:0] is not pipelined (PREG=0). Pipelining the DSP48 output will improve performance and often saves power so it is suggested whenever possible to fully pipeline this function.  If this DSP48 function was inferred, it is suggested to describe an additional register stage after this function.  If the DSP48 was instantiated in the design, it is suggested to set the PREG attribute to 1.
Related violations: <none>

DPOP-1#152 Warning
PREG Output pipelining  
DSP design_1_i/syst_array_axil_0/inst/u_syst_array_axil/p_0_out__79 output design_1_i/syst_array_axil_0/inst/u_syst_array_axil/p_0_out__79/P[47:0] is not pipelined (PREG=0). Pipelining the DSP48 output will improve performance and often saves power so it is suggested whenever possible to fully pipeline this function.  If this DSP48 function was inferred, it is suggested to describe an additional register stage after this function.  If the DSP48 was instantiated in the design, it is suggested to set the PREG attribute to 1.
Related violations: <none>

DPOP-1#153 Warning
PREG Output pipelining  
DSP design_1_i/syst_array_axil_0/inst/u_syst_array_axil/p_0_out__8 output design_1_i/syst_array_axil_0/inst/u_syst_array_axil/p_0_out__8/P[47:0] is not pipelined (PREG=0). Pipelining the DSP48 output will improve performance and often saves power so it is suggested whenever possible to fully pipeline this function.  If this DSP48 function was inferred, it is suggested to describe an additional register stage after this function.  If the DSP48 was instantiated in the design, it is suggested to set the PREG attribute to 1.
Related violations: <none>

DPOP-1#154 Warning
PREG Output pipelining  
DSP design_1_i/syst_array_axil_0/inst/u_syst_array_axil/p_0_out__80 output design_1_i/syst_array_axil_0/inst/u_syst_array_axil/p_0_out__80/P[47:0] is not pipelined (PREG=0). Pipelining the DSP48 output will improve performance and often saves power so it is suggested whenever possible to fully pipeline this function.  If this DSP48 function was inferred, it is suggested to describe an additional register stage after this function.  If the DSP48 was instantiated in the design, it is suggested to set the PREG attribute to 1.
Related violations: <none>

DPOP-1#155 Warning
PREG Output pipelining  
DSP design_1_i/syst_array_axil_0/inst/u_syst_array_axil/p_0_out__81 output design_1_i/syst_array_axil_0/inst/u_syst_array_axil/p_0_out__81/P[47:0] is not pipelined (PREG=0). Pipelining the DSP48 output will improve performance and often saves power so it is suggested whenever possible to fully pipeline this function.  If this DSP48 function was inferred, it is suggested to describe an additional register stage after this function.  If the DSP48 was instantiated in the design, it is suggested to set the PREG attribute to 1.
Related violations: <none>

DPOP-1#156 Warning
PREG Output pipelining  
DSP design_1_i/syst_array_axil_0/inst/u_syst_array_axil/p_0_out__82 output design_1_i/syst_array_axil_0/inst/u_syst_array_axil/p_0_out__82/P[47:0] is not pipelined (PREG=0). Pipelining the DSP48 output will improve performance and often saves power so it is suggested whenever possible to fully pipeline this function.  If this DSP48 function was inferred, it is suggested to describe an additional register stage after this function.  If the DSP48 was instantiated in the design, it is suggested to set the PREG attribute to 1.
Related violations: <none>

DPOP-1#157 Warning
PREG Output pipelining  
DSP design_1_i/syst_array_axil_0/inst/u_syst_array_axil/p_0_out__83 output design_1_i/syst_array_axil_0/inst/u_syst_array_axil/p_0_out__83/P[47:0] is not pipelined (PREG=0). Pipelining the DSP48 output will improve performance and often saves power so it is suggested whenever possible to fully pipeline this function.  If this DSP48 function was inferred, it is suggested to describe an additional register stage after this function.  If the DSP48 was instantiated in the design, it is suggested to set the PREG attribute to 1.
Related violations: <none>

DPOP-1#158 Warning
PREG Output pipelining  
DSP design_1_i/syst_array_axil_0/inst/u_syst_array_axil/p_0_out__84 output design_1_i/syst_array_axil_0/inst/u_syst_array_axil/p_0_out__84/P[47:0] is not pipelined (PREG=0). Pipelining the DSP48 output will improve performance and often saves power so it is suggested whenever possible to fully pipeline this function.  If this DSP48 function was inferred, it is suggested to describe an additional register stage after this function.  If the DSP48 was instantiated in the design, it is suggested to set the PREG attribute to 1.
Related violations: <none>

DPOP-1#159 Warning
PREG Output pipelining  
DSP design_1_i/syst_array_axil_0/inst/u_syst_array_axil/p_0_out__85 output design_1_i/syst_array_axil_0/inst/u_syst_array_axil/p_0_out__85/P[47:0] is not pipelined (PREG=0). Pipelining the DSP48 output will improve performance and often saves power so it is suggested whenever possible to fully pipeline this function.  If this DSP48 function was inferred, it is suggested to describe an additional register stage after this function.  If the DSP48 was instantiated in the design, it is suggested to set the PREG attribute to 1.
Related violations: <none>

DPOP-1#160 Warning
PREG Output pipelining  
DSP design_1_i/syst_array_axil_0/inst/u_syst_array_axil/p_0_out__86 output design_1_i/syst_array_axil_0/inst/u_syst_array_axil/p_0_out__86/P[47:0] is not pipelined (PREG=0). Pipelining the DSP48 output will improve performance and often saves power so it is suggested whenever possible to fully pipeline this function.  If this DSP48 function was inferred, it is suggested to describe an additional register stage after this function.  If the DSP48 was instantiated in the design, it is suggested to set the PREG attribute to 1.
Related violations: <none>

DPOP-1#161 Warning
PREG Output pipelining  
DSP design_1_i/syst_array_axil_0/inst/u_syst_array_axil/p_0_out__87 output design_1_i/syst_array_axil_0/inst/u_syst_array_axil/p_0_out__87/P[47:0] is not pipelined (PREG=0). Pipelining the DSP48 output will improve performance and often saves power so it is suggested whenever possible to fully pipeline this function.  If this DSP48 function was inferred, it is suggested to describe an additional register stage after this function.  If the DSP48 was instantiated in the design, it is suggested to set the PREG attribute to 1.
Related violations: <none>

DPOP-1#162 Warning
PREG Output pipelining  
DSP design_1_i/syst_array_axil_0/inst/u_syst_array_axil/p_0_out__88 output design_1_i/syst_array_axil_0/inst/u_syst_array_axil/p_0_out__88/P[47:0] is not pipelined (PREG=0). Pipelining the DSP48 output will improve performance and often saves power so it is suggested whenever possible to fully pipeline this function.  If this DSP48 function was inferred, it is suggested to describe an additional register stage after this function.  If the DSP48 was instantiated in the design, it is suggested to set the PREG attribute to 1.
Related violations: <none>

DPOP-1#163 Warning
PREG Output pipelining  
DSP design_1_i/syst_array_axil_0/inst/u_syst_array_axil/p_0_out__89 output design_1_i/syst_array_axil_0/inst/u_syst_array_axil/p_0_out__89/P[47:0] is not pipelined (PREG=0). Pipelining the DSP48 output will improve performance and often saves power so it is suggested whenever possible to fully pipeline this function.  If this DSP48 function was inferred, it is suggested to describe an additional register stage after this function.  If the DSP48 was instantiated in the design, it is suggested to set the PREG attribute to 1.
Related violations: <none>

DPOP-1#164 Warning
PREG Output pipelining  
DSP design_1_i/syst_array_axil_0/inst/u_syst_array_axil/p_0_out__9 output design_1_i/syst_array_axil_0/inst/u_syst_array_axil/p_0_out__9/P[47:0] is not pipelined (PREG=0). Pipelining the DSP48 output will improve performance and often saves power so it is suggested whenever possible to fully pipeline this function.  If this DSP48 function was inferred, it is suggested to describe an additional register stage after this function.  If the DSP48 was instantiated in the design, it is suggested to set the PREG attribute to 1.
Related violations: <none>

DPOP-1#165 Warning
PREG Output pipelining  
DSP design_1_i/syst_array_axil_0/inst/u_syst_array_axil/p_0_out__90 output design_1_i/syst_array_axil_0/inst/u_syst_array_axil/p_0_out__90/P[47:0] is not pipelined (PREG=0). Pipelining the DSP48 output will improve performance and often saves power so it is suggested whenever possible to fully pipeline this function.  If this DSP48 function was inferred, it is suggested to describe an additional register stage after this function.  If the DSP48 was instantiated in the design, it is suggested to set the PREG attribute to 1.
Related violations: <none>

DPOP-1#166 Warning
PREG Output pipelining  
DSP design_1_i/syst_array_axil_0/inst/u_syst_array_axil/p_0_out__91 output design_1_i/syst_array_axil_0/inst/u_syst_array_axil/p_0_out__91/P[47:0] is not pipelined (PREG=0). Pipelining the DSP48 output will improve performance and often saves power so it is suggested whenever possible to fully pipeline this function.  If this DSP48 function was inferred, it is suggested to describe an additional register stage after this function.  If the DSP48 was instantiated in the design, it is suggested to set the PREG attribute to 1.
Related violations: <none>

DPOP-1#167 Warning
PREG Output pipelining  
DSP design_1_i/syst_array_axil_0/inst/u_syst_array_axil/p_0_out__92 output design_1_i/syst_array_axil_0/inst/u_syst_array_axil/p_0_out__92/P[47:0] is not pipelined (PREG=0). Pipelining the DSP48 output will improve performance and often saves power so it is suggested whenever possible to fully pipeline this function.  If this DSP48 function was inferred, it is suggested to describe an additional register stage after this function.  If the DSP48 was instantiated in the design, it is suggested to set the PREG attribute to 1.
Related violations: <none>

DPOP-1#168 Warning
PREG Output pipelining  
DSP design_1_i/syst_array_axil_0/inst/u_syst_array_axil/p_0_out__93 output design_1_i/syst_array_axil_0/inst/u_syst_array_axil/p_0_out__93/P[47:0] is not pipelined (PREG=0). Pipelining the DSP48 output will improve performance and often saves power so it is suggested whenever possible to fully pipeline this function.  If this DSP48 function was inferred, it is suggested to describe an additional register stage after this function.  If the DSP48 was instantiated in the design, it is suggested to set the PREG attribute to 1.
Related violations: <none>

DPOP-1#169 Warning
PREG Output pipelining  
DSP design_1_i/syst_array_axil_0/inst/u_syst_array_axil/p_0_out__94 output design_1_i/syst_array_axil_0/inst/u_syst_array_axil/p_0_out__94/P[47:0] is not pipelined (PREG=0). Pipelining the DSP48 output will improve performance and often saves power so it is suggested whenever possible to fully pipeline this function.  If this DSP48 function was inferred, it is suggested to describe an additional register stage after this function.  If the DSP48 was instantiated in the design, it is suggested to set the PREG attribute to 1.
Related violations: <none>

DPOP-1#170 Warning
PREG Output pipelining  
DSP design_1_i/syst_array_axil_0/inst/u_syst_array_axil/p_0_out__95 output design_1_i/syst_array_axil_0/inst/u_syst_array_axil/p_0_out__95/P[47:0] is not pipelined (PREG=0). Pipelining the DSP48 output will improve performance and often saves power so it is suggested whenever possible to fully pipeline this function.  If this DSP48 function was inferred, it is suggested to describe an additional register stage after this function.  If the DSP48 was instantiated in the design, it is suggested to set the PREG attribute to 1.
Related violations: <none>

DPOP-1#171 Warning
PREG Output pipelining  
DSP design_1_i/syst_array_axil_0/inst/u_syst_array_axil/p_0_out__96 output design_1_i/syst_array_axil_0/inst/u_syst_array_axil/p_0_out__96/P[47:0] is not pipelined (PREG=0). Pipelining the DSP48 output will improve performance and often saves power so it is suggested whenever possible to fully pipeline this function.  If this DSP48 function was inferred, it is suggested to describe an additional register stage after this function.  If the DSP48 was instantiated in the design, it is suggested to set the PREG attribute to 1.
Related violations: <none>

DPOP-1#172 Warning
PREG Output pipelining  
DSP design_1_i/syst_array_axil_0/inst/u_syst_array_axil/p_0_out__97 output design_1_i/syst_array_axil_0/inst/u_syst_array_axil/p_0_out__97/P[47:0] is not pipelined (PREG=0). Pipelining the DSP48 output will improve performance and often saves power so it is suggested whenever possible to fully pipeline this function.  If this DSP48 function was inferred, it is suggested to describe an additional register stage after this function.  If the DSP48 was instantiated in the design, it is suggested to set the PREG attribute to 1.
Related violations: <none>

DPOP-1#173 Warning
PREG Output pipelining  
DSP design_1_i/syst_array_axil_0/inst/u_syst_array_axil/p_0_out__98 output design_1_i/syst_array_axil_0/inst/u_syst_array_axil/p_0_out__98/P[47:0] is not pipelined (PREG=0). Pipelining the DSP48 output will improve performance and often saves power so it is suggested whenever possible to fully pipeline this function.  If this DSP48 function was inferred, it is suggested to describe an additional register stage after this function.  If the DSP48 was instantiated in the design, it is suggested to set the PREG attribute to 1.
Related violations: <none>

DPOP-1#174 Warning
PREG Output pipelining  
DSP design_1_i/syst_array_axil_0/inst/u_syst_array_axil/p_0_out__99 output design_1_i/syst_array_axil_0/inst/u_syst_array_axil/p_0_out__99/P[47:0] is not pipelined (PREG=0). Pipelining the DSP48 output will improve performance and often saves power so it is suggested whenever possible to fully pipeline this function.  If this DSP48 function was inferred, it is suggested to describe an additional register stage after this function.  If the DSP48 was instantiated in the design, it is suggested to set the PREG attribute to 1.
Related violations: <none>

DPOP-2#1 Warning
MREG Output pipelining  
DSP design_1_i/syst_array_axil_0/inst/u_syst_array_axil/p_0_out multiplier stage design_1_i/syst_array_axil_0/inst/u_syst_array_axil/p_0_out/P[47:0] is not pipelined (MREG=0). Pipelining the multiplier function will improve performance and will save significant power so it is suggested whenever possible to fully pipeline this function.  If this multiplier was inferred, it is suggested to describe an additional register stage after this function.  If there is no registered adder/accumulator following the multiply function, two pipeline stages are suggested to allow both the MREG and PREG registers to be used.  If the DSP48 was instantiated in the design, it is suggested to set both the MREG and PREG attributes to 1 when performing multiply functions.
Related violations: <none>

DPOP-2#2 Warning
MREG Output pipelining  
DSP design_1_i/syst_array_axil_0/inst/u_syst_array_axil/p_0_out__0 multiplier stage design_1_i/syst_array_axil_0/inst/u_syst_array_axil/p_0_out__0/P[47:0] is not pipelined (MREG=0). Pipelining the multiplier function will improve performance and will save significant power so it is suggested whenever possible to fully pipeline this function.  If this multiplier was inferred, it is suggested to describe an additional register stage after this function.  If there is no registered adder/accumulator following the multiply function, two pipeline stages are suggested to allow both the MREG and PREG registers to be used.  If the DSP48 was instantiated in the design, it is suggested to set both the MREG and PREG attributes to 1 when performing multiply functions.
Related violations: <none>

DPOP-2#3 Warning
MREG Output pipelining  
DSP design_1_i/syst_array_axil_0/inst/u_syst_array_axil/p_0_out__1 multiplier stage design_1_i/syst_array_axil_0/inst/u_syst_array_axil/p_0_out__1/P[47:0] is not pipelined (MREG=0). Pipelining the multiplier function will improve performance and will save significant power so it is suggested whenever possible to fully pipeline this function.  If this multiplier was inferred, it is suggested to describe an additional register stage after this function.  If there is no registered adder/accumulator following the multiply function, two pipeline stages are suggested to allow both the MREG and PREG registers to be used.  If the DSP48 was instantiated in the design, it is suggested to set both the MREG and PREG attributes to 1 when performing multiply functions.
Related violations: <none>

DPOP-2#4 Warning
MREG Output pipelining  
DSP design_1_i/syst_array_axil_0/inst/u_syst_array_axil/p_0_out__10 multiplier stage design_1_i/syst_array_axil_0/inst/u_syst_array_axil/p_0_out__10/P[47:0] is not pipelined (MREG=0). Pipelining the multiplier function will improve performance and will save significant power so it is suggested whenever possible to fully pipeline this function.  If this multiplier was inferred, it is suggested to describe an additional register stage after this function.  If there is no registered adder/accumulator following the multiply function, two pipeline stages are suggested to allow both the MREG and PREG registers to be used.  If the DSP48 was instantiated in the design, it is suggested to set both the MREG and PREG attributes to 1 when performing multiply functions.
Related violations: <none>

DPOP-2#5 Warning
MREG Output pipelining  
DSP design_1_i/syst_array_axil_0/inst/u_syst_array_axil/p_0_out__100 multiplier stage design_1_i/syst_array_axil_0/inst/u_syst_array_axil/p_0_out__100/P[47:0] is not pipelined (MREG=0). Pipelining the multiplier function will improve performance and will save significant power so it is suggested whenever possible to fully pipeline this function.  If this multiplier was inferred, it is suggested to describe an additional register stage after this function.  If there is no registered adder/accumulator following the multiply function, two pipeline stages are suggested to allow both the MREG and PREG registers to be used.  If the DSP48 was instantiated in the design, it is suggested to set both the MREG and PREG attributes to 1 when performing multiply functions.
Related violations: <none>

DPOP-2#6 Warning
MREG Output pipelining  
DSP design_1_i/syst_array_axil_0/inst/u_syst_array_axil/p_0_out__101 multiplier stage design_1_i/syst_array_axil_0/inst/u_syst_array_axil/p_0_out__101/P[47:0] is not pipelined (MREG=0). Pipelining the multiplier function will improve performance and will save significant power so it is suggested whenever possible to fully pipeline this function.  If this multiplier was inferred, it is suggested to describe an additional register stage after this function.  If there is no registered adder/accumulator following the multiply function, two pipeline stages are suggested to allow both the MREG and PREG registers to be used.  If the DSP48 was instantiated in the design, it is suggested to set both the MREG and PREG attributes to 1 when performing multiply functions.
Related violations: <none>

DPOP-2#7 Warning
MREG Output pipelining  
DSP design_1_i/syst_array_axil_0/inst/u_syst_array_axil/p_0_out__102 multiplier stage design_1_i/syst_array_axil_0/inst/u_syst_array_axil/p_0_out__102/P[47:0] is not pipelined (MREG=0). Pipelining the multiplier function will improve performance and will save significant power so it is suggested whenever possible to fully pipeline this function.  If this multiplier was inferred, it is suggested to describe an additional register stage after this function.  If there is no registered adder/accumulator following the multiply function, two pipeline stages are suggested to allow both the MREG and PREG registers to be used.  If the DSP48 was instantiated in the design, it is suggested to set both the MREG and PREG attributes to 1 when performing multiply functions.
Related violations: <none>

DPOP-2#8 Warning
MREG Output pipelining  
DSP design_1_i/syst_array_axil_0/inst/u_syst_array_axil/p_0_out__103 multiplier stage design_1_i/syst_array_axil_0/inst/u_syst_array_axil/p_0_out__103/P[47:0] is not pipelined (MREG=0). Pipelining the multiplier function will improve performance and will save significant power so it is suggested whenever possible to fully pipeline this function.  If this multiplier was inferred, it is suggested to describe an additional register stage after this function.  If there is no registered adder/accumulator following the multiply function, two pipeline stages are suggested to allow both the MREG and PREG registers to be used.  If the DSP48 was instantiated in the design, it is suggested to set both the MREG and PREG attributes to 1 when performing multiply functions.
Related violations: <none>

DPOP-2#9 Warning
MREG Output pipelining  
DSP design_1_i/syst_array_axil_0/inst/u_syst_array_axil/p_0_out__104 multiplier stage design_1_i/syst_array_axil_0/inst/u_syst_array_axil/p_0_out__104/P[47:0] is not pipelined (MREG=0). Pipelining the multiplier function will improve performance and will save significant power so it is suggested whenever possible to fully pipeline this function.  If this multiplier was inferred, it is suggested to describe an additional register stage after this function.  If there is no registered adder/accumulator following the multiply function, two pipeline stages are suggested to allow both the MREG and PREG registers to be used.  If the DSP48 was instantiated in the design, it is suggested to set both the MREG and PREG attributes to 1 when performing multiply functions.
Related violations: <none>

DPOP-2#10 Warning
MREG Output pipelining  
DSP design_1_i/syst_array_axil_0/inst/u_syst_array_axil/p_0_out__105 multiplier stage design_1_i/syst_array_axil_0/inst/u_syst_array_axil/p_0_out__105/P[47:0] is not pipelined (MREG=0). Pipelining the multiplier function will improve performance and will save significant power so it is suggested whenever possible to fully pipeline this function.  If this multiplier was inferred, it is suggested to describe an additional register stage after this function.  If there is no registered adder/accumulator following the multiply function, two pipeline stages are suggested to allow both the MREG and PREG registers to be used.  If the DSP48 was instantiated in the design, it is suggested to set both the MREG and PREG attributes to 1 when performing multiply functions.
Related violations: <none>

DPOP-2#11 Warning
MREG Output pipelining  
DSP design_1_i/syst_array_axil_0/inst/u_syst_array_axil/p_0_out__106 multiplier stage design_1_i/syst_array_axil_0/inst/u_syst_array_axil/p_0_out__106/P[47:0] is not pipelined (MREG=0). Pipelining the multiplier function will improve performance and will save significant power so it is suggested whenever possible to fully pipeline this function.  If this multiplier was inferred, it is suggested to describe an additional register stage after this function.  If there is no registered adder/accumulator following the multiply function, two pipeline stages are suggested to allow both the MREG and PREG registers to be used.  If the DSP48 was instantiated in the design, it is suggested to set both the MREG and PREG attributes to 1 when performing multiply functions.
Related violations: <none>

DPOP-2#12 Warning
MREG Output pipelining  
DSP design_1_i/syst_array_axil_0/inst/u_syst_array_axil/p_0_out__107 multiplier stage design_1_i/syst_array_axil_0/inst/u_syst_array_axil/p_0_out__107/P[47:0] is not pipelined (MREG=0). Pipelining the multiplier function will improve performance and will save significant power so it is suggested whenever possible to fully pipeline this function.  If this multiplier was inferred, it is suggested to describe an additional register stage after this function.  If there is no registered adder/accumulator following the multiply function, two pipeline stages are suggested to allow both the MREG and PREG registers to be used.  If the DSP48 was instantiated in the design, it is suggested to set both the MREG and PREG attributes to 1 when performing multiply functions.
Related violations: <none>

DPOP-2#13 Warning
MREG Output pipelining  
DSP design_1_i/syst_array_axil_0/inst/u_syst_array_axil/p_0_out__108 multiplier stage design_1_i/syst_array_axil_0/inst/u_syst_array_axil/p_0_out__108/P[47:0] is not pipelined (MREG=0). Pipelining the multiplier function will improve performance and will save significant power so it is suggested whenever possible to fully pipeline this function.  If this multiplier was inferred, it is suggested to describe an additional register stage after this function.  If there is no registered adder/accumulator following the multiply function, two pipeline stages are suggested to allow both the MREG and PREG registers to be used.  If the DSP48 was instantiated in the design, it is suggested to set both the MREG and PREG attributes to 1 when performing multiply functions.
Related violations: <none>

DPOP-2#14 Warning
MREG Output pipelining  
DSP design_1_i/syst_array_axil_0/inst/u_syst_array_axil/p_0_out__109 multiplier stage design_1_i/syst_array_axil_0/inst/u_syst_array_axil/p_0_out__109/P[47:0] is not pipelined (MREG=0). Pipelining the multiplier function will improve performance and will save significant power so it is suggested whenever possible to fully pipeline this function.  If this multiplier was inferred, it is suggested to describe an additional register stage after this function.  If there is no registered adder/accumulator following the multiply function, two pipeline stages are suggested to allow both the MREG and PREG registers to be used.  If the DSP48 was instantiated in the design, it is suggested to set both the MREG and PREG attributes to 1 when performing multiply functions.
Related violations: <none>

DPOP-2#15 Warning
MREG Output pipelining  
DSP design_1_i/syst_array_axil_0/inst/u_syst_array_axil/p_0_out__11 multiplier stage design_1_i/syst_array_axil_0/inst/u_syst_array_axil/p_0_out__11/P[47:0] is not pipelined (MREG=0). Pipelining the multiplier function will improve performance and will save significant power so it is suggested whenever possible to fully pipeline this function.  If this multiplier was inferred, it is suggested to describe an additional register stage after this function.  If there is no registered adder/accumulator following the multiply function, two pipeline stages are suggested to allow both the MREG and PREG registers to be used.  If the DSP48 was instantiated in the design, it is suggested to set both the MREG and PREG attributes to 1 when performing multiply functions.
Related violations: <none>

DPOP-2#16 Warning
MREG Output pipelining  
DSP design_1_i/syst_array_axil_0/inst/u_syst_array_axil/p_0_out__110 multiplier stage design_1_i/syst_array_axil_0/inst/u_syst_array_axil/p_0_out__110/P[47:0] is not pipelined (MREG=0). Pipelining the multiplier function will improve performance and will save significant power so it is suggested whenever possible to fully pipeline this function.  If this multiplier was inferred, it is suggested to describe an additional register stage after this function.  If there is no registered adder/accumulator following the multiply function, two pipeline stages are suggested to allow both the MREG and PREG registers to be used.  If the DSP48 was instantiated in the design, it is suggested to set both the MREG and PREG attributes to 1 when performing multiply functions.
Related violations: <none>

DPOP-2#17 Warning
MREG Output pipelining  
DSP design_1_i/syst_array_axil_0/inst/u_syst_array_axil/p_0_out__111 multiplier stage design_1_i/syst_array_axil_0/inst/u_syst_array_axil/p_0_out__111/P[47:0] is not pipelined (MREG=0). Pipelining the multiplier function will improve performance and will save significant power so it is suggested whenever possible to fully pipeline this function.  If this multiplier was inferred, it is suggested to describe an additional register stage after this function.  If there is no registered adder/accumulator following the multiply function, two pipeline stages are suggested to allow both the MREG and PREG registers to be used.  If the DSP48 was instantiated in the design, it is suggested to set both the MREG and PREG attributes to 1 when performing multiply functions.
Related violations: <none>

DPOP-2#18 Warning
MREG Output pipelining  
DSP design_1_i/syst_array_axil_0/inst/u_syst_array_axil/p_0_out__112 multiplier stage design_1_i/syst_array_axil_0/inst/u_syst_array_axil/p_0_out__112/P[47:0] is not pipelined (MREG=0). Pipelining the multiplier function will improve performance and will save significant power so it is suggested whenever possible to fully pipeline this function.  If this multiplier was inferred, it is suggested to describe an additional register stage after this function.  If there is no registered adder/accumulator following the multiply function, two pipeline stages are suggested to allow both the MREG and PREG registers to be used.  If the DSP48 was instantiated in the design, it is suggested to set both the MREG and PREG attributes to 1 when performing multiply functions.
Related violations: <none>

DPOP-2#19 Warning
MREG Output pipelining  
DSP design_1_i/syst_array_axil_0/inst/u_syst_array_axil/p_0_out__113 multiplier stage design_1_i/syst_array_axil_0/inst/u_syst_array_axil/p_0_out__113/P[47:0] is not pipelined (MREG=0). Pipelining the multiplier function will improve performance and will save significant power so it is suggested whenever possible to fully pipeline this function.  If this multiplier was inferred, it is suggested to describe an additional register stage after this function.  If there is no registered adder/accumulator following the multiply function, two pipeline stages are suggested to allow both the MREG and PREG registers to be used.  If the DSP48 was instantiated in the design, it is suggested to set both the MREG and PREG attributes to 1 when performing multiply functions.
Related violations: <none>

DPOP-2#20 Warning
MREG Output pipelining  
DSP design_1_i/syst_array_axil_0/inst/u_syst_array_axil/p_0_out__114 multiplier stage design_1_i/syst_array_axil_0/inst/u_syst_array_axil/p_0_out__114/P[47:0] is not pipelined (MREG=0). Pipelining the multiplier function will improve performance and will save significant power so it is suggested whenever possible to fully pipeline this function.  If this multiplier was inferred, it is suggested to describe an additional register stage after this function.  If there is no registered adder/accumulator following the multiply function, two pipeline stages are suggested to allow both the MREG and PREG registers to be used.  If the DSP48 was instantiated in the design, it is suggested to set both the MREG and PREG attributes to 1 when performing multiply functions.
Related violations: <none>

DPOP-2#21 Warning
MREG Output pipelining  
DSP design_1_i/syst_array_axil_0/inst/u_syst_array_axil/p_0_out__115 multiplier stage design_1_i/syst_array_axil_0/inst/u_syst_array_axil/p_0_out__115/P[47:0] is not pipelined (MREG=0). Pipelining the multiplier function will improve performance and will save significant power so it is suggested whenever possible to fully pipeline this function.  If this multiplier was inferred, it is suggested to describe an additional register stage after this function.  If there is no registered adder/accumulator following the multiply function, two pipeline stages are suggested to allow both the MREG and PREG registers to be used.  If the DSP48 was instantiated in the design, it is suggested to set both the MREG and PREG attributes to 1 when performing multiply functions.
Related violations: <none>

DPOP-2#22 Warning
MREG Output pipelining  
DSP design_1_i/syst_array_axil_0/inst/u_syst_array_axil/p_0_out__116 multiplier stage design_1_i/syst_array_axil_0/inst/u_syst_array_axil/p_0_out__116/P[47:0] is not pipelined (MREG=0). Pipelining the multiplier function will improve performance and will save significant power so it is suggested whenever possible to fully pipeline this function.  If this multiplier was inferred, it is suggested to describe an additional register stage after this function.  If there is no registered adder/accumulator following the multiply function, two pipeline stages are suggested to allow both the MREG and PREG registers to be used.  If the DSP48 was instantiated in the design, it is suggested to set both the MREG and PREG attributes to 1 when performing multiply functions.
Related violations: <none>

DPOP-2#23 Warning
MREG Output pipelining  
DSP design_1_i/syst_array_axil_0/inst/u_syst_array_axil/p_0_out__117 multiplier stage design_1_i/syst_array_axil_0/inst/u_syst_array_axil/p_0_out__117/P[47:0] is not pipelined (MREG=0). Pipelining the multiplier function will improve performance and will save significant power so it is suggested whenever possible to fully pipeline this function.  If this multiplier was inferred, it is suggested to describe an additional register stage after this function.  If there is no registered adder/accumulator following the multiply function, two pipeline stages are suggested to allow both the MREG and PREG registers to be used.  If the DSP48 was instantiated in the design, it is suggested to set both the MREG and PREG attributes to 1 when performing multiply functions.
Related violations: <none>

DPOP-2#24 Warning
MREG Output pipelining  
DSP design_1_i/syst_array_axil_0/inst/u_syst_array_axil/p_0_out__118 multiplier stage design_1_i/syst_array_axil_0/inst/u_syst_array_axil/p_0_out__118/P[47:0] is not pipelined (MREG=0). Pipelining the multiplier function will improve performance and will save significant power so it is suggested whenever possible to fully pipeline this function.  If this multiplier was inferred, it is suggested to describe an additional register stage after this function.  If there is no registered adder/accumulator following the multiply function, two pipeline stages are suggested to allow both the MREG and PREG registers to be used.  If the DSP48 was instantiated in the design, it is suggested to set both the MREG and PREG attributes to 1 when performing multiply functions.
Related violations: <none>

DPOP-2#25 Warning
MREG Output pipelining  
DSP design_1_i/syst_array_axil_0/inst/u_syst_array_axil/p_0_out__119 multiplier stage design_1_i/syst_array_axil_0/inst/u_syst_array_axil/p_0_out__119/P[47:0] is not pipelined (MREG=0). Pipelining the multiplier function will improve performance and will save significant power so it is suggested whenever possible to fully pipeline this function.  If this multiplier was inferred, it is suggested to describe an additional register stage after this function.  If there is no registered adder/accumulator following the multiply function, two pipeline stages are suggested to allow both the MREG and PREG registers to be used.  If the DSP48 was instantiated in the design, it is suggested to set both the MREG and PREG attributes to 1 when performing multiply functions.
Related violations: <none>

DPOP-2#26 Warning
MREG Output pipelining  
DSP design_1_i/syst_array_axil_0/inst/u_syst_array_axil/p_0_out__12 multiplier stage design_1_i/syst_array_axil_0/inst/u_syst_array_axil/p_0_out__12/P[47:0] is not pipelined (MREG=0). Pipelining the multiplier function will improve performance and will save significant power so it is suggested whenever possible to fully pipeline this function.  If this multiplier was inferred, it is suggested to describe an additional register stage after this function.  If there is no registered adder/accumulator following the multiply function, two pipeline stages are suggested to allow both the MREG and PREG registers to be used.  If the DSP48 was instantiated in the design, it is suggested to set both the MREG and PREG attributes to 1 when performing multiply functions.
Related violations: <none>

DPOP-2#27 Warning
MREG Output pipelining  
DSP design_1_i/syst_array_axil_0/inst/u_syst_array_axil/p_0_out__120 multiplier stage design_1_i/syst_array_axil_0/inst/u_syst_array_axil/p_0_out__120/P[47:0] is not pipelined (MREG=0). Pipelining the multiplier function will improve performance and will save significant power so it is suggested whenever possible to fully pipeline this function.  If this multiplier was inferred, it is suggested to describe an additional register stage after this function.  If there is no registered adder/accumulator following the multiply function, two pipeline stages are suggested to allow both the MREG and PREG registers to be used.  If the DSP48 was instantiated in the design, it is suggested to set both the MREG and PREG attributes to 1 when performing multiply functions.
Related violations: <none>

DPOP-2#28 Warning
MREG Output pipelining  
DSP design_1_i/syst_array_axil_0/inst/u_syst_array_axil/p_0_out__121 multiplier stage design_1_i/syst_array_axil_0/inst/u_syst_array_axil/p_0_out__121/P[47:0] is not pipelined (MREG=0). Pipelining the multiplier function will improve performance and will save significant power so it is suggested whenever possible to fully pipeline this function.  If this multiplier was inferred, it is suggested to describe an additional register stage after this function.  If there is no registered adder/accumulator following the multiply function, two pipeline stages are suggested to allow both the MREG and PREG registers to be used.  If the DSP48 was instantiated in the design, it is suggested to set both the MREG and PREG attributes to 1 when performing multiply functions.
Related violations: <none>

DPOP-2#29 Warning
MREG Output pipelining  
DSP design_1_i/syst_array_axil_0/inst/u_syst_array_axil/p_0_out__122 multiplier stage design_1_i/syst_array_axil_0/inst/u_syst_array_axil/p_0_out__122/P[47:0] is not pipelined (MREG=0). Pipelining the multiplier function will improve performance and will save significant power so it is suggested whenever possible to fully pipeline this function.  If this multiplier was inferred, it is suggested to describe an additional register stage after this function.  If there is no registered adder/accumulator following the multiply function, two pipeline stages are suggested to allow both the MREG and PREG registers to be used.  If the DSP48 was instantiated in the design, it is suggested to set both the MREG and PREG attributes to 1 when performing multiply functions.
Related violations: <none>

DPOP-2#30 Warning
MREG Output pipelining  
DSP design_1_i/syst_array_axil_0/inst/u_syst_array_axil/p_0_out__123 multiplier stage design_1_i/syst_array_axil_0/inst/u_syst_array_axil/p_0_out__123/P[47:0] is not pipelined (MREG=0). Pipelining the multiplier function will improve performance and will save significant power so it is suggested whenever possible to fully pipeline this function.  If this multiplier was inferred, it is suggested to describe an additional register stage after this function.  If there is no registered adder/accumulator following the multiply function, two pipeline stages are suggested to allow both the MREG and PREG registers to be used.  If the DSP48 was instantiated in the design, it is suggested to set both the MREG and PREG attributes to 1 when performing multiply functions.
Related violations: <none>

DPOP-2#31 Warning
MREG Output pipelining  
DSP design_1_i/syst_array_axil_0/inst/u_syst_array_axil/p_0_out__124 multiplier stage design_1_i/syst_array_axil_0/inst/u_syst_array_axil/p_0_out__124/P[47:0] is not pipelined (MREG=0). Pipelining the multiplier function will improve performance and will save significant power so it is suggested whenever possible to fully pipeline this function.  If this multiplier was inferred, it is suggested to describe an additional register stage after this function.  If there is no registered adder/accumulator following the multiply function, two pipeline stages are suggested to allow both the MREG and PREG registers to be used.  If the DSP48 was instantiated in the design, it is suggested to set both the MREG and PREG attributes to 1 when performing multiply functions.
Related violations: <none>

DPOP-2#32 Warning
MREG Output pipelining  
DSP design_1_i/syst_array_axil_0/inst/u_syst_array_axil/p_0_out__125 multiplier stage design_1_i/syst_array_axil_0/inst/u_syst_array_axil/p_0_out__125/P[47:0] is not pipelined (MREG=0). Pipelining the multiplier function will improve performance and will save significant power so it is suggested whenever possible to fully pipeline this function.  If this multiplier was inferred, it is suggested to describe an additional register stage after this function.  If there is no registered adder/accumulator following the multiply function, two pipeline stages are suggested to allow both the MREG and PREG registers to be used.  If the DSP48 was instantiated in the design, it is suggested to set both the MREG and PREG attributes to 1 when performing multiply functions.
Related violations: <none>

DPOP-2#33 Warning
MREG Output pipelining  
DSP design_1_i/syst_array_axil_0/inst/u_syst_array_axil/p_0_out__126 multiplier stage design_1_i/syst_array_axil_0/inst/u_syst_array_axil/p_0_out__126/P[47:0] is not pipelined (MREG=0). Pipelining the multiplier function will improve performance and will save significant power so it is suggested whenever possible to fully pipeline this function.  If this multiplier was inferred, it is suggested to describe an additional register stage after this function.  If there is no registered adder/accumulator following the multiply function, two pipeline stages are suggested to allow both the MREG and PREG registers to be used.  If the DSP48 was instantiated in the design, it is suggested to set both the MREG and PREG attributes to 1 when performing multiply functions.
Related violations: <none>

DPOP-2#34 Warning
MREG Output pipelining  
DSP design_1_i/syst_array_axil_0/inst/u_syst_array_axil/p_0_out__127 multiplier stage design_1_i/syst_array_axil_0/inst/u_syst_array_axil/p_0_out__127/P[47:0] is not pipelined (MREG=0). Pipelining the multiplier function will improve performance and will save significant power so it is suggested whenever possible to fully pipeline this function.  If this multiplier was inferred, it is suggested to describe an additional register stage after this function.  If there is no registered adder/accumulator following the multiply function, two pipeline stages are suggested to allow both the MREG and PREG registers to be used.  If the DSP48 was instantiated in the design, it is suggested to set both the MREG and PREG attributes to 1 when performing multiply functions.
Related violations: <none>

DPOP-2#35 Warning
MREG Output pipelining  
DSP design_1_i/syst_array_axil_0/inst/u_syst_array_axil/p_0_out__128 multiplier stage design_1_i/syst_array_axil_0/inst/u_syst_array_axil/p_0_out__128/P[47:0] is not pipelined (MREG=0). Pipelining the multiplier function will improve performance and will save significant power so it is suggested whenever possible to fully pipeline this function.  If this multiplier was inferred, it is suggested to describe an additional register stage after this function.  If there is no registered adder/accumulator following the multiply function, two pipeline stages are suggested to allow both the MREG and PREG registers to be used.  If the DSP48 was instantiated in the design, it is suggested to set both the MREG and PREG attributes to 1 when performing multiply functions.
Related violations: <none>

DPOP-2#36 Warning
MREG Output pipelining  
DSP design_1_i/syst_array_axil_0/inst/u_syst_array_axil/p_0_out__129 multiplier stage design_1_i/syst_array_axil_0/inst/u_syst_array_axil/p_0_out__129/P[47:0] is not pipelined (MREG=0). Pipelining the multiplier function will improve performance and will save significant power so it is suggested whenever possible to fully pipeline this function.  If this multiplier was inferred, it is suggested to describe an additional register stage after this function.  If there is no registered adder/accumulator following the multiply function, two pipeline stages are suggested to allow both the MREG and PREG registers to be used.  If the DSP48 was instantiated in the design, it is suggested to set both the MREG and PREG attributes to 1 when performing multiply functions.
Related violations: <none>

DPOP-2#37 Warning
MREG Output pipelining  
DSP design_1_i/syst_array_axil_0/inst/u_syst_array_axil/p_0_out__13 multiplier stage design_1_i/syst_array_axil_0/inst/u_syst_array_axil/p_0_out__13/P[47:0] is not pipelined (MREG=0). Pipelining the multiplier function will improve performance and will save significant power so it is suggested whenever possible to fully pipeline this function.  If this multiplier was inferred, it is suggested to describe an additional register stage after this function.  If there is no registered adder/accumulator following the multiply function, two pipeline stages are suggested to allow both the MREG and PREG registers to be used.  If the DSP48 was instantiated in the design, it is suggested to set both the MREG and PREG attributes to 1 when performing multiply functions.
Related violations: <none>

DPOP-2#38 Warning
MREG Output pipelining  
DSP design_1_i/syst_array_axil_0/inst/u_syst_array_axil/p_0_out__130 multiplier stage design_1_i/syst_array_axil_0/inst/u_syst_array_axil/p_0_out__130/P[47:0] is not pipelined (MREG=0). Pipelining the multiplier function will improve performance and will save significant power so it is suggested whenever possible to fully pipeline this function.  If this multiplier was inferred, it is suggested to describe an additional register stage after this function.  If there is no registered adder/accumulator following the multiply function, two pipeline stages are suggested to allow both the MREG and PREG registers to be used.  If the DSP48 was instantiated in the design, it is suggested to set both the MREG and PREG attributes to 1 when performing multiply functions.
Related violations: <none>

DPOP-2#39 Warning
MREG Output pipelining  
DSP design_1_i/syst_array_axil_0/inst/u_syst_array_axil/p_0_out__131 multiplier stage design_1_i/syst_array_axil_0/inst/u_syst_array_axil/p_0_out__131/P[47:0] is not pipelined (MREG=0). Pipelining the multiplier function will improve performance and will save significant power so it is suggested whenever possible to fully pipeline this function.  If this multiplier was inferred, it is suggested to describe an additional register stage after this function.  If there is no registered adder/accumulator following the multiply function, two pipeline stages are suggested to allow both the MREG and PREG registers to be used.  If the DSP48 was instantiated in the design, it is suggested to set both the MREG and PREG attributes to 1 when performing multiply functions.
Related violations: <none>

DPOP-2#40 Warning
MREG Output pipelining  
DSP design_1_i/syst_array_axil_0/inst/u_syst_array_axil/p_0_out__132 multiplier stage design_1_i/syst_array_axil_0/inst/u_syst_array_axil/p_0_out__132/P[47:0] is not pipelined (MREG=0). Pipelining the multiplier function will improve performance and will save significant power so it is suggested whenever possible to fully pipeline this function.  If this multiplier was inferred, it is suggested to describe an additional register stage after this function.  If there is no registered adder/accumulator following the multiply function, two pipeline stages are suggested to allow both the MREG and PREG registers to be used.  If the DSP48 was instantiated in the design, it is suggested to set both the MREG and PREG attributes to 1 when performing multiply functions.
Related violations: <none>

DPOP-2#41 Warning
MREG Output pipelining  
DSP design_1_i/syst_array_axil_0/inst/u_syst_array_axil/p_0_out__133 multiplier stage design_1_i/syst_array_axil_0/inst/u_syst_array_axil/p_0_out__133/P[47:0] is not pipelined (MREG=0). Pipelining the multiplier function will improve performance and will save significant power so it is suggested whenever possible to fully pipeline this function.  If this multiplier was inferred, it is suggested to describe an additional register stage after this function.  If there is no registered adder/accumulator following the multiply function, two pipeline stages are suggested to allow both the MREG and PREG registers to be used.  If the DSP48 was instantiated in the design, it is suggested to set both the MREG and PREG attributes to 1 when performing multiply functions.
Related violations: <none>

DPOP-2#42 Warning
MREG Output pipelining  
DSP design_1_i/syst_array_axil_0/inst/u_syst_array_axil/p_0_out__134 multiplier stage design_1_i/syst_array_axil_0/inst/u_syst_array_axil/p_0_out__134/P[47:0] is not pipelined (MREG=0). Pipelining the multiplier function will improve performance and will save significant power so it is suggested whenever possible to fully pipeline this function.  If this multiplier was inferred, it is suggested to describe an additional register stage after this function.  If there is no registered adder/accumulator following the multiply function, two pipeline stages are suggested to allow both the MREG and PREG registers to be used.  If the DSP48 was instantiated in the design, it is suggested to set both the MREG and PREG attributes to 1 when performing multiply functions.
Related violations: <none>

DPOP-2#43 Warning
MREG Output pipelining  
DSP design_1_i/syst_array_axil_0/inst/u_syst_array_axil/p_0_out__135 multiplier stage design_1_i/syst_array_axil_0/inst/u_syst_array_axil/p_0_out__135/P[47:0] is not pipelined (MREG=0). Pipelining the multiplier function will improve performance and will save significant power so it is suggested whenever possible to fully pipeline this function.  If this multiplier was inferred, it is suggested to describe an additional register stage after this function.  If there is no registered adder/accumulator following the multiply function, two pipeline stages are suggested to allow both the MREG and PREG registers to be used.  If the DSP48 was instantiated in the design, it is suggested to set both the MREG and PREG attributes to 1 when performing multiply functions.
Related violations: <none>

DPOP-2#44 Warning
MREG Output pipelining  
DSP design_1_i/syst_array_axil_0/inst/u_syst_array_axil/p_0_out__136 multiplier stage design_1_i/syst_array_axil_0/inst/u_syst_array_axil/p_0_out__136/P[47:0] is not pipelined (MREG=0). Pipelining the multiplier function will improve performance and will save significant power so it is suggested whenever possible to fully pipeline this function.  If this multiplier was inferred, it is suggested to describe an additional register stage after this function.  If there is no registered adder/accumulator following the multiply function, two pipeline stages are suggested to allow both the MREG and PREG registers to be used.  If the DSP48 was instantiated in the design, it is suggested to set both the MREG and PREG attributes to 1 when performing multiply functions.
Related violations: <none>

DPOP-2#45 Warning
MREG Output pipelining  
DSP design_1_i/syst_array_axil_0/inst/u_syst_array_axil/p_0_out__137 multiplier stage design_1_i/syst_array_axil_0/inst/u_syst_array_axil/p_0_out__137/P[47:0] is not pipelined (MREG=0). Pipelining the multiplier function will improve performance and will save significant power so it is suggested whenever possible to fully pipeline this function.  If this multiplier was inferred, it is suggested to describe an additional register stage after this function.  If there is no registered adder/accumulator following the multiply function, two pipeline stages are suggested to allow both the MREG and PREG registers to be used.  If the DSP48 was instantiated in the design, it is suggested to set both the MREG and PREG attributes to 1 when performing multiply functions.
Related violations: <none>

DPOP-2#46 Warning
MREG Output pipelining  
DSP design_1_i/syst_array_axil_0/inst/u_syst_array_axil/p_0_out__138 multiplier stage design_1_i/syst_array_axil_0/inst/u_syst_array_axil/p_0_out__138/P[47:0] is not pipelined (MREG=0). Pipelining the multiplier function will improve performance and will save significant power so it is suggested whenever possible to fully pipeline this function.  If this multiplier was inferred, it is suggested to describe an additional register stage after this function.  If there is no registered adder/accumulator following the multiply function, two pipeline stages are suggested to allow both the MREG and PREG registers to be used.  If the DSP48 was instantiated in the design, it is suggested to set both the MREG and PREG attributes to 1 when performing multiply functions.
Related violations: <none>

DPOP-2#47 Warning
MREG Output pipelining  
DSP design_1_i/syst_array_axil_0/inst/u_syst_array_axil/p_0_out__139 multiplier stage design_1_i/syst_array_axil_0/inst/u_syst_array_axil/p_0_out__139/P[47:0] is not pipelined (MREG=0). Pipelining the multiplier function will improve performance and will save significant power so it is suggested whenever possible to fully pipeline this function.  If this multiplier was inferred, it is suggested to describe an additional register stage after this function.  If there is no registered adder/accumulator following the multiply function, two pipeline stages are suggested to allow both the MREG and PREG registers to be used.  If the DSP48 was instantiated in the design, it is suggested to set both the MREG and PREG attributes to 1 when performing multiply functions.
Related violations: <none>

DPOP-2#48 Warning
MREG Output pipelining  
DSP design_1_i/syst_array_axil_0/inst/u_syst_array_axil/p_0_out__14 multiplier stage design_1_i/syst_array_axil_0/inst/u_syst_array_axil/p_0_out__14/P[47:0] is not pipelined (MREG=0). Pipelining the multiplier function will improve performance and will save significant power so it is suggested whenever possible to fully pipeline this function.  If this multiplier was inferred, it is suggested to describe an additional register stage after this function.  If there is no registered adder/accumulator following the multiply function, two pipeline stages are suggested to allow both the MREG and PREG registers to be used.  If the DSP48 was instantiated in the design, it is suggested to set both the MREG and PREG attributes to 1 when performing multiply functions.
Related violations: <none>

DPOP-2#49 Warning
MREG Output pipelining  
DSP design_1_i/syst_array_axil_0/inst/u_syst_array_axil/p_0_out__140 multiplier stage design_1_i/syst_array_axil_0/inst/u_syst_array_axil/p_0_out__140/P[47:0] is not pipelined (MREG=0). Pipelining the multiplier function will improve performance and will save significant power so it is suggested whenever possible to fully pipeline this function.  If this multiplier was inferred, it is suggested to describe an additional register stage after this function.  If there is no registered adder/accumulator following the multiply function, two pipeline stages are suggested to allow both the MREG and PREG registers to be used.  If the DSP48 was instantiated in the design, it is suggested to set both the MREG and PREG attributes to 1 when performing multiply functions.
Related violations: <none>

DPOP-2#50 Warning
MREG Output pipelining  
DSP design_1_i/syst_array_axil_0/inst/u_syst_array_axil/p_0_out__141 multiplier stage design_1_i/syst_array_axil_0/inst/u_syst_array_axil/p_0_out__141/P[47:0] is not pipelined (MREG=0). Pipelining the multiplier function will improve performance and will save significant power so it is suggested whenever possible to fully pipeline this function.  If this multiplier was inferred, it is suggested to describe an additional register stage after this function.  If there is no registered adder/accumulator following the multiply function, two pipeline stages are suggested to allow both the MREG and PREG registers to be used.  If the DSP48 was instantiated in the design, it is suggested to set both the MREG and PREG attributes to 1 when performing multiply functions.
Related violations: <none>

DPOP-2#51 Warning
MREG Output pipelining  
DSP design_1_i/syst_array_axil_0/inst/u_syst_array_axil/p_0_out__142 multiplier stage design_1_i/syst_array_axil_0/inst/u_syst_array_axil/p_0_out__142/P[47:0] is not pipelined (MREG=0). Pipelining the multiplier function will improve performance and will save significant power so it is suggested whenever possible to fully pipeline this function.  If this multiplier was inferred, it is suggested to describe an additional register stage after this function.  If there is no registered adder/accumulator following the multiply function, two pipeline stages are suggested to allow both the MREG and PREG registers to be used.  If the DSP48 was instantiated in the design, it is suggested to set both the MREG and PREG attributes to 1 when performing multiply functions.
Related violations: <none>

DPOP-2#52 Warning
MREG Output pipelining  
DSP design_1_i/syst_array_axil_0/inst/u_syst_array_axil/p_0_out__143 multiplier stage design_1_i/syst_array_axil_0/inst/u_syst_array_axil/p_0_out__143/P[47:0] is not pipelined (MREG=0). Pipelining the multiplier function will improve performance and will save significant power so it is suggested whenever possible to fully pipeline this function.  If this multiplier was inferred, it is suggested to describe an additional register stage after this function.  If there is no registered adder/accumulator following the multiply function, two pipeline stages are suggested to allow both the MREG and PREG registers to be used.  If the DSP48 was instantiated in the design, it is suggested to set both the MREG and PREG attributes to 1 when performing multiply functions.
Related violations: <none>

DPOP-2#53 Warning
MREG Output pipelining  
DSP design_1_i/syst_array_axil_0/inst/u_syst_array_axil/p_0_out__144 multiplier stage design_1_i/syst_array_axil_0/inst/u_syst_array_axil/p_0_out__144/P[47:0] is not pipelined (MREG=0). Pipelining the multiplier function will improve performance and will save significant power so it is suggested whenever possible to fully pipeline this function.  If this multiplier was inferred, it is suggested to describe an additional register stage after this function.  If there is no registered adder/accumulator following the multiply function, two pipeline stages are suggested to allow both the MREG and PREG registers to be used.  If the DSP48 was instantiated in the design, it is suggested to set both the MREG and PREG attributes to 1 when performing multiply functions.
Related violations: <none>

DPOP-2#54 Warning
MREG Output pipelining  
DSP design_1_i/syst_array_axil_0/inst/u_syst_array_axil/p_0_out__145 multiplier stage design_1_i/syst_array_axil_0/inst/u_syst_array_axil/p_0_out__145/P[47:0] is not pipelined (MREG=0). Pipelining the multiplier function will improve performance and will save significant power so it is suggested whenever possible to fully pipeline this function.  If this multiplier was inferred, it is suggested to describe an additional register stage after this function.  If there is no registered adder/accumulator following the multiply function, two pipeline stages are suggested to allow both the MREG and PREG registers to be used.  If the DSP48 was instantiated in the design, it is suggested to set both the MREG and PREG attributes to 1 when performing multiply functions.
Related violations: <none>

DPOP-2#55 Warning
MREG Output pipelining  
DSP design_1_i/syst_array_axil_0/inst/u_syst_array_axil/p_0_out__146 multiplier stage design_1_i/syst_array_axil_0/inst/u_syst_array_axil/p_0_out__146/P[47:0] is not pipelined (MREG=0). Pipelining the multiplier function will improve performance and will save significant power so it is suggested whenever possible to fully pipeline this function.  If this multiplier was inferred, it is suggested to describe an additional register stage after this function.  If there is no registered adder/accumulator following the multiply function, two pipeline stages are suggested to allow both the MREG and PREG registers to be used.  If the DSP48 was instantiated in the design, it is suggested to set both the MREG and PREG attributes to 1 when performing multiply functions.
Related violations: <none>

DPOP-2#56 Warning
MREG Output pipelining  
DSP design_1_i/syst_array_axil_0/inst/u_syst_array_axil/p_0_out__147 multiplier stage design_1_i/syst_array_axil_0/inst/u_syst_array_axil/p_0_out__147/P[47:0] is not pipelined (MREG=0). Pipelining the multiplier function will improve performance and will save significant power so it is suggested whenever possible to fully pipeline this function.  If this multiplier was inferred, it is suggested to describe an additional register stage after this function.  If there is no registered adder/accumulator following the multiply function, two pipeline stages are suggested to allow both the MREG and PREG registers to be used.  If the DSP48 was instantiated in the design, it is suggested to set both the MREG and PREG attributes to 1 when performing multiply functions.
Related violations: <none>

DPOP-2#57 Warning
MREG Output pipelining  
DSP design_1_i/syst_array_axil_0/inst/u_syst_array_axil/p_0_out__148 multiplier stage design_1_i/syst_array_axil_0/inst/u_syst_array_axil/p_0_out__148/P[47:0] is not pipelined (MREG=0). Pipelining the multiplier function will improve performance and will save significant power so it is suggested whenever possible to fully pipeline this function.  If this multiplier was inferred, it is suggested to describe an additional register stage after this function.  If there is no registered adder/accumulator following the multiply function, two pipeline stages are suggested to allow both the MREG and PREG registers to be used.  If the DSP48 was instantiated in the design, it is suggested to set both the MREG and PREG attributes to 1 when performing multiply functions.
Related violations: <none>

DPOP-2#58 Warning
MREG Output pipelining  
DSP design_1_i/syst_array_axil_0/inst/u_syst_array_axil/p_0_out__149 multiplier stage design_1_i/syst_array_axil_0/inst/u_syst_array_axil/p_0_out__149/P[47:0] is not pipelined (MREG=0). Pipelining the multiplier function will improve performance and will save significant power so it is suggested whenever possible to fully pipeline this function.  If this multiplier was inferred, it is suggested to describe an additional register stage after this function.  If there is no registered adder/accumulator following the multiply function, two pipeline stages are suggested to allow both the MREG and PREG registers to be used.  If the DSP48 was instantiated in the design, it is suggested to set both the MREG and PREG attributes to 1 when performing multiply functions.
Related violations: <none>

DPOP-2#59 Warning
MREG Output pipelining  
DSP design_1_i/syst_array_axil_0/inst/u_syst_array_axil/p_0_out__15 multiplier stage design_1_i/syst_array_axil_0/inst/u_syst_array_axil/p_0_out__15/P[47:0] is not pipelined (MREG=0). Pipelining the multiplier function will improve performance and will save significant power so it is suggested whenever possible to fully pipeline this function.  If this multiplier was inferred, it is suggested to describe an additional register stage after this function.  If there is no registered adder/accumulator following the multiply function, two pipeline stages are suggested to allow both the MREG and PREG registers to be used.  If the DSP48 was instantiated in the design, it is suggested to set both the MREG and PREG attributes to 1 when performing multiply functions.
Related violations: <none>

DPOP-2#60 Warning
MREG Output pipelining  
DSP design_1_i/syst_array_axil_0/inst/u_syst_array_axil/p_0_out__150 multiplier stage design_1_i/syst_array_axil_0/inst/u_syst_array_axil/p_0_out__150/P[47:0] is not pipelined (MREG=0). Pipelining the multiplier function will improve performance and will save significant power so it is suggested whenever possible to fully pipeline this function.  If this multiplier was inferred, it is suggested to describe an additional register stage after this function.  If there is no registered adder/accumulator following the multiply function, two pipeline stages are suggested to allow both the MREG and PREG registers to be used.  If the DSP48 was instantiated in the design, it is suggested to set both the MREG and PREG attributes to 1 when performing multiply functions.
Related violations: <none>

DPOP-2#61 Warning
MREG Output pipelining  
DSP design_1_i/syst_array_axil_0/inst/u_syst_array_axil/p_0_out__151 multiplier stage design_1_i/syst_array_axil_0/inst/u_syst_array_axil/p_0_out__151/P[47:0] is not pipelined (MREG=0). Pipelining the multiplier function will improve performance and will save significant power so it is suggested whenever possible to fully pipeline this function.  If this multiplier was inferred, it is suggested to describe an additional register stage after this function.  If there is no registered adder/accumulator following the multiply function, two pipeline stages are suggested to allow both the MREG and PREG registers to be used.  If the DSP48 was instantiated in the design, it is suggested to set both the MREG and PREG attributes to 1 when performing multiply functions.
Related violations: <none>

DPOP-2#62 Warning
MREG Output pipelining  
DSP design_1_i/syst_array_axil_0/inst/u_syst_array_axil/p_0_out__152 multiplier stage design_1_i/syst_array_axil_0/inst/u_syst_array_axil/p_0_out__152/P[47:0] is not pipelined (MREG=0). Pipelining the multiplier function will improve performance and will save significant power so it is suggested whenever possible to fully pipeline this function.  If this multiplier was inferred, it is suggested to describe an additional register stage after this function.  If there is no registered adder/accumulator following the multiply function, two pipeline stages are suggested to allow both the MREG and PREG registers to be used.  If the DSP48 was instantiated in the design, it is suggested to set both the MREG and PREG attributes to 1 when performing multiply functions.
Related violations: <none>

DPOP-2#63 Warning
MREG Output pipelining  
DSP design_1_i/syst_array_axil_0/inst/u_syst_array_axil/p_0_out__153 multiplier stage design_1_i/syst_array_axil_0/inst/u_syst_array_axil/p_0_out__153/P[47:0] is not pipelined (MREG=0). Pipelining the multiplier function will improve performance and will save significant power so it is suggested whenever possible to fully pipeline this function.  If this multiplier was inferred, it is suggested to describe an additional register stage after this function.  If there is no registered adder/accumulator following the multiply function, two pipeline stages are suggested to allow both the MREG and PREG registers to be used.  If the DSP48 was instantiated in the design, it is suggested to set both the MREG and PREG attributes to 1 when performing multiply functions.
Related violations: <none>

DPOP-2#64 Warning
MREG Output pipelining  
DSP design_1_i/syst_array_axil_0/inst/u_syst_array_axil/p_0_out__154 multiplier stage design_1_i/syst_array_axil_0/inst/u_syst_array_axil/p_0_out__154/P[47:0] is not pipelined (MREG=0). Pipelining the multiplier function will improve performance and will save significant power so it is suggested whenever possible to fully pipeline this function.  If this multiplier was inferred, it is suggested to describe an additional register stage after this function.  If there is no registered adder/accumulator following the multiply function, two pipeline stages are suggested to allow both the MREG and PREG registers to be used.  If the DSP48 was instantiated in the design, it is suggested to set both the MREG and PREG attributes to 1 when performing multiply functions.
Related violations: <none>

DPOP-2#65 Warning
MREG Output pipelining  
DSP design_1_i/syst_array_axil_0/inst/u_syst_array_axil/p_0_out__155 multiplier stage design_1_i/syst_array_axil_0/inst/u_syst_array_axil/p_0_out__155/P[47:0] is not pipelined (MREG=0). Pipelining the multiplier function will improve performance and will save significant power so it is suggested whenever possible to fully pipeline this function.  If this multiplier was inferred, it is suggested to describe an additional register stage after this function.  If there is no registered adder/accumulator following the multiply function, two pipeline stages are suggested to allow both the MREG and PREG registers to be used.  If the DSP48 was instantiated in the design, it is suggested to set both the MREG and PREG attributes to 1 when performing multiply functions.
Related violations: <none>

DPOP-2#66 Warning
MREG Output pipelining  
DSP design_1_i/syst_array_axil_0/inst/u_syst_array_axil/p_0_out__156 multiplier stage design_1_i/syst_array_axil_0/inst/u_syst_array_axil/p_0_out__156/P[47:0] is not pipelined (MREG=0). Pipelining the multiplier function will improve performance and will save significant power so it is suggested whenever possible to fully pipeline this function.  If this multiplier was inferred, it is suggested to describe an additional register stage after this function.  If there is no registered adder/accumulator following the multiply function, two pipeline stages are suggested to allow both the MREG and PREG registers to be used.  If the DSP48 was instantiated in the design, it is suggested to set both the MREG and PREG attributes to 1 when performing multiply functions.
Related violations: <none>

DPOP-2#67 Warning
MREG Output pipelining  
DSP design_1_i/syst_array_axil_0/inst/u_syst_array_axil/p_0_out__157 multiplier stage design_1_i/syst_array_axil_0/inst/u_syst_array_axil/p_0_out__157/P[47:0] is not pipelined (MREG=0). Pipelining the multiplier function will improve performance and will save significant power so it is suggested whenever possible to fully pipeline this function.  If this multiplier was inferred, it is suggested to describe an additional register stage after this function.  If there is no registered adder/accumulator following the multiply function, two pipeline stages are suggested to allow both the MREG and PREG registers to be used.  If the DSP48 was instantiated in the design, it is suggested to set both the MREG and PREG attributes to 1 when performing multiply functions.
Related violations: <none>

DPOP-2#68 Warning
MREG Output pipelining  
DSP design_1_i/syst_array_axil_0/inst/u_syst_array_axil/p_0_out__158 multiplier stage design_1_i/syst_array_axil_0/inst/u_syst_array_axil/p_0_out__158/P[47:0] is not pipelined (MREG=0). Pipelining the multiplier function will improve performance and will save significant power so it is suggested whenever possible to fully pipeline this function.  If this multiplier was inferred, it is suggested to describe an additional register stage after this function.  If there is no registered adder/accumulator following the multiply function, two pipeline stages are suggested to allow both the MREG and PREG registers to be used.  If the DSP48 was instantiated in the design, it is suggested to set both the MREG and PREG attributes to 1 when performing multiply functions.
Related violations: <none>

DPOP-2#69 Warning
MREG Output pipelining  
DSP design_1_i/syst_array_axil_0/inst/u_syst_array_axil/p_0_out__159 multiplier stage design_1_i/syst_array_axil_0/inst/u_syst_array_axil/p_0_out__159/P[47:0] is not pipelined (MREG=0). Pipelining the multiplier function will improve performance and will save significant power so it is suggested whenever possible to fully pipeline this function.  If this multiplier was inferred, it is suggested to describe an additional register stage after this function.  If there is no registered adder/accumulator following the multiply function, two pipeline stages are suggested to allow both the MREG and PREG registers to be used.  If the DSP48 was instantiated in the design, it is suggested to set both the MREG and PREG attributes to 1 when performing multiply functions.
Related violations: <none>

DPOP-2#70 Warning
MREG Output pipelining  
DSP design_1_i/syst_array_axil_0/inst/u_syst_array_axil/p_0_out__16 multiplier stage design_1_i/syst_array_axil_0/inst/u_syst_array_axil/p_0_out__16/P[47:0] is not pipelined (MREG=0). Pipelining the multiplier function will improve performance and will save significant power so it is suggested whenever possible to fully pipeline this function.  If this multiplier was inferred, it is suggested to describe an additional register stage after this function.  If there is no registered adder/accumulator following the multiply function, two pipeline stages are suggested to allow both the MREG and PREG registers to be used.  If the DSP48 was instantiated in the design, it is suggested to set both the MREG and PREG attributes to 1 when performing multiply functions.
Related violations: <none>

DPOP-2#71 Warning
MREG Output pipelining  
DSP design_1_i/syst_array_axil_0/inst/u_syst_array_axil/p_0_out__160 multiplier stage design_1_i/syst_array_axil_0/inst/u_syst_array_axil/p_0_out__160/P[47:0] is not pipelined (MREG=0). Pipelining the multiplier function will improve performance and will save significant power so it is suggested whenever possible to fully pipeline this function.  If this multiplier was inferred, it is suggested to describe an additional register stage after this function.  If there is no registered adder/accumulator following the multiply function, two pipeline stages are suggested to allow both the MREG and PREG registers to be used.  If the DSP48 was instantiated in the design, it is suggested to set both the MREG and PREG attributes to 1 when performing multiply functions.
Related violations: <none>

DPOP-2#72 Warning
MREG Output pipelining  
DSP design_1_i/syst_array_axil_0/inst/u_syst_array_axil/p_0_out__161 multiplier stage design_1_i/syst_array_axil_0/inst/u_syst_array_axil/p_0_out__161/P[47:0] is not pipelined (MREG=0). Pipelining the multiplier function will improve performance and will save significant power so it is suggested whenever possible to fully pipeline this function.  If this multiplier was inferred, it is suggested to describe an additional register stage after this function.  If there is no registered adder/accumulator following the multiply function, two pipeline stages are suggested to allow both the MREG and PREG registers to be used.  If the DSP48 was instantiated in the design, it is suggested to set both the MREG and PREG attributes to 1 when performing multiply functions.
Related violations: <none>

DPOP-2#73 Warning
MREG Output pipelining  
DSP design_1_i/syst_array_axil_0/inst/u_syst_array_axil/p_0_out__162 multiplier stage design_1_i/syst_array_axil_0/inst/u_syst_array_axil/p_0_out__162/P[47:0] is not pipelined (MREG=0). Pipelining the multiplier function will improve performance and will save significant power so it is suggested whenever possible to fully pipeline this function.  If this multiplier was inferred, it is suggested to describe an additional register stage after this function.  If there is no registered adder/accumulator following the multiply function, two pipeline stages are suggested to allow both the MREG and PREG registers to be used.  If the DSP48 was instantiated in the design, it is suggested to set both the MREG and PREG attributes to 1 when performing multiply functions.
Related violations: <none>

DPOP-2#74 Warning
MREG Output pipelining  
DSP design_1_i/syst_array_axil_0/inst/u_syst_array_axil/p_0_out__163 multiplier stage design_1_i/syst_array_axil_0/inst/u_syst_array_axil/p_0_out__163/P[47:0] is not pipelined (MREG=0). Pipelining the multiplier function will improve performance and will save significant power so it is suggested whenever possible to fully pipeline this function.  If this multiplier was inferred, it is suggested to describe an additional register stage after this function.  If there is no registered adder/accumulator following the multiply function, two pipeline stages are suggested to allow both the MREG and PREG registers to be used.  If the DSP48 was instantiated in the design, it is suggested to set both the MREG and PREG attributes to 1 when performing multiply functions.
Related violations: <none>

DPOP-2#75 Warning
MREG Output pipelining  
DSP design_1_i/syst_array_axil_0/inst/u_syst_array_axil/p_0_out__164 multiplier stage design_1_i/syst_array_axil_0/inst/u_syst_array_axil/p_0_out__164/P[47:0] is not pipelined (MREG=0). Pipelining the multiplier function will improve performance and will save significant power so it is suggested whenever possible to fully pipeline this function.  If this multiplier was inferred, it is suggested to describe an additional register stage after this function.  If there is no registered adder/accumulator following the multiply function, two pipeline stages are suggested to allow both the MREG and PREG registers to be used.  If the DSP48 was instantiated in the design, it is suggested to set both the MREG and PREG attributes to 1 when performing multiply functions.
Related violations: <none>

DPOP-2#76 Warning
MREG Output pipelining  
DSP design_1_i/syst_array_axil_0/inst/u_syst_array_axil/p_0_out__165 multiplier stage design_1_i/syst_array_axil_0/inst/u_syst_array_axil/p_0_out__165/P[47:0] is not pipelined (MREG=0). Pipelining the multiplier function will improve performance and will save significant power so it is suggested whenever possible to fully pipeline this function.  If this multiplier was inferred, it is suggested to describe an additional register stage after this function.  If there is no registered adder/accumulator following the multiply function, two pipeline stages are suggested to allow both the MREG and PREG registers to be used.  If the DSP48 was instantiated in the design, it is suggested to set both the MREG and PREG attributes to 1 when performing multiply functions.
Related violations: <none>

DPOP-2#77 Warning
MREG Output pipelining  
DSP design_1_i/syst_array_axil_0/inst/u_syst_array_axil/p_0_out__166 multiplier stage design_1_i/syst_array_axil_0/inst/u_syst_array_axil/p_0_out__166/P[47:0] is not pipelined (MREG=0). Pipelining the multiplier function will improve performance and will save significant power so it is suggested whenever possible to fully pipeline this function.  If this multiplier was inferred, it is suggested to describe an additional register stage after this function.  If there is no registered adder/accumulator following the multiply function, two pipeline stages are suggested to allow both the MREG and PREG registers to be used.  If the DSP48 was instantiated in the design, it is suggested to set both the MREG and PREG attributes to 1 when performing multiply functions.
Related violations: <none>

DPOP-2#78 Warning
MREG Output pipelining  
DSP design_1_i/syst_array_axil_0/inst/u_syst_array_axil/p_0_out__167 multiplier stage design_1_i/syst_array_axil_0/inst/u_syst_array_axil/p_0_out__167/P[47:0] is not pipelined (MREG=0). Pipelining the multiplier function will improve performance and will save significant power so it is suggested whenever possible to fully pipeline this function.  If this multiplier was inferred, it is suggested to describe an additional register stage after this function.  If there is no registered adder/accumulator following the multiply function, two pipeline stages are suggested to allow both the MREG and PREG registers to be used.  If the DSP48 was instantiated in the design, it is suggested to set both the MREG and PREG attributes to 1 when performing multiply functions.
Related violations: <none>

DPOP-2#79 Warning
MREG Output pipelining  
DSP design_1_i/syst_array_axil_0/inst/u_syst_array_axil/p_0_out__168 multiplier stage design_1_i/syst_array_axil_0/inst/u_syst_array_axil/p_0_out__168/P[47:0] is not pipelined (MREG=0). Pipelining the multiplier function will improve performance and will save significant power so it is suggested whenever possible to fully pipeline this function.  If this multiplier was inferred, it is suggested to describe an additional register stage after this function.  If there is no registered adder/accumulator following the multiply function, two pipeline stages are suggested to allow both the MREG and PREG registers to be used.  If the DSP48 was instantiated in the design, it is suggested to set both the MREG and PREG attributes to 1 when performing multiply functions.
Related violations: <none>

DPOP-2#80 Warning
MREG Output pipelining  
DSP design_1_i/syst_array_axil_0/inst/u_syst_array_axil/p_0_out__169 multiplier stage design_1_i/syst_array_axil_0/inst/u_syst_array_axil/p_0_out__169/P[47:0] is not pipelined (MREG=0). Pipelining the multiplier function will improve performance and will save significant power so it is suggested whenever possible to fully pipeline this function.  If this multiplier was inferred, it is suggested to describe an additional register stage after this function.  If there is no registered adder/accumulator following the multiply function, two pipeline stages are suggested to allow both the MREG and PREG registers to be used.  If the DSP48 was instantiated in the design, it is suggested to set both the MREG and PREG attributes to 1 when performing multiply functions.
Related violations: <none>

DPOP-2#81 Warning
MREG Output pipelining  
DSP design_1_i/syst_array_axil_0/inst/u_syst_array_axil/p_0_out__17 multiplier stage design_1_i/syst_array_axil_0/inst/u_syst_array_axil/p_0_out__17/P[47:0] is not pipelined (MREG=0). Pipelining the multiplier function will improve performance and will save significant power so it is suggested whenever possible to fully pipeline this function.  If this multiplier was inferred, it is suggested to describe an additional register stage after this function.  If there is no registered adder/accumulator following the multiply function, two pipeline stages are suggested to allow both the MREG and PREG registers to be used.  If the DSP48 was instantiated in the design, it is suggested to set both the MREG and PREG attributes to 1 when performing multiply functions.
Related violations: <none>

DPOP-2#82 Warning
MREG Output pipelining  
DSP design_1_i/syst_array_axil_0/inst/u_syst_array_axil/p_0_out__170 multiplier stage design_1_i/syst_array_axil_0/inst/u_syst_array_axil/p_0_out__170/P[47:0] is not pipelined (MREG=0). Pipelining the multiplier function will improve performance and will save significant power so it is suggested whenever possible to fully pipeline this function.  If this multiplier was inferred, it is suggested to describe an additional register stage after this function.  If there is no registered adder/accumulator following the multiply function, two pipeline stages are suggested to allow both the MREG and PREG registers to be used.  If the DSP48 was instantiated in the design, it is suggested to set both the MREG and PREG attributes to 1 when performing multiply functions.
Related violations: <none>

DPOP-2#83 Warning
MREG Output pipelining  
DSP design_1_i/syst_array_axil_0/inst/u_syst_array_axil/p_0_out__171 multiplier stage design_1_i/syst_array_axil_0/inst/u_syst_array_axil/p_0_out__171/P[47:0] is not pipelined (MREG=0). Pipelining the multiplier function will improve performance and will save significant power so it is suggested whenever possible to fully pipeline this function.  If this multiplier was inferred, it is suggested to describe an additional register stage after this function.  If there is no registered adder/accumulator following the multiply function, two pipeline stages are suggested to allow both the MREG and PREG registers to be used.  If the DSP48 was instantiated in the design, it is suggested to set both the MREG and PREG attributes to 1 when performing multiply functions.
Related violations: <none>

DPOP-2#84 Warning
MREG Output pipelining  
DSP design_1_i/syst_array_axil_0/inst/u_syst_array_axil/p_0_out__172 multiplier stage design_1_i/syst_array_axil_0/inst/u_syst_array_axil/p_0_out__172/P[47:0] is not pipelined (MREG=0). Pipelining the multiplier function will improve performance and will save significant power so it is suggested whenever possible to fully pipeline this function.  If this multiplier was inferred, it is suggested to describe an additional register stage after this function.  If there is no registered adder/accumulator following the multiply function, two pipeline stages are suggested to allow both the MREG and PREG registers to be used.  If the DSP48 was instantiated in the design, it is suggested to set both the MREG and PREG attributes to 1 when performing multiply functions.
Related violations: <none>

DPOP-2#85 Warning
MREG Output pipelining  
DSP design_1_i/syst_array_axil_0/inst/u_syst_array_axil/p_0_out__18 multiplier stage design_1_i/syst_array_axil_0/inst/u_syst_array_axil/p_0_out__18/P[47:0] is not pipelined (MREG=0). Pipelining the multiplier function will improve performance and will save significant power so it is suggested whenever possible to fully pipeline this function.  If this multiplier was inferred, it is suggested to describe an additional register stage after this function.  If there is no registered adder/accumulator following the multiply function, two pipeline stages are suggested to allow both the MREG and PREG registers to be used.  If the DSP48 was instantiated in the design, it is suggested to set both the MREG and PREG attributes to 1 when performing multiply functions.
Related violations: <none>

DPOP-2#86 Warning
MREG Output pipelining  
DSP design_1_i/syst_array_axil_0/inst/u_syst_array_axil/p_0_out__19 multiplier stage design_1_i/syst_array_axil_0/inst/u_syst_array_axil/p_0_out__19/P[47:0] is not pipelined (MREG=0). Pipelining the multiplier function will improve performance and will save significant power so it is suggested whenever possible to fully pipeline this function.  If this multiplier was inferred, it is suggested to describe an additional register stage after this function.  If there is no registered adder/accumulator following the multiply function, two pipeline stages are suggested to allow both the MREG and PREG registers to be used.  If the DSP48 was instantiated in the design, it is suggested to set both the MREG and PREG attributes to 1 when performing multiply functions.
Related violations: <none>

DPOP-2#87 Warning
MREG Output pipelining  
DSP design_1_i/syst_array_axil_0/inst/u_syst_array_axil/p_0_out__2 multiplier stage design_1_i/syst_array_axil_0/inst/u_syst_array_axil/p_0_out__2/P[47:0] is not pipelined (MREG=0). Pipelining the multiplier function will improve performance and will save significant power so it is suggested whenever possible to fully pipeline this function.  If this multiplier was inferred, it is suggested to describe an additional register stage after this function.  If there is no registered adder/accumulator following the multiply function, two pipeline stages are suggested to allow both the MREG and PREG registers to be used.  If the DSP48 was instantiated in the design, it is suggested to set both the MREG and PREG attributes to 1 when performing multiply functions.
Related violations: <none>

DPOP-2#88 Warning
MREG Output pipelining  
DSP design_1_i/syst_array_axil_0/inst/u_syst_array_axil/p_0_out__20 multiplier stage design_1_i/syst_array_axil_0/inst/u_syst_array_axil/p_0_out__20/P[47:0] is not pipelined (MREG=0). Pipelining the multiplier function will improve performance and will save significant power so it is suggested whenever possible to fully pipeline this function.  If this multiplier was inferred, it is suggested to describe an additional register stage after this function.  If there is no registered adder/accumulator following the multiply function, two pipeline stages are suggested to allow both the MREG and PREG registers to be used.  If the DSP48 was instantiated in the design, it is suggested to set both the MREG and PREG attributes to 1 when performing multiply functions.
Related violations: <none>

DPOP-2#89 Warning
MREG Output pipelining  
DSP design_1_i/syst_array_axil_0/inst/u_syst_array_axil/p_0_out__21 multiplier stage design_1_i/syst_array_axil_0/inst/u_syst_array_axil/p_0_out__21/P[47:0] is not pipelined (MREG=0). Pipelining the multiplier function will improve performance and will save significant power so it is suggested whenever possible to fully pipeline this function.  If this multiplier was inferred, it is suggested to describe an additional register stage after this function.  If there is no registered adder/accumulator following the multiply function, two pipeline stages are suggested to allow both the MREG and PREG registers to be used.  If the DSP48 was instantiated in the design, it is suggested to set both the MREG and PREG attributes to 1 when performing multiply functions.
Related violations: <none>

DPOP-2#90 Warning
MREG Output pipelining  
DSP design_1_i/syst_array_axil_0/inst/u_syst_array_axil/p_0_out__22 multiplier stage design_1_i/syst_array_axil_0/inst/u_syst_array_axil/p_0_out__22/P[47:0] is not pipelined (MREG=0). Pipelining the multiplier function will improve performance and will save significant power so it is suggested whenever possible to fully pipeline this function.  If this multiplier was inferred, it is suggested to describe an additional register stage after this function.  If there is no registered adder/accumulator following the multiply function, two pipeline stages are suggested to allow both the MREG and PREG registers to be used.  If the DSP48 was instantiated in the design, it is suggested to set both the MREG and PREG attributes to 1 when performing multiply functions.
Related violations: <none>

DPOP-2#91 Warning
MREG Output pipelining  
DSP design_1_i/syst_array_axil_0/inst/u_syst_array_axil/p_0_out__23 multiplier stage design_1_i/syst_array_axil_0/inst/u_syst_array_axil/p_0_out__23/P[47:0] is not pipelined (MREG=0). Pipelining the multiplier function will improve performance and will save significant power so it is suggested whenever possible to fully pipeline this function.  If this multiplier was inferred, it is suggested to describe an additional register stage after this function.  If there is no registered adder/accumulator following the multiply function, two pipeline stages are suggested to allow both the MREG and PREG registers to be used.  If the DSP48 was instantiated in the design, it is suggested to set both the MREG and PREG attributes to 1 when performing multiply functions.
Related violations: <none>

DPOP-2#92 Warning
MREG Output pipelining  
DSP design_1_i/syst_array_axil_0/inst/u_syst_array_axil/p_0_out__24 multiplier stage design_1_i/syst_array_axil_0/inst/u_syst_array_axil/p_0_out__24/P[47:0] is not pipelined (MREG=0). Pipelining the multiplier function will improve performance and will save significant power so it is suggested whenever possible to fully pipeline this function.  If this multiplier was inferred, it is suggested to describe an additional register stage after this function.  If there is no registered adder/accumulator following the multiply function, two pipeline stages are suggested to allow both the MREG and PREG registers to be used.  If the DSP48 was instantiated in the design, it is suggested to set both the MREG and PREG attributes to 1 when performing multiply functions.
Related violations: <none>

DPOP-2#93 Warning
MREG Output pipelining  
DSP design_1_i/syst_array_axil_0/inst/u_syst_array_axil/p_0_out__25 multiplier stage design_1_i/syst_array_axil_0/inst/u_syst_array_axil/p_0_out__25/P[47:0] is not pipelined (MREG=0). Pipelining the multiplier function will improve performance and will save significant power so it is suggested whenever possible to fully pipeline this function.  If this multiplier was inferred, it is suggested to describe an additional register stage after this function.  If there is no registered adder/accumulator following the multiply function, two pipeline stages are suggested to allow both the MREG and PREG registers to be used.  If the DSP48 was instantiated in the design, it is suggested to set both the MREG and PREG attributes to 1 when performing multiply functions.
Related violations: <none>

DPOP-2#94 Warning
MREG Output pipelining  
DSP design_1_i/syst_array_axil_0/inst/u_syst_array_axil/p_0_out__26 multiplier stage design_1_i/syst_array_axil_0/inst/u_syst_array_axil/p_0_out__26/P[47:0] is not pipelined (MREG=0). Pipelining the multiplier function will improve performance and will save significant power so it is suggested whenever possible to fully pipeline this function.  If this multiplier was inferred, it is suggested to describe an additional register stage after this function.  If there is no registered adder/accumulator following the multiply function, two pipeline stages are suggested to allow both the MREG and PREG registers to be used.  If the DSP48 was instantiated in the design, it is suggested to set both the MREG and PREG attributes to 1 when performing multiply functions.
Related violations: <none>

DPOP-2#95 Warning
MREG Output pipelining  
DSP design_1_i/syst_array_axil_0/inst/u_syst_array_axil/p_0_out__27 multiplier stage design_1_i/syst_array_axil_0/inst/u_syst_array_axil/p_0_out__27/P[47:0] is not pipelined (MREG=0). Pipelining the multiplier function will improve performance and will save significant power so it is suggested whenever possible to fully pipeline this function.  If this multiplier was inferred, it is suggested to describe an additional register stage after this function.  If there is no registered adder/accumulator following the multiply function, two pipeline stages are suggested to allow both the MREG and PREG registers to be used.  If the DSP48 was instantiated in the design, it is suggested to set both the MREG and PREG attributes to 1 when performing multiply functions.
Related violations: <none>

DPOP-2#96 Warning
MREG Output pipelining  
DSP design_1_i/syst_array_axil_0/inst/u_syst_array_axil/p_0_out__28 multiplier stage design_1_i/syst_array_axil_0/inst/u_syst_array_axil/p_0_out__28/P[47:0] is not pipelined (MREG=0). Pipelining the multiplier function will improve performance and will save significant power so it is suggested whenever possible to fully pipeline this function.  If this multiplier was inferred, it is suggested to describe an additional register stage after this function.  If there is no registered adder/accumulator following the multiply function, two pipeline stages are suggested to allow both the MREG and PREG registers to be used.  If the DSP48 was instantiated in the design, it is suggested to set both the MREG and PREG attributes to 1 when performing multiply functions.
Related violations: <none>

DPOP-2#97 Warning
MREG Output pipelining  
DSP design_1_i/syst_array_axil_0/inst/u_syst_array_axil/p_0_out__29 multiplier stage design_1_i/syst_array_axil_0/inst/u_syst_array_axil/p_0_out__29/P[47:0] is not pipelined (MREG=0). Pipelining the multiplier function will improve performance and will save significant power so it is suggested whenever possible to fully pipeline this function.  If this multiplier was inferred, it is suggested to describe an additional register stage after this function.  If there is no registered adder/accumulator following the multiply function, two pipeline stages are suggested to allow both the MREG and PREG registers to be used.  If the DSP48 was instantiated in the design, it is suggested to set both the MREG and PREG attributes to 1 when performing multiply functions.
Related violations: <none>

DPOP-2#98 Warning
MREG Output pipelining  
DSP design_1_i/syst_array_axil_0/inst/u_syst_array_axil/p_0_out__3 multiplier stage design_1_i/syst_array_axil_0/inst/u_syst_array_axil/p_0_out__3/P[47:0] is not pipelined (MREG=0). Pipelining the multiplier function will improve performance and will save significant power so it is suggested whenever possible to fully pipeline this function.  If this multiplier was inferred, it is suggested to describe an additional register stage after this function.  If there is no registered adder/accumulator following the multiply function, two pipeline stages are suggested to allow both the MREG and PREG registers to be used.  If the DSP48 was instantiated in the design, it is suggested to set both the MREG and PREG attributes to 1 when performing multiply functions.
Related violations: <none>

DPOP-2#99 Warning
MREG Output pipelining  
DSP design_1_i/syst_array_axil_0/inst/u_syst_array_axil/p_0_out__30 multiplier stage design_1_i/syst_array_axil_0/inst/u_syst_array_axil/p_0_out__30/P[47:0] is not pipelined (MREG=0). Pipelining the multiplier function will improve performance and will save significant power so it is suggested whenever possible to fully pipeline this function.  If this multiplier was inferred, it is suggested to describe an additional register stage after this function.  If there is no registered adder/accumulator following the multiply function, two pipeline stages are suggested to allow both the MREG and PREG registers to be used.  If the DSP48 was instantiated in the design, it is suggested to set both the MREG and PREG attributes to 1 when performing multiply functions.
Related violations: <none>

DPOP-2#100 Warning
MREG Output pipelining  
DSP design_1_i/syst_array_axil_0/inst/u_syst_array_axil/p_0_out__31 multiplier stage design_1_i/syst_array_axil_0/inst/u_syst_array_axil/p_0_out__31/P[47:0] is not pipelined (MREG=0). Pipelining the multiplier function will improve performance and will save significant power so it is suggested whenever possible to fully pipeline this function.  If this multiplier was inferred, it is suggested to describe an additional register stage after this function.  If there is no registered adder/accumulator following the multiply function, two pipeline stages are suggested to allow both the MREG and PREG registers to be used.  If the DSP48 was instantiated in the design, it is suggested to set both the MREG and PREG attributes to 1 when performing multiply functions.
Related violations: <none>

DPOP-2#101 Warning
MREG Output pipelining  
DSP design_1_i/syst_array_axil_0/inst/u_syst_array_axil/p_0_out__32 multiplier stage design_1_i/syst_array_axil_0/inst/u_syst_array_axil/p_0_out__32/P[47:0] is not pipelined (MREG=0). Pipelining the multiplier function will improve performance and will save significant power so it is suggested whenever possible to fully pipeline this function.  If this multiplier was inferred, it is suggested to describe an additional register stage after this function.  If there is no registered adder/accumulator following the multiply function, two pipeline stages are suggested to allow both the MREG and PREG registers to be used.  If the DSP48 was instantiated in the design, it is suggested to set both the MREG and PREG attributes to 1 when performing multiply functions.
Related violations: <none>

DPOP-2#102 Warning
MREG Output pipelining  
DSP design_1_i/syst_array_axil_0/inst/u_syst_array_axil/p_0_out__33 multiplier stage design_1_i/syst_array_axil_0/inst/u_syst_array_axil/p_0_out__33/P[47:0] is not pipelined (MREG=0). Pipelining the multiplier function will improve performance and will save significant power so it is suggested whenever possible to fully pipeline this function.  If this multiplier was inferred, it is suggested to describe an additional register stage after this function.  If there is no registered adder/accumulator following the multiply function, two pipeline stages are suggested to allow both the MREG and PREG registers to be used.  If the DSP48 was instantiated in the design, it is suggested to set both the MREG and PREG attributes to 1 when performing multiply functions.
Related violations: <none>

DPOP-2#103 Warning
MREG Output pipelining  
DSP design_1_i/syst_array_axil_0/inst/u_syst_array_axil/p_0_out__34 multiplier stage design_1_i/syst_array_axil_0/inst/u_syst_array_axil/p_0_out__34/P[47:0] is not pipelined (MREG=0). Pipelining the multiplier function will improve performance and will save significant power so it is suggested whenever possible to fully pipeline this function.  If this multiplier was inferred, it is suggested to describe an additional register stage after this function.  If there is no registered adder/accumulator following the multiply function, two pipeline stages are suggested to allow both the MREG and PREG registers to be used.  If the DSP48 was instantiated in the design, it is suggested to set both the MREG and PREG attributes to 1 when performing multiply functions.
Related violations: <none>

DPOP-2#104 Warning
MREG Output pipelining  
DSP design_1_i/syst_array_axil_0/inst/u_syst_array_axil/p_0_out__35 multiplier stage design_1_i/syst_array_axil_0/inst/u_syst_array_axil/p_0_out__35/P[47:0] is not pipelined (MREG=0). Pipelining the multiplier function will improve performance and will save significant power so it is suggested whenever possible to fully pipeline this function.  If this multiplier was inferred, it is suggested to describe an additional register stage after this function.  If there is no registered adder/accumulator following the multiply function, two pipeline stages are suggested to allow both the MREG and PREG registers to be used.  If the DSP48 was instantiated in the design, it is suggested to set both the MREG and PREG attributes to 1 when performing multiply functions.
Related violations: <none>

DPOP-2#105 Warning
MREG Output pipelining  
DSP design_1_i/syst_array_axil_0/inst/u_syst_array_axil/p_0_out__36 multiplier stage design_1_i/syst_array_axil_0/inst/u_syst_array_axil/p_0_out__36/P[47:0] is not pipelined (MREG=0). Pipelining the multiplier function will improve performance and will save significant power so it is suggested whenever possible to fully pipeline this function.  If this multiplier was inferred, it is suggested to describe an additional register stage after this function.  If there is no registered adder/accumulator following the multiply function, two pipeline stages are suggested to allow both the MREG and PREG registers to be used.  If the DSP48 was instantiated in the design, it is suggested to set both the MREG and PREG attributes to 1 when performing multiply functions.
Related violations: <none>

DPOP-2#106 Warning
MREG Output pipelining  
DSP design_1_i/syst_array_axil_0/inst/u_syst_array_axil/p_0_out__37 multiplier stage design_1_i/syst_array_axil_0/inst/u_syst_array_axil/p_0_out__37/P[47:0] is not pipelined (MREG=0). Pipelining the multiplier function will improve performance and will save significant power so it is suggested whenever possible to fully pipeline this function.  If this multiplier was inferred, it is suggested to describe an additional register stage after this function.  If there is no registered adder/accumulator following the multiply function, two pipeline stages are suggested to allow both the MREG and PREG registers to be used.  If the DSP48 was instantiated in the design, it is suggested to set both the MREG and PREG attributes to 1 when performing multiply functions.
Related violations: <none>

DPOP-2#107 Warning
MREG Output pipelining  
DSP design_1_i/syst_array_axil_0/inst/u_syst_array_axil/p_0_out__38 multiplier stage design_1_i/syst_array_axil_0/inst/u_syst_array_axil/p_0_out__38/P[47:0] is not pipelined (MREG=0). Pipelining the multiplier function will improve performance and will save significant power so it is suggested whenever possible to fully pipeline this function.  If this multiplier was inferred, it is suggested to describe an additional register stage after this function.  If there is no registered adder/accumulator following the multiply function, two pipeline stages are suggested to allow both the MREG and PREG registers to be used.  If the DSP48 was instantiated in the design, it is suggested to set both the MREG and PREG attributes to 1 when performing multiply functions.
Related violations: <none>

DPOP-2#108 Warning
MREG Output pipelining  
DSP design_1_i/syst_array_axil_0/inst/u_syst_array_axil/p_0_out__39 multiplier stage design_1_i/syst_array_axil_0/inst/u_syst_array_axil/p_0_out__39/P[47:0] is not pipelined (MREG=0). Pipelining the multiplier function will improve performance and will save significant power so it is suggested whenever possible to fully pipeline this function.  If this multiplier was inferred, it is suggested to describe an additional register stage after this function.  If there is no registered adder/accumulator following the multiply function, two pipeline stages are suggested to allow both the MREG and PREG registers to be used.  If the DSP48 was instantiated in the design, it is suggested to set both the MREG and PREG attributes to 1 when performing multiply functions.
Related violations: <none>

DPOP-2#109 Warning
MREG Output pipelining  
DSP design_1_i/syst_array_axil_0/inst/u_syst_array_axil/p_0_out__4 multiplier stage design_1_i/syst_array_axil_0/inst/u_syst_array_axil/p_0_out__4/P[47:0] is not pipelined (MREG=0). Pipelining the multiplier function will improve performance and will save significant power so it is suggested whenever possible to fully pipeline this function.  If this multiplier was inferred, it is suggested to describe an additional register stage after this function.  If there is no registered adder/accumulator following the multiply function, two pipeline stages are suggested to allow both the MREG and PREG registers to be used.  If the DSP48 was instantiated in the design, it is suggested to set both the MREG and PREG attributes to 1 when performing multiply functions.
Related violations: <none>

DPOP-2#110 Warning
MREG Output pipelining  
DSP design_1_i/syst_array_axil_0/inst/u_syst_array_axil/p_0_out__40 multiplier stage design_1_i/syst_array_axil_0/inst/u_syst_array_axil/p_0_out__40/P[47:0] is not pipelined (MREG=0). Pipelining the multiplier function will improve performance and will save significant power so it is suggested whenever possible to fully pipeline this function.  If this multiplier was inferred, it is suggested to describe an additional register stage after this function.  If there is no registered adder/accumulator following the multiply function, two pipeline stages are suggested to allow both the MREG and PREG registers to be used.  If the DSP48 was instantiated in the design, it is suggested to set both the MREG and PREG attributes to 1 when performing multiply functions.
Related violations: <none>

DPOP-2#111 Warning
MREG Output pipelining  
DSP design_1_i/syst_array_axil_0/inst/u_syst_array_axil/p_0_out__41 multiplier stage design_1_i/syst_array_axil_0/inst/u_syst_array_axil/p_0_out__41/P[47:0] is not pipelined (MREG=0). Pipelining the multiplier function will improve performance and will save significant power so it is suggested whenever possible to fully pipeline this function.  If this multiplier was inferred, it is suggested to describe an additional register stage after this function.  If there is no registered adder/accumulator following the multiply function, two pipeline stages are suggested to allow both the MREG and PREG registers to be used.  If the DSP48 was instantiated in the design, it is suggested to set both the MREG and PREG attributes to 1 when performing multiply functions.
Related violations: <none>

DPOP-2#112 Warning
MREG Output pipelining  
DSP design_1_i/syst_array_axil_0/inst/u_syst_array_axil/p_0_out__42 multiplier stage design_1_i/syst_array_axil_0/inst/u_syst_array_axil/p_0_out__42/P[47:0] is not pipelined (MREG=0). Pipelining the multiplier function will improve performance and will save significant power so it is suggested whenever possible to fully pipeline this function.  If this multiplier was inferred, it is suggested to describe an additional register stage after this function.  If there is no registered adder/accumulator following the multiply function, two pipeline stages are suggested to allow both the MREG and PREG registers to be used.  If the DSP48 was instantiated in the design, it is suggested to set both the MREG and PREG attributes to 1 when performing multiply functions.
Related violations: <none>

DPOP-2#113 Warning
MREG Output pipelining  
DSP design_1_i/syst_array_axil_0/inst/u_syst_array_axil/p_0_out__43 multiplier stage design_1_i/syst_array_axil_0/inst/u_syst_array_axil/p_0_out__43/P[47:0] is not pipelined (MREG=0). Pipelining the multiplier function will improve performance and will save significant power so it is suggested whenever possible to fully pipeline this function.  If this multiplier was inferred, it is suggested to describe an additional register stage after this function.  If there is no registered adder/accumulator following the multiply function, two pipeline stages are suggested to allow both the MREG and PREG registers to be used.  If the DSP48 was instantiated in the design, it is suggested to set both the MREG and PREG attributes to 1 when performing multiply functions.
Related violations: <none>

DPOP-2#114 Warning
MREG Output pipelining  
DSP design_1_i/syst_array_axil_0/inst/u_syst_array_axil/p_0_out__44 multiplier stage design_1_i/syst_array_axil_0/inst/u_syst_array_axil/p_0_out__44/P[47:0] is not pipelined (MREG=0). Pipelining the multiplier function will improve performance and will save significant power so it is suggested whenever possible to fully pipeline this function.  If this multiplier was inferred, it is suggested to describe an additional register stage after this function.  If there is no registered adder/accumulator following the multiply function, two pipeline stages are suggested to allow both the MREG and PREG registers to be used.  If the DSP48 was instantiated in the design, it is suggested to set both the MREG and PREG attributes to 1 when performing multiply functions.
Related violations: <none>

DPOP-2#115 Warning
MREG Output pipelining  
DSP design_1_i/syst_array_axil_0/inst/u_syst_array_axil/p_0_out__45 multiplier stage design_1_i/syst_array_axil_0/inst/u_syst_array_axil/p_0_out__45/P[47:0] is not pipelined (MREG=0). Pipelining the multiplier function will improve performance and will save significant power so it is suggested whenever possible to fully pipeline this function.  If this multiplier was inferred, it is suggested to describe an additional register stage after this function.  If there is no registered adder/accumulator following the multiply function, two pipeline stages are suggested to allow both the MREG and PREG registers to be used.  If the DSP48 was instantiated in the design, it is suggested to set both the MREG and PREG attributes to 1 when performing multiply functions.
Related violations: <none>

DPOP-2#116 Warning
MREG Output pipelining  
DSP design_1_i/syst_array_axil_0/inst/u_syst_array_axil/p_0_out__46 multiplier stage design_1_i/syst_array_axil_0/inst/u_syst_array_axil/p_0_out__46/P[47:0] is not pipelined (MREG=0). Pipelining the multiplier function will improve performance and will save significant power so it is suggested whenever possible to fully pipeline this function.  If this multiplier was inferred, it is suggested to describe an additional register stage after this function.  If there is no registered adder/accumulator following the multiply function, two pipeline stages are suggested to allow both the MREG and PREG registers to be used.  If the DSP48 was instantiated in the design, it is suggested to set both the MREG and PREG attributes to 1 when performing multiply functions.
Related violations: <none>

DPOP-2#117 Warning
MREG Output pipelining  
DSP design_1_i/syst_array_axil_0/inst/u_syst_array_axil/p_0_out__47 multiplier stage design_1_i/syst_array_axil_0/inst/u_syst_array_axil/p_0_out__47/P[47:0] is not pipelined (MREG=0). Pipelining the multiplier function will improve performance and will save significant power so it is suggested whenever possible to fully pipeline this function.  If this multiplier was inferred, it is suggested to describe an additional register stage after this function.  If there is no registered adder/accumulator following the multiply function, two pipeline stages are suggested to allow both the MREG and PREG registers to be used.  If the DSP48 was instantiated in the design, it is suggested to set both the MREG and PREG attributes to 1 when performing multiply functions.
Related violations: <none>

DPOP-2#118 Warning
MREG Output pipelining  
DSP design_1_i/syst_array_axil_0/inst/u_syst_array_axil/p_0_out__48 multiplier stage design_1_i/syst_array_axil_0/inst/u_syst_array_axil/p_0_out__48/P[47:0] is not pipelined (MREG=0). Pipelining the multiplier function will improve performance and will save significant power so it is suggested whenever possible to fully pipeline this function.  If this multiplier was inferred, it is suggested to describe an additional register stage after this function.  If there is no registered adder/accumulator following the multiply function, two pipeline stages are suggested to allow both the MREG and PREG registers to be used.  If the DSP48 was instantiated in the design, it is suggested to set both the MREG and PREG attributes to 1 when performing multiply functions.
Related violations: <none>

DPOP-2#119 Warning
MREG Output pipelining  
DSP design_1_i/syst_array_axil_0/inst/u_syst_array_axil/p_0_out__49 multiplier stage design_1_i/syst_array_axil_0/inst/u_syst_array_axil/p_0_out__49/P[47:0] is not pipelined (MREG=0). Pipelining the multiplier function will improve performance and will save significant power so it is suggested whenever possible to fully pipeline this function.  If this multiplier was inferred, it is suggested to describe an additional register stage after this function.  If there is no registered adder/accumulator following the multiply function, two pipeline stages are suggested to allow both the MREG and PREG registers to be used.  If the DSP48 was instantiated in the design, it is suggested to set both the MREG and PREG attributes to 1 when performing multiply functions.
Related violations: <none>

DPOP-2#120 Warning
MREG Output pipelining  
DSP design_1_i/syst_array_axil_0/inst/u_syst_array_axil/p_0_out__5 multiplier stage design_1_i/syst_array_axil_0/inst/u_syst_array_axil/p_0_out__5/P[47:0] is not pipelined (MREG=0). Pipelining the multiplier function will improve performance and will save significant power so it is suggested whenever possible to fully pipeline this function.  If this multiplier was inferred, it is suggested to describe an additional register stage after this function.  If there is no registered adder/accumulator following the multiply function, two pipeline stages are suggested to allow both the MREG and PREG registers to be used.  If the DSP48 was instantiated in the design, it is suggested to set both the MREG and PREG attributes to 1 when performing multiply functions.
Related violations: <none>

DPOP-2#121 Warning
MREG Output pipelining  
DSP design_1_i/syst_array_axil_0/inst/u_syst_array_axil/p_0_out__50 multiplier stage design_1_i/syst_array_axil_0/inst/u_syst_array_axil/p_0_out__50/P[47:0] is not pipelined (MREG=0). Pipelining the multiplier function will improve performance and will save significant power so it is suggested whenever possible to fully pipeline this function.  If this multiplier was inferred, it is suggested to describe an additional register stage after this function.  If there is no registered adder/accumulator following the multiply function, two pipeline stages are suggested to allow both the MREG and PREG registers to be used.  If the DSP48 was instantiated in the design, it is suggested to set both the MREG and PREG attributes to 1 when performing multiply functions.
Related violations: <none>

DPOP-2#122 Warning
MREG Output pipelining  
DSP design_1_i/syst_array_axil_0/inst/u_syst_array_axil/p_0_out__51 multiplier stage design_1_i/syst_array_axil_0/inst/u_syst_array_axil/p_0_out__51/P[47:0] is not pipelined (MREG=0). Pipelining the multiplier function will improve performance and will save significant power so it is suggested whenever possible to fully pipeline this function.  If this multiplier was inferred, it is suggested to describe an additional register stage after this function.  If there is no registered adder/accumulator following the multiply function, two pipeline stages are suggested to allow both the MREG and PREG registers to be used.  If the DSP48 was instantiated in the design, it is suggested to set both the MREG and PREG attributes to 1 when performing multiply functions.
Related violations: <none>

DPOP-2#123 Warning
MREG Output pipelining  
DSP design_1_i/syst_array_axil_0/inst/u_syst_array_axil/p_0_out__52 multiplier stage design_1_i/syst_array_axil_0/inst/u_syst_array_axil/p_0_out__52/P[47:0] is not pipelined (MREG=0). Pipelining the multiplier function will improve performance and will save significant power so it is suggested whenever possible to fully pipeline this function.  If this multiplier was inferred, it is suggested to describe an additional register stage after this function.  If there is no registered adder/accumulator following the multiply function, two pipeline stages are suggested to allow both the MREG and PREG registers to be used.  If the DSP48 was instantiated in the design, it is suggested to set both the MREG and PREG attributes to 1 when performing multiply functions.
Related violations: <none>

DPOP-2#124 Warning
MREG Output pipelining  
DSP design_1_i/syst_array_axil_0/inst/u_syst_array_axil/p_0_out__53 multiplier stage design_1_i/syst_array_axil_0/inst/u_syst_array_axil/p_0_out__53/P[47:0] is not pipelined (MREG=0). Pipelining the multiplier function will improve performance and will save significant power so it is suggested whenever possible to fully pipeline this function.  If this multiplier was inferred, it is suggested to describe an additional register stage after this function.  If there is no registered adder/accumulator following the multiply function, two pipeline stages are suggested to allow both the MREG and PREG registers to be used.  If the DSP48 was instantiated in the design, it is suggested to set both the MREG and PREG attributes to 1 when performing multiply functions.
Related violations: <none>

DPOP-2#125 Warning
MREG Output pipelining  
DSP design_1_i/syst_array_axil_0/inst/u_syst_array_axil/p_0_out__54 multiplier stage design_1_i/syst_array_axil_0/inst/u_syst_array_axil/p_0_out__54/P[47:0] is not pipelined (MREG=0). Pipelining the multiplier function will improve performance and will save significant power so it is suggested whenever possible to fully pipeline this function.  If this multiplier was inferred, it is suggested to describe an additional register stage after this function.  If there is no registered adder/accumulator following the multiply function, two pipeline stages are suggested to allow both the MREG and PREG registers to be used.  If the DSP48 was instantiated in the design, it is suggested to set both the MREG and PREG attributes to 1 when performing multiply functions.
Related violations: <none>

DPOP-2#126 Warning
MREG Output pipelining  
DSP design_1_i/syst_array_axil_0/inst/u_syst_array_axil/p_0_out__55 multiplier stage design_1_i/syst_array_axil_0/inst/u_syst_array_axil/p_0_out__55/P[47:0] is not pipelined (MREG=0). Pipelining the multiplier function will improve performance and will save significant power so it is suggested whenever possible to fully pipeline this function.  If this multiplier was inferred, it is suggested to describe an additional register stage after this function.  If there is no registered adder/accumulator following the multiply function, two pipeline stages are suggested to allow both the MREG and PREG registers to be used.  If the DSP48 was instantiated in the design, it is suggested to set both the MREG and PREG attributes to 1 when performing multiply functions.
Related violations: <none>

DPOP-2#127 Warning
MREG Output pipelining  
DSP design_1_i/syst_array_axil_0/inst/u_syst_array_axil/p_0_out__56 multiplier stage design_1_i/syst_array_axil_0/inst/u_syst_array_axil/p_0_out__56/P[47:0] is not pipelined (MREG=0). Pipelining the multiplier function will improve performance and will save significant power so it is suggested whenever possible to fully pipeline this function.  If this multiplier was inferred, it is suggested to describe an additional register stage after this function.  If there is no registered adder/accumulator following the multiply function, two pipeline stages are suggested to allow both the MREG and PREG registers to be used.  If the DSP48 was instantiated in the design, it is suggested to set both the MREG and PREG attributes to 1 when performing multiply functions.
Related violations: <none>

DPOP-2#128 Warning
MREG Output pipelining  
DSP design_1_i/syst_array_axil_0/inst/u_syst_array_axil/p_0_out__57 multiplier stage design_1_i/syst_array_axil_0/inst/u_syst_array_axil/p_0_out__57/P[47:0] is not pipelined (MREG=0). Pipelining the multiplier function will improve performance and will save significant power so it is suggested whenever possible to fully pipeline this function.  If this multiplier was inferred, it is suggested to describe an additional register stage after this function.  If there is no registered adder/accumulator following the multiply function, two pipeline stages are suggested to allow both the MREG and PREG registers to be used.  If the DSP48 was instantiated in the design, it is suggested to set both the MREG and PREG attributes to 1 when performing multiply functions.
Related violations: <none>

DPOP-2#129 Warning
MREG Output pipelining  
DSP design_1_i/syst_array_axil_0/inst/u_syst_array_axil/p_0_out__58 multiplier stage design_1_i/syst_array_axil_0/inst/u_syst_array_axil/p_0_out__58/P[47:0] is not pipelined (MREG=0). Pipelining the multiplier function will improve performance and will save significant power so it is suggested whenever possible to fully pipeline this function.  If this multiplier was inferred, it is suggested to describe an additional register stage after this function.  If there is no registered adder/accumulator following the multiply function, two pipeline stages are suggested to allow both the MREG and PREG registers to be used.  If the DSP48 was instantiated in the design, it is suggested to set both the MREG and PREG attributes to 1 when performing multiply functions.
Related violations: <none>

DPOP-2#130 Warning
MREG Output pipelining  
DSP design_1_i/syst_array_axil_0/inst/u_syst_array_axil/p_0_out__59 multiplier stage design_1_i/syst_array_axil_0/inst/u_syst_array_axil/p_0_out__59/P[47:0] is not pipelined (MREG=0). Pipelining the multiplier function will improve performance and will save significant power so it is suggested whenever possible to fully pipeline this function.  If this multiplier was inferred, it is suggested to describe an additional register stage after this function.  If there is no registered adder/accumulator following the multiply function, two pipeline stages are suggested to allow both the MREG and PREG registers to be used.  If the DSP48 was instantiated in the design, it is suggested to set both the MREG and PREG attributes to 1 when performing multiply functions.
Related violations: <none>

DPOP-2#131 Warning
MREG Output pipelining  
DSP design_1_i/syst_array_axil_0/inst/u_syst_array_axil/p_0_out__6 multiplier stage design_1_i/syst_array_axil_0/inst/u_syst_array_axil/p_0_out__6/P[47:0] is not pipelined (MREG=0). Pipelining the multiplier function will improve performance and will save significant power so it is suggested whenever possible to fully pipeline this function.  If this multiplier was inferred, it is suggested to describe an additional register stage after this function.  If there is no registered adder/accumulator following the multiply function, two pipeline stages are suggested to allow both the MREG and PREG registers to be used.  If the DSP48 was instantiated in the design, it is suggested to set both the MREG and PREG attributes to 1 when performing multiply functions.
Related violations: <none>

DPOP-2#132 Warning
MREG Output pipelining  
DSP design_1_i/syst_array_axil_0/inst/u_syst_array_axil/p_0_out__60 multiplier stage design_1_i/syst_array_axil_0/inst/u_syst_array_axil/p_0_out__60/P[47:0] is not pipelined (MREG=0). Pipelining the multiplier function will improve performance and will save significant power so it is suggested whenever possible to fully pipeline this function.  If this multiplier was inferred, it is suggested to describe an additional register stage after this function.  If there is no registered adder/accumulator following the multiply function, two pipeline stages are suggested to allow both the MREG and PREG registers to be used.  If the DSP48 was instantiated in the design, it is suggested to set both the MREG and PREG attributes to 1 when performing multiply functions.
Related violations: <none>

DPOP-2#133 Warning
MREG Output pipelining  
DSP design_1_i/syst_array_axil_0/inst/u_syst_array_axil/p_0_out__61 multiplier stage design_1_i/syst_array_axil_0/inst/u_syst_array_axil/p_0_out__61/P[47:0] is not pipelined (MREG=0). Pipelining the multiplier function will improve performance and will save significant power so it is suggested whenever possible to fully pipeline this function.  If this multiplier was inferred, it is suggested to describe an additional register stage after this function.  If there is no registered adder/accumulator following the multiply function, two pipeline stages are suggested to allow both the MREG and PREG registers to be used.  If the DSP48 was instantiated in the design, it is suggested to set both the MREG and PREG attributes to 1 when performing multiply functions.
Related violations: <none>

DPOP-2#134 Warning
MREG Output pipelining  
DSP design_1_i/syst_array_axil_0/inst/u_syst_array_axil/p_0_out__62 multiplier stage design_1_i/syst_array_axil_0/inst/u_syst_array_axil/p_0_out__62/P[47:0] is not pipelined (MREG=0). Pipelining the multiplier function will improve performance and will save significant power so it is suggested whenever possible to fully pipeline this function.  If this multiplier was inferred, it is suggested to describe an additional register stage after this function.  If there is no registered adder/accumulator following the multiply function, two pipeline stages are suggested to allow both the MREG and PREG registers to be used.  If the DSP48 was instantiated in the design, it is suggested to set both the MREG and PREG attributes to 1 when performing multiply functions.
Related violations: <none>

DPOP-2#135 Warning
MREG Output pipelining  
DSP design_1_i/syst_array_axil_0/inst/u_syst_array_axil/p_0_out__63 multiplier stage design_1_i/syst_array_axil_0/inst/u_syst_array_axil/p_0_out__63/P[47:0] is not pipelined (MREG=0). Pipelining the multiplier function will improve performance and will save significant power so it is suggested whenever possible to fully pipeline this function.  If this multiplier was inferred, it is suggested to describe an additional register stage after this function.  If there is no registered adder/accumulator following the multiply function, two pipeline stages are suggested to allow both the MREG and PREG registers to be used.  If the DSP48 was instantiated in the design, it is suggested to set both the MREG and PREG attributes to 1 when performing multiply functions.
Related violations: <none>

DPOP-2#136 Warning
MREG Output pipelining  
DSP design_1_i/syst_array_axil_0/inst/u_syst_array_axil/p_0_out__64 multiplier stage design_1_i/syst_array_axil_0/inst/u_syst_array_axil/p_0_out__64/P[47:0] is not pipelined (MREG=0). Pipelining the multiplier function will improve performance and will save significant power so it is suggested whenever possible to fully pipeline this function.  If this multiplier was inferred, it is suggested to describe an additional register stage after this function.  If there is no registered adder/accumulator following the multiply function, two pipeline stages are suggested to allow both the MREG and PREG registers to be used.  If the DSP48 was instantiated in the design, it is suggested to set both the MREG and PREG attributes to 1 when performing multiply functions.
Related violations: <none>

DPOP-2#137 Warning
MREG Output pipelining  
DSP design_1_i/syst_array_axil_0/inst/u_syst_array_axil/p_0_out__65 multiplier stage design_1_i/syst_array_axil_0/inst/u_syst_array_axil/p_0_out__65/P[47:0] is not pipelined (MREG=0). Pipelining the multiplier function will improve performance and will save significant power so it is suggested whenever possible to fully pipeline this function.  If this multiplier was inferred, it is suggested to describe an additional register stage after this function.  If there is no registered adder/accumulator following the multiply function, two pipeline stages are suggested to allow both the MREG and PREG registers to be used.  If the DSP48 was instantiated in the design, it is suggested to set both the MREG and PREG attributes to 1 when performing multiply functions.
Related violations: <none>

DPOP-2#138 Warning
MREG Output pipelining  
DSP design_1_i/syst_array_axil_0/inst/u_syst_array_axil/p_0_out__66 multiplier stage design_1_i/syst_array_axil_0/inst/u_syst_array_axil/p_0_out__66/P[47:0] is not pipelined (MREG=0). Pipelining the multiplier function will improve performance and will save significant power so it is suggested whenever possible to fully pipeline this function.  If this multiplier was inferred, it is suggested to describe an additional register stage after this function.  If there is no registered adder/accumulator following the multiply function, two pipeline stages are suggested to allow both the MREG and PREG registers to be used.  If the DSP48 was instantiated in the design, it is suggested to set both the MREG and PREG attributes to 1 when performing multiply functions.
Related violations: <none>

DPOP-2#139 Warning
MREG Output pipelining  
DSP design_1_i/syst_array_axil_0/inst/u_syst_array_axil/p_0_out__67 multiplier stage design_1_i/syst_array_axil_0/inst/u_syst_array_axil/p_0_out__67/P[47:0] is not pipelined (MREG=0). Pipelining the multiplier function will improve performance and will save significant power so it is suggested whenever possible to fully pipeline this function.  If this multiplier was inferred, it is suggested to describe an additional register stage after this function.  If there is no registered adder/accumulator following the multiply function, two pipeline stages are suggested to allow both the MREG and PREG registers to be used.  If the DSP48 was instantiated in the design, it is suggested to set both the MREG and PREG attributes to 1 when performing multiply functions.
Related violations: <none>

DPOP-2#140 Warning
MREG Output pipelining  
DSP design_1_i/syst_array_axil_0/inst/u_syst_array_axil/p_0_out__68 multiplier stage design_1_i/syst_array_axil_0/inst/u_syst_array_axil/p_0_out__68/P[47:0] is not pipelined (MREG=0). Pipelining the multiplier function will improve performance and will save significant power so it is suggested whenever possible to fully pipeline this function.  If this multiplier was inferred, it is suggested to describe an additional register stage after this function.  If there is no registered adder/accumulator following the multiply function, two pipeline stages are suggested to allow both the MREG and PREG registers to be used.  If the DSP48 was instantiated in the design, it is suggested to set both the MREG and PREG attributes to 1 when performing multiply functions.
Related violations: <none>

DPOP-2#141 Warning
MREG Output pipelining  
DSP design_1_i/syst_array_axil_0/inst/u_syst_array_axil/p_0_out__69 multiplier stage design_1_i/syst_array_axil_0/inst/u_syst_array_axil/p_0_out__69/P[47:0] is not pipelined (MREG=0). Pipelining the multiplier function will improve performance and will save significant power so it is suggested whenever possible to fully pipeline this function.  If this multiplier was inferred, it is suggested to describe an additional register stage after this function.  If there is no registered adder/accumulator following the multiply function, two pipeline stages are suggested to allow both the MREG and PREG registers to be used.  If the DSP48 was instantiated in the design, it is suggested to set both the MREG and PREG attributes to 1 when performing multiply functions.
Related violations: <none>

DPOP-2#142 Warning
MREG Output pipelining  
DSP design_1_i/syst_array_axil_0/inst/u_syst_array_axil/p_0_out__7 multiplier stage design_1_i/syst_array_axil_0/inst/u_syst_array_axil/p_0_out__7/P[47:0] is not pipelined (MREG=0). Pipelining the multiplier function will improve performance and will save significant power so it is suggested whenever possible to fully pipeline this function.  If this multiplier was inferred, it is suggested to describe an additional register stage after this function.  If there is no registered adder/accumulator following the multiply function, two pipeline stages are suggested to allow both the MREG and PREG registers to be used.  If the DSP48 was instantiated in the design, it is suggested to set both the MREG and PREG attributes to 1 when performing multiply functions.
Related violations: <none>

DPOP-2#143 Warning
MREG Output pipelining  
DSP design_1_i/syst_array_axil_0/inst/u_syst_array_axil/p_0_out__70 multiplier stage design_1_i/syst_array_axil_0/inst/u_syst_array_axil/p_0_out__70/P[47:0] is not pipelined (MREG=0). Pipelining the multiplier function will improve performance and will save significant power so it is suggested whenever possible to fully pipeline this function.  If this multiplier was inferred, it is suggested to describe an additional register stage after this function.  If there is no registered adder/accumulator following the multiply function, two pipeline stages are suggested to allow both the MREG and PREG registers to be used.  If the DSP48 was instantiated in the design, it is suggested to set both the MREG and PREG attributes to 1 when performing multiply functions.
Related violations: <none>

DPOP-2#144 Warning
MREG Output pipelining  
DSP design_1_i/syst_array_axil_0/inst/u_syst_array_axil/p_0_out__71 multiplier stage design_1_i/syst_array_axil_0/inst/u_syst_array_axil/p_0_out__71/P[47:0] is not pipelined (MREG=0). Pipelining the multiplier function will improve performance and will save significant power so it is suggested whenever possible to fully pipeline this function.  If this multiplier was inferred, it is suggested to describe an additional register stage after this function.  If there is no registered adder/accumulator following the multiply function, two pipeline stages are suggested to allow both the MREG and PREG registers to be used.  If the DSP48 was instantiated in the design, it is suggested to set both the MREG and PREG attributes to 1 when performing multiply functions.
Related violations: <none>

DPOP-2#145 Warning
MREG Output pipelining  
DSP design_1_i/syst_array_axil_0/inst/u_syst_array_axil/p_0_out__72 multiplier stage design_1_i/syst_array_axil_0/inst/u_syst_array_axil/p_0_out__72/P[47:0] is not pipelined (MREG=0). Pipelining the multiplier function will improve performance and will save significant power so it is suggested whenever possible to fully pipeline this function.  If this multiplier was inferred, it is suggested to describe an additional register stage after this function.  If there is no registered adder/accumulator following the multiply function, two pipeline stages are suggested to allow both the MREG and PREG registers to be used.  If the DSP48 was instantiated in the design, it is suggested to set both the MREG and PREG attributes to 1 when performing multiply functions.
Related violations: <none>

DPOP-2#146 Warning
MREG Output pipelining  
DSP design_1_i/syst_array_axil_0/inst/u_syst_array_axil/p_0_out__73 multiplier stage design_1_i/syst_array_axil_0/inst/u_syst_array_axil/p_0_out__73/P[47:0] is not pipelined (MREG=0). Pipelining the multiplier function will improve performance and will save significant power so it is suggested whenever possible to fully pipeline this function.  If this multiplier was inferred, it is suggested to describe an additional register stage after this function.  If there is no registered adder/accumulator following the multiply function, two pipeline stages are suggested to allow both the MREG and PREG registers to be used.  If the DSP48 was instantiated in the design, it is suggested to set both the MREG and PREG attributes to 1 when performing multiply functions.
Related violations: <none>

DPOP-2#147 Warning
MREG Output pipelining  
DSP design_1_i/syst_array_axil_0/inst/u_syst_array_axil/p_0_out__74 multiplier stage design_1_i/syst_array_axil_0/inst/u_syst_array_axil/p_0_out__74/P[47:0] is not pipelined (MREG=0). Pipelining the multiplier function will improve performance and will save significant power so it is suggested whenever possible to fully pipeline this function.  If this multiplier was inferred, it is suggested to describe an additional register stage after this function.  If there is no registered adder/accumulator following the multiply function, two pipeline stages are suggested to allow both the MREG and PREG registers to be used.  If the DSP48 was instantiated in the design, it is suggested to set both the MREG and PREG attributes to 1 when performing multiply functions.
Related violations: <none>

DPOP-2#148 Warning
MREG Output pipelining  
DSP design_1_i/syst_array_axil_0/inst/u_syst_array_axil/p_0_out__75 multiplier stage design_1_i/syst_array_axil_0/inst/u_syst_array_axil/p_0_out__75/P[47:0] is not pipelined (MREG=0). Pipelining the multiplier function will improve performance and will save significant power so it is suggested whenever possible to fully pipeline this function.  If this multiplier was inferred, it is suggested to describe an additional register stage after this function.  If there is no registered adder/accumulator following the multiply function, two pipeline stages are suggested to allow both the MREG and PREG registers to be used.  If the DSP48 was instantiated in the design, it is suggested to set both the MREG and PREG attributes to 1 when performing multiply functions.
Related violations: <none>

DPOP-2#149 Warning
MREG Output pipelining  
DSP design_1_i/syst_array_axil_0/inst/u_syst_array_axil/p_0_out__76 multiplier stage design_1_i/syst_array_axil_0/inst/u_syst_array_axil/p_0_out__76/P[47:0] is not pipelined (MREG=0). Pipelining the multiplier function will improve performance and will save significant power so it is suggested whenever possible to fully pipeline this function.  If this multiplier was inferred, it is suggested to describe an additional register stage after this function.  If there is no registered adder/accumulator following the multiply function, two pipeline stages are suggested to allow both the MREG and PREG registers to be used.  If the DSP48 was instantiated in the design, it is suggested to set both the MREG and PREG attributes to 1 when performing multiply functions.
Related violations: <none>

DPOP-2#150 Warning
MREG Output pipelining  
DSP design_1_i/syst_array_axil_0/inst/u_syst_array_axil/p_0_out__77 multiplier stage design_1_i/syst_array_axil_0/inst/u_syst_array_axil/p_0_out__77/P[47:0] is not pipelined (MREG=0). Pipelining the multiplier function will improve performance and will save significant power so it is suggested whenever possible to fully pipeline this function.  If this multiplier was inferred, it is suggested to describe an additional register stage after this function.  If there is no registered adder/accumulator following the multiply function, two pipeline stages are suggested to allow both the MREG and PREG registers to be used.  If the DSP48 was instantiated in the design, it is suggested to set both the MREG and PREG attributes to 1 when performing multiply functions.
Related violations: <none>

DPOP-2#151 Warning
MREG Output pipelining  
DSP design_1_i/syst_array_axil_0/inst/u_syst_array_axil/p_0_out__78 multiplier stage design_1_i/syst_array_axil_0/inst/u_syst_array_axil/p_0_out__78/P[47:0] is not pipelined (MREG=0). Pipelining the multiplier function will improve performance and will save significant power so it is suggested whenever possible to fully pipeline this function.  If this multiplier was inferred, it is suggested to describe an additional register stage after this function.  If there is no registered adder/accumulator following the multiply function, two pipeline stages are suggested to allow both the MREG and PREG registers to be used.  If the DSP48 was instantiated in the design, it is suggested to set both the MREG and PREG attributes to 1 when performing multiply functions.
Related violations: <none>

DPOP-2#152 Warning
MREG Output pipelining  
DSP design_1_i/syst_array_axil_0/inst/u_syst_array_axil/p_0_out__79 multiplier stage design_1_i/syst_array_axil_0/inst/u_syst_array_axil/p_0_out__79/P[47:0] is not pipelined (MREG=0). Pipelining the multiplier function will improve performance and will save significant power so it is suggested whenever possible to fully pipeline this function.  If this multiplier was inferred, it is suggested to describe an additional register stage after this function.  If there is no registered adder/accumulator following the multiply function, two pipeline stages are suggested to allow both the MREG and PREG registers to be used.  If the DSP48 was instantiated in the design, it is suggested to set both the MREG and PREG attributes to 1 when performing multiply functions.
Related violations: <none>

DPOP-2#153 Warning
MREG Output pipelining  
DSP design_1_i/syst_array_axil_0/inst/u_syst_array_axil/p_0_out__8 multiplier stage design_1_i/syst_array_axil_0/inst/u_syst_array_axil/p_0_out__8/P[47:0] is not pipelined (MREG=0). Pipelining the multiplier function will improve performance and will save significant power so it is suggested whenever possible to fully pipeline this function.  If this multiplier was inferred, it is suggested to describe an additional register stage after this function.  If there is no registered adder/accumulator following the multiply function, two pipeline stages are suggested to allow both the MREG and PREG registers to be used.  If the DSP48 was instantiated in the design, it is suggested to set both the MREG and PREG attributes to 1 when performing multiply functions.
Related violations: <none>

DPOP-2#154 Warning
MREG Output pipelining  
DSP design_1_i/syst_array_axil_0/inst/u_syst_array_axil/p_0_out__80 multiplier stage design_1_i/syst_array_axil_0/inst/u_syst_array_axil/p_0_out__80/P[47:0] is not pipelined (MREG=0). Pipelining the multiplier function will improve performance and will save significant power so it is suggested whenever possible to fully pipeline this function.  If this multiplier was inferred, it is suggested to describe an additional register stage after this function.  If there is no registered adder/accumulator following the multiply function, two pipeline stages are suggested to allow both the MREG and PREG registers to be used.  If the DSP48 was instantiated in the design, it is suggested to set both the MREG and PREG attributes to 1 when performing multiply functions.
Related violations: <none>

DPOP-2#155 Warning
MREG Output pipelining  
DSP design_1_i/syst_array_axil_0/inst/u_syst_array_axil/p_0_out__81 multiplier stage design_1_i/syst_array_axil_0/inst/u_syst_array_axil/p_0_out__81/P[47:0] is not pipelined (MREG=0). Pipelining the multiplier function will improve performance and will save significant power so it is suggested whenever possible to fully pipeline this function.  If this multiplier was inferred, it is suggested to describe an additional register stage after this function.  If there is no registered adder/accumulator following the multiply function, two pipeline stages are suggested to allow both the MREG and PREG registers to be used.  If the DSP48 was instantiated in the design, it is suggested to set both the MREG and PREG attributes to 1 when performing multiply functions.
Related violations: <none>

DPOP-2#156 Warning
MREG Output pipelining  
DSP design_1_i/syst_array_axil_0/inst/u_syst_array_axil/p_0_out__82 multiplier stage design_1_i/syst_array_axil_0/inst/u_syst_array_axil/p_0_out__82/P[47:0] is not pipelined (MREG=0). Pipelining the multiplier function will improve performance and will save significant power so it is suggested whenever possible to fully pipeline this function.  If this multiplier was inferred, it is suggested to describe an additional register stage after this function.  If there is no registered adder/accumulator following the multiply function, two pipeline stages are suggested to allow both the MREG and PREG registers to be used.  If the DSP48 was instantiated in the design, it is suggested to set both the MREG and PREG attributes to 1 when performing multiply functions.
Related violations: <none>

DPOP-2#157 Warning
MREG Output pipelining  
DSP design_1_i/syst_array_axil_0/inst/u_syst_array_axil/p_0_out__83 multiplier stage design_1_i/syst_array_axil_0/inst/u_syst_array_axil/p_0_out__83/P[47:0] is not pipelined (MREG=0). Pipelining the multiplier function will improve performance and will save significant power so it is suggested whenever possible to fully pipeline this function.  If this multiplier was inferred, it is suggested to describe an additional register stage after this function.  If there is no registered adder/accumulator following the multiply function, two pipeline stages are suggested to allow both the MREG and PREG registers to be used.  If the DSP48 was instantiated in the design, it is suggested to set both the MREG and PREG attributes to 1 when performing multiply functions.
Related violations: <none>

DPOP-2#158 Warning
MREG Output pipelining  
DSP design_1_i/syst_array_axil_0/inst/u_syst_array_axil/p_0_out__84 multiplier stage design_1_i/syst_array_axil_0/inst/u_syst_array_axil/p_0_out__84/P[47:0] is not pipelined (MREG=0). Pipelining the multiplier function will improve performance and will save significant power so it is suggested whenever possible to fully pipeline this function.  If this multiplier was inferred, it is suggested to describe an additional register stage after this function.  If there is no registered adder/accumulator following the multiply function, two pipeline stages are suggested to allow both the MREG and PREG registers to be used.  If the DSP48 was instantiated in the design, it is suggested to set both the MREG and PREG attributes to 1 when performing multiply functions.
Related violations: <none>

DPOP-2#159 Warning
MREG Output pipelining  
DSP design_1_i/syst_array_axil_0/inst/u_syst_array_axil/p_0_out__85 multiplier stage design_1_i/syst_array_axil_0/inst/u_syst_array_axil/p_0_out__85/P[47:0] is not pipelined (MREG=0). Pipelining the multiplier function will improve performance and will save significant power so it is suggested whenever possible to fully pipeline this function.  If this multiplier was inferred, it is suggested to describe an additional register stage after this function.  If there is no registered adder/accumulator following the multiply function, two pipeline stages are suggested to allow both the MREG and PREG registers to be used.  If the DSP48 was instantiated in the design, it is suggested to set both the MREG and PREG attributes to 1 when performing multiply functions.
Related violations: <none>

DPOP-2#160 Warning
MREG Output pipelining  
DSP design_1_i/syst_array_axil_0/inst/u_syst_array_axil/p_0_out__86 multiplier stage design_1_i/syst_array_axil_0/inst/u_syst_array_axil/p_0_out__86/P[47:0] is not pipelined (MREG=0). Pipelining the multiplier function will improve performance and will save significant power so it is suggested whenever possible to fully pipeline this function.  If this multiplier was inferred, it is suggested to describe an additional register stage after this function.  If there is no registered adder/accumulator following the multiply function, two pipeline stages are suggested to allow both the MREG and PREG registers to be used.  If the DSP48 was instantiated in the design, it is suggested to set both the MREG and PREG attributes to 1 when performing multiply functions.
Related violations: <none>

DPOP-2#161 Warning
MREG Output pipelining  
DSP design_1_i/syst_array_axil_0/inst/u_syst_array_axil/p_0_out__87 multiplier stage design_1_i/syst_array_axil_0/inst/u_syst_array_axil/p_0_out__87/P[47:0] is not pipelined (MREG=0). Pipelining the multiplier function will improve performance and will save significant power so it is suggested whenever possible to fully pipeline this function.  If this multiplier was inferred, it is suggested to describe an additional register stage after this function.  If there is no registered adder/accumulator following the multiply function, two pipeline stages are suggested to allow both the MREG and PREG registers to be used.  If the DSP48 was instantiated in the design, it is suggested to set both the MREG and PREG attributes to 1 when performing multiply functions.
Related violations: <none>

DPOP-2#162 Warning
MREG Output pipelining  
DSP design_1_i/syst_array_axil_0/inst/u_syst_array_axil/p_0_out__88 multiplier stage design_1_i/syst_array_axil_0/inst/u_syst_array_axil/p_0_out__88/P[47:0] is not pipelined (MREG=0). Pipelining the multiplier function will improve performance and will save significant power so it is suggested whenever possible to fully pipeline this function.  If this multiplier was inferred, it is suggested to describe an additional register stage after this function.  If there is no registered adder/accumulator following the multiply function, two pipeline stages are suggested to allow both the MREG and PREG registers to be used.  If the DSP48 was instantiated in the design, it is suggested to set both the MREG and PREG attributes to 1 when performing multiply functions.
Related violations: <none>

DPOP-2#163 Warning
MREG Output pipelining  
DSP design_1_i/syst_array_axil_0/inst/u_syst_array_axil/p_0_out__89 multiplier stage design_1_i/syst_array_axil_0/inst/u_syst_array_axil/p_0_out__89/P[47:0] is not pipelined (MREG=0). Pipelining the multiplier function will improve performance and will save significant power so it is suggested whenever possible to fully pipeline this function.  If this multiplier was inferred, it is suggested to describe an additional register stage after this function.  If there is no registered adder/accumulator following the multiply function, two pipeline stages are suggested to allow both the MREG and PREG registers to be used.  If the DSP48 was instantiated in the design, it is suggested to set both the MREG and PREG attributes to 1 when performing multiply functions.
Related violations: <none>

DPOP-2#164 Warning
MREG Output pipelining  
DSP design_1_i/syst_array_axil_0/inst/u_syst_array_axil/p_0_out__9 multiplier stage design_1_i/syst_array_axil_0/inst/u_syst_array_axil/p_0_out__9/P[47:0] is not pipelined (MREG=0). Pipelining the multiplier function will improve performance and will save significant power so it is suggested whenever possible to fully pipeline this function.  If this multiplier was inferred, it is suggested to describe an additional register stage after this function.  If there is no registered adder/accumulator following the multiply function, two pipeline stages are suggested to allow both the MREG and PREG registers to be used.  If the DSP48 was instantiated in the design, it is suggested to set both the MREG and PREG attributes to 1 when performing multiply functions.
Related violations: <none>

DPOP-2#165 Warning
MREG Output pipelining  
DSP design_1_i/syst_array_axil_0/inst/u_syst_array_axil/p_0_out__90 multiplier stage design_1_i/syst_array_axil_0/inst/u_syst_array_axil/p_0_out__90/P[47:0] is not pipelined (MREG=0). Pipelining the multiplier function will improve performance and will save significant power so it is suggested whenever possible to fully pipeline this function.  If this multiplier was inferred, it is suggested to describe an additional register stage after this function.  If there is no registered adder/accumulator following the multiply function, two pipeline stages are suggested to allow both the MREG and PREG registers to be used.  If the DSP48 was instantiated in the design, it is suggested to set both the MREG and PREG attributes to 1 when performing multiply functions.
Related violations: <none>

DPOP-2#166 Warning
MREG Output pipelining  
DSP design_1_i/syst_array_axil_0/inst/u_syst_array_axil/p_0_out__91 multiplier stage design_1_i/syst_array_axil_0/inst/u_syst_array_axil/p_0_out__91/P[47:0] is not pipelined (MREG=0). Pipelining the multiplier function will improve performance and will save significant power so it is suggested whenever possible to fully pipeline this function.  If this multiplier was inferred, it is suggested to describe an additional register stage after this function.  If there is no registered adder/accumulator following the multiply function, two pipeline stages are suggested to allow both the MREG and PREG registers to be used.  If the DSP48 was instantiated in the design, it is suggested to set both the MREG and PREG attributes to 1 when performing multiply functions.
Related violations: <none>

DPOP-2#167 Warning
MREG Output pipelining  
DSP design_1_i/syst_array_axil_0/inst/u_syst_array_axil/p_0_out__92 multiplier stage design_1_i/syst_array_axil_0/inst/u_syst_array_axil/p_0_out__92/P[47:0] is not pipelined (MREG=0). Pipelining the multiplier function will improve performance and will save significant power so it is suggested whenever possible to fully pipeline this function.  If this multiplier was inferred, it is suggested to describe an additional register stage after this function.  If there is no registered adder/accumulator following the multiply function, two pipeline stages are suggested to allow both the MREG and PREG registers to be used.  If the DSP48 was instantiated in the design, it is suggested to set both the MREG and PREG attributes to 1 when performing multiply functions.
Related violations: <none>

DPOP-2#168 Warning
MREG Output pipelining  
DSP design_1_i/syst_array_axil_0/inst/u_syst_array_axil/p_0_out__93 multiplier stage design_1_i/syst_array_axil_0/inst/u_syst_array_axil/p_0_out__93/P[47:0] is not pipelined (MREG=0). Pipelining the multiplier function will improve performance and will save significant power so it is suggested whenever possible to fully pipeline this function.  If this multiplier was inferred, it is suggested to describe an additional register stage after this function.  If there is no registered adder/accumulator following the multiply function, two pipeline stages are suggested to allow both the MREG and PREG registers to be used.  If the DSP48 was instantiated in the design, it is suggested to set both the MREG and PREG attributes to 1 when performing multiply functions.
Related violations: <none>

DPOP-2#169 Warning
MREG Output pipelining  
DSP design_1_i/syst_array_axil_0/inst/u_syst_array_axil/p_0_out__94 multiplier stage design_1_i/syst_array_axil_0/inst/u_syst_array_axil/p_0_out__94/P[47:0] is not pipelined (MREG=0). Pipelining the multiplier function will improve performance and will save significant power so it is suggested whenever possible to fully pipeline this function.  If this multiplier was inferred, it is suggested to describe an additional register stage after this function.  If there is no registered adder/accumulator following the multiply function, two pipeline stages are suggested to allow both the MREG and PREG registers to be used.  If the DSP48 was instantiated in the design, it is suggested to set both the MREG and PREG attributes to 1 when performing multiply functions.
Related violations: <none>

DPOP-2#170 Warning
MREG Output pipelining  
DSP design_1_i/syst_array_axil_0/inst/u_syst_array_axil/p_0_out__95 multiplier stage design_1_i/syst_array_axil_0/inst/u_syst_array_axil/p_0_out__95/P[47:0] is not pipelined (MREG=0). Pipelining the multiplier function will improve performance and will save significant power so it is suggested whenever possible to fully pipeline this function.  If this multiplier was inferred, it is suggested to describe an additional register stage after this function.  If there is no registered adder/accumulator following the multiply function, two pipeline stages are suggested to allow both the MREG and PREG registers to be used.  If the DSP48 was instantiated in the design, it is suggested to set both the MREG and PREG attributes to 1 when performing multiply functions.
Related violations: <none>

DPOP-2#171 Warning
MREG Output pipelining  
DSP design_1_i/syst_array_axil_0/inst/u_syst_array_axil/p_0_out__96 multiplier stage design_1_i/syst_array_axil_0/inst/u_syst_array_axil/p_0_out__96/P[47:0] is not pipelined (MREG=0). Pipelining the multiplier function will improve performance and will save significant power so it is suggested whenever possible to fully pipeline this function.  If this multiplier was inferred, it is suggested to describe an additional register stage after this function.  If there is no registered adder/accumulator following the multiply function, two pipeline stages are suggested to allow both the MREG and PREG registers to be used.  If the DSP48 was instantiated in the design, it is suggested to set both the MREG and PREG attributes to 1 when performing multiply functions.
Related violations: <none>

DPOP-2#172 Warning
MREG Output pipelining  
DSP design_1_i/syst_array_axil_0/inst/u_syst_array_axil/p_0_out__97 multiplier stage design_1_i/syst_array_axil_0/inst/u_syst_array_axil/p_0_out__97/P[47:0] is not pipelined (MREG=0). Pipelining the multiplier function will improve performance and will save significant power so it is suggested whenever possible to fully pipeline this function.  If this multiplier was inferred, it is suggested to describe an additional register stage after this function.  If there is no registered adder/accumulator following the multiply function, two pipeline stages are suggested to allow both the MREG and PREG registers to be used.  If the DSP48 was instantiated in the design, it is suggested to set both the MREG and PREG attributes to 1 when performing multiply functions.
Related violations: <none>

DPOP-2#173 Warning
MREG Output pipelining  
DSP design_1_i/syst_array_axil_0/inst/u_syst_array_axil/p_0_out__98 multiplier stage design_1_i/syst_array_axil_0/inst/u_syst_array_axil/p_0_out__98/P[47:0] is not pipelined (MREG=0). Pipelining the multiplier function will improve performance and will save significant power so it is suggested whenever possible to fully pipeline this function.  If this multiplier was inferred, it is suggested to describe an additional register stage after this function.  If there is no registered adder/accumulator following the multiply function, two pipeline stages are suggested to allow both the MREG and PREG registers to be used.  If the DSP48 was instantiated in the design, it is suggested to set both the MREG and PREG attributes to 1 when performing multiply functions.
Related violations: <none>

DPOP-2#174 Warning
MREG Output pipelining  
DSP design_1_i/syst_array_axil_0/inst/u_syst_array_axil/p_0_out__99 multiplier stage design_1_i/syst_array_axil_0/inst/u_syst_array_axil/p_0_out__99/P[47:0] is not pipelined (MREG=0). Pipelining the multiplier function will improve performance and will save significant power so it is suggested whenever possible to fully pipeline this function.  If this multiplier was inferred, it is suggested to describe an additional register stage after this function.  If there is no registered adder/accumulator following the multiply function, two pipeline stages are suggested to allow both the MREG and PREG registers to be used.  If the DSP48 was instantiated in the design, it is suggested to set both the MREG and PREG attributes to 1 when performing multiply functions.
Related violations: <none>


