Copyright 1986-2022 Xilinx, Inc. All Rights Reserved. Copyright 2022-2025 Advanced Micro Devices, Inc. All Rights Reserved.
------------------------------------------------------------------------------------------------------------------------------------------------------------------------------------------------------------------------------------------------------------
| Tool Version : Vivado v.2025.1 (lin64) Build 6140274 Wed May 21 22:58:25 MDT 2025
| Date         : Fri May 15 21:01:39 2026
| Host         : ilya-B550-GAMING-X-V2 running 64-bit Ubuntu 22.04.5 LTS
| Command      : report_timing_summary -max_paths 10 -routable_nets -report_unconstrained -file design_1_wrapper_timing_summary_routed.rpt -pb design_1_wrapper_timing_summary_routed.pb -rpx design_1_wrapper_timing_summary_routed.rpx -warn_on_violation
| Design       : design_1_wrapper
| Device       : 7z020-clg400
| Speed File   : -2  PRODUCTION 1.12 2019-11-22
| Design State : Routed
------------------------------------------------------------------------------------------------------------------------------------------------------------------------------------------------------------------------------------------------------------

Timing Summary Report

------------------------------------------------------------------------------------------------
| Timer Settings
| --------------
------------------------------------------------------------------------------------------------

  Enable Multi Corner Analysis               :  Yes
  Enable Pessimism Removal                   :  Yes
  Pessimism Removal Resolution               :  Nearest Common Node
  Enable Input Delay Default Clock           :  No
  Enable Preset / Clear Arcs                 :  No
  Disable Flight Delays                      :  No
  Ignore I/O Paths                           :  No
  Timing Early Launch at Borrowing Latches   :  No
  Borrow Time for Max Delay Exceptions       :  Yes
  Merge Timing Exceptions                    :  Yes
  Inter-SLR Compensation                     :  Conservative

  Corner  Analyze    Analyze    
  Name    Max Paths  Min Paths  
  ------  ---------  ---------  
  Slow    Yes        Yes        
  Fast    Yes        Yes        


------------------------------------------------------------------------------------------------
| Report Methodology
| ------------------
------------------------------------------------------------------------------------------------

Rule    Severity  Description                Violations  
------  --------  -------------------------  ----------  
DPIR-1  Warning   Asynchronous driver check  7456        

Note: This report is based on the most recent report_methodology run and may not be up-to-date. Run report_methodology on the current design for the latest report.



check_timing report

Table of Contents
-----------------
1. checking no_clock (0)
2. checking constant_clock (0)
3. checking pulse_width_clock (0)
4. checking unconstrained_internal_endpoints (0)
5. checking no_input_delay (0)
6. checking no_output_delay (0)
7. checking multiple_clock (0)
8. checking generated_clocks (0)
9. checking loops (0)
10. checking partial_input_delay (0)
11. checking partial_output_delay (0)
12. checking latch_loops (0)

1. checking no_clock (0)
------------------------
 There are 0 register/latch pins with no clock.


2. checking constant_clock (0)
------------------------------
 There are 0 register/latch pins with constant_clock.


3. checking pulse_width_clock (0)
---------------------------------
 There are 0 register/latch pins which need pulse_width check


4. checking unconstrained_internal_endpoints (0)
------------------------------------------------
 There are 0 pins that are not constrained for maximum delay.

 There are 0 pins that are not constrained for maximum delay due to constant clock.


5. checking no_input_delay (0)
------------------------------
 There are 0 input ports with no input delay specified.

 There are 0 input ports with no input delay but user has a false path constraint.


6. checking no_output_delay (0)
-------------------------------
 There are 0 ports with no output delay specified.

 There are 0 ports with no output delay but user has a false path constraint

 There are 0 ports with no output delay but with a timing clock defined on it or propagating through it


7. checking multiple_clock (0)
------------------------------
 There are 0 register/latch pins with multiple clocks.


8. checking generated_clocks (0)
--------------------------------
 There are 0 generated clocks that are not connected to a clock source.


9. checking loops (0)
---------------------
 There are 0 combinational loops in the design.


10. checking partial_input_delay (0)
------------------------------------
 There are 0 input ports with partial input delay specified.


11. checking partial_output_delay (0)
-------------------------------------
 There are 0 ports with partial output delay specified.


12. checking latch_loops (0)
----------------------------
 There are 0 combinational latch loops in the design through latch input



------------------------------------------------------------------------------------------------
| Design Timing Summary
| ---------------------
------------------------------------------------------------------------------------------------

    WNS(ns)      TNS(ns)  TNS Failing Endpoints  TNS Total Endpoints      WHS(ns)      THS(ns)  THS Failing Endpoints  THS Total Endpoints     WPWS(ns)     TPWS(ns)  TPWS Failing Endpoints  TPWS Total Endpoints  
    -------      -------  ---------------------  -------------------      -------      -------  ---------------------  -------------------     --------     --------  ----------------------  --------------------  
      3.974        0.000                      0                 6145        0.044        0.000                      0                 6145        9.146        0.000                       0                  2232  


All user specified timing constraints are met.


------------------------------------------------------------------------------------------------
| Clock Summary
| -------------
------------------------------------------------------------------------------------------------

Clock       Waveform(ns)       Period(ns)      Frequency(MHz)
-----       ------------       ----------      --------------
clk_fpga_0  {0.000 10.000}     20.000          50.000          


------------------------------------------------------------------------------------------------
| Intra Clock Table
| -----------------
------------------------------------------------------------------------------------------------

Clock             WNS(ns)      TNS(ns)  TNS Failing Endpoints  TNS Total Endpoints      WHS(ns)      THS(ns)  THS Failing Endpoints  THS Total Endpoints     WPWS(ns)     TPWS(ns)  TPWS Failing Endpoints  TPWS Total Endpoints  
-----             -------      -------  ---------------------  -------------------      -------      -------  ---------------------  -------------------     --------     --------  ----------------------  --------------------  
clk_fpga_0          3.974        0.000                      0                 4438        0.044        0.000                      0                 4438        9.146        0.000                       0                  2232  


------------------------------------------------------------------------------------------------
| Inter Clock Table
| -----------------
------------------------------------------------------------------------------------------------

From Clock    To Clock          WNS(ns)      TNS(ns)  TNS Failing Endpoints  TNS Total Endpoints      WHS(ns)      THS(ns)  THS Failing Endpoints  THS Total Endpoints  
----------    --------          -------      -------  ---------------------  -------------------      -------      -------  ---------------------  -------------------  


------------------------------------------------------------------------------------------------
| Other Path Groups Table
| -----------------------
------------------------------------------------------------------------------------------------

Path Group         From Clock         To Clock               WNS(ns)      TNS(ns)  TNS Failing Endpoints  TNS Total Endpoints      WHS(ns)      THS(ns)  THS Failing Endpoints  THS Total Endpoints  
----------         ----------         --------               -------      -------  ---------------------  -------------------      -------      -------  ---------------------  -------------------  
**async_default**  clk_fpga_0         clk_fpga_0               5.435        0.000                      0                 1707        0.538        0.000                      0                 1707  


------------------------------------------------------------------------------------------------
| User Ignored Path Table
| -----------------------
------------------------------------------------------------------------------------------------

Path Group    From Clock    To Clock    
----------    ----------    --------    
(none)                      clk_fpga_0    


------------------------------------------------------------------------------------------------
| Unconstrained Path Table
| ------------------------
------------------------------------------------------------------------------------------------

Path Group    From Clock    To Clock    
----------    ----------    --------    


------------------------------------------------------------------------------------------------
| Timing Details
| --------------
------------------------------------------------------------------------------------------------


---------------------------------------------------------------------------------------------------
From Clock:  clk_fpga_0
  To Clock:  clk_fpga_0

Setup :            0  Failing Endpoints,  Worst Slack        3.974ns,  Total Violation        0.000ns
Hold  :            0  Failing Endpoints,  Worst Slack        0.044ns,  Total Violation        0.000ns
PW    :            0  Failing Endpoints,  Worst Slack        9.146ns,  Total Violation        0.000ns
---------------------------------------------------------------------------------------------------


Max Delay Paths
--------------------------------------------------------------------------------------
Slack (MET) :             3.974ns  (required time - arrival time)
  Source:                 design_1_i/syst_array_axil_0/inst/u_syst_array_axil/b_reg_reg[13][6]/C
                            (rising edge-triggered cell FDCE clocked by clk_fpga_0  {rise@0.000ns fall@10.000ns period=20.000ns})
  Destination:            design_1_i/syst_array_axil_0/inst/u_syst_array_axil/c_reg_reg[13][29]/D
                            (rising edge-triggered cell FDCE clocked by clk_fpga_0  {rise@0.000ns fall@10.000ns period=20.000ns})
  Path Group:             clk_fpga_0
  Path Type:              Setup (Max at Slow Process Corner)
  Requirement:            20.000ns  (clk_fpga_0 rise@20.000ns - clk_fpga_0 rise@0.000ns)
  Data Path Delay:        15.711ns  (logic 6.930ns (44.108%)  route 8.781ns (55.892%))
  Logic Levels:           10  (CARRY4=4 DSP48E1=2 LUT2=1 LUT3=1 LUT5=1 LUT6=1)
  Clock Path Skew:        -0.071ns (DCD - SCD + CPR)
    Destination Clock Delay (DCD):    2.287ns = ( 22.287 - 20.000 ) 
    Source Clock Delay      (SCD):    2.455ns
    Clock Pessimism Removal (CPR):    0.097ns
  Clock Uncertainty:      0.302ns  ((TSJ^2 + TIJ^2)^1/2 + DJ) / 2 + PE
    Total System Jitter     (TSJ):    0.071ns
    Total Input Jitter      (TIJ):    0.600ns
    Discrete Jitter          (DJ):    0.000ns
    Phase Error              (PE):    0.000ns

    Location             Delay type                Incr(ns)  Path(ns)    Netlist Resource(s)
  -------------------------------------------------------------------    -------------------
                         (clock clk_fpga_0 rise edge)
                                                      0.000     0.000 r  
    PS7_X0Y0             PS7                          0.000     0.000 r  design_1_i/processing_system7_0/inst/PS7_i/FCLKCLK[0]
                         net (fo=1, routed)           0.994     0.994    design_1_i/processing_system7_0/inst/FCLK_CLK_unbuffered[0]
    BUFGCTRL_X0Y16       BUFG (Prop_bufg_I_O)         0.085     1.079 r  design_1_i/processing_system7_0/inst/buffer_fclk_clk_0.FCLK_CLK_0_BUFG/O
                         net (fo=2232, routed)        1.376     2.455    design_1_i/syst_array_axil_0/inst/u_syst_array_axil/clk
    SLICE_X36Y78         FDCE                                         r  design_1_i/syst_array_axil_0/inst/u_syst_array_axil/b_reg_reg[13][6]/C
  -------------------------------------------------------------------    -------------------
    SLICE_X36Y78         FDCE (Prop_fdce_C_Q)         0.433     2.888 r  design_1_i/syst_array_axil_0/inst/u_syst_array_axil/b_reg_reg[13][6]/Q
                         net (fo=26, routed)          3.958     6.846    design_1_i/syst_array_axil_0/inst/u_syst_array_axil/b_reg_reg_n_0_[13][6]
    DSP48_X0Y8           DSP48E1 (Prop_dsp48e1_B[6]_PCOUT[47])
                                                      3.244    10.090 r  design_1_i/syst_array_axil_0/inst/u_syst_array_axil/p_0_out__149/PCOUT[47]
                         net (fo=1, routed)           0.002    10.092    design_1_i/syst_array_axil_0/inst/u_syst_array_axil/p_0_out__149_n_106
    DSP48_X0Y9           DSP48E1 (Prop_dsp48e1_PCIN[47]_P[3])
                                                      1.271    11.363 r  design_1_i/syst_array_axil_0/inst/u_syst_array_axil/p_0_out__150/P[3]
                         net (fo=2, routed)           2.768    14.132    design_1_i/syst_array_axil_0/inst/u_syst_array_axil/p_0_out__150_n_102
    SLICE_X59Y41         LUT2 (Prop_lut2_I0_O)        0.105    14.237 r  design_1_i/syst_array_axil_0/inst/u_syst_array_axil/c_reg[13][27]_i_21/O
                         net (fo=1, routed)           0.000    14.237    design_1_i/syst_array_axil_0/inst/u_syst_array_axil/c_reg[13][27]_i_21_n_0
    SLICE_X59Y41         CARRY4 (Prop_carry4_S[0]_CO[3])
                                                      0.440    14.677 r  design_1_i/syst_array_axil_0/inst/u_syst_array_axil/c_reg_reg[13][27]_i_13/CO[3]
                         net (fo=1, routed)           0.000    14.677    design_1_i/syst_array_axil_0/inst/u_syst_array_axil/c_reg_reg[13][27]_i_13_n_0
    SLICE_X59Y42         CARRY4 (Prop_carry4_CI_O[2])
                                                      0.200    14.877 r  design_1_i/syst_array_axil_0/inst/u_syst_array_axil/c_reg_reg[13][31]_i_15/O[2]
                         net (fo=3, routed)           0.546    15.423    design_1_i/syst_array_axil_0/inst/u_syst_array_axil/c_reg_reg[13][31]_i_15_n_5
    SLICE_X62Y42         LUT3 (Prop_lut3_I0_O)        0.253    15.676 r  design_1_i/syst_array_axil_0/inst/u_syst_array_axil/c_reg[13][27]_i_10/O
                         net (fo=2, routed)           1.040    16.716    design_1_i/syst_array_axil_0/inst/u_syst_array_axil/c_reg[13][27]_i_10_n_0
    SLICE_X62Y42         LUT5 (Prop_lut5_I1_O)        0.119    16.835 r  design_1_i/syst_array_axil_0/inst/u_syst_array_axil/c_reg[13][27]_i_2/O
                         net (fo=2, routed)           0.466    17.301    design_1_i/syst_array_axil_0/inst/u_syst_array_axil/c_reg[13][27]_i_2_n_0
    SLICE_X63Y42         LUT6 (Prop_lut6_I0_O)        0.268    17.569 r  design_1_i/syst_array_axil_0/inst/u_syst_array_axil/c_reg[13][27]_i_6/O
                         net (fo=1, routed)           0.000    17.569    design_1_i/syst_array_axil_0/inst/u_syst_array_axil/c_reg[13][27]_i_6_n_0
    SLICE_X63Y42         CARRY4 (Prop_carry4_S[3]_CO[3])
                                                      0.332    17.901 r  design_1_i/syst_array_axil_0/inst/u_syst_array_axil/c_reg_reg[13][27]_i_1/CO[3]
                         net (fo=1, routed)           0.000    17.901    design_1_i/syst_array_axil_0/inst/u_syst_array_axil/c_reg_reg[13][27]_i_1_n_0
    SLICE_X63Y43         CARRY4 (Prop_carry4_CI_O[1])
                                                      0.265    18.166 r  design_1_i/syst_array_axil_0/inst/u_syst_array_axil/c_reg_reg[13][31]_i_1/O[1]
                         net (fo=1, routed)           0.000    18.166    design_1_i/syst_array_axil_0/inst/u_syst_array_axil/c_reg_reg[13][31]_i_1_n_6
    SLICE_X63Y43         FDCE                                         r  design_1_i/syst_array_axil_0/inst/u_syst_array_axil/c_reg_reg[13][29]/D
  -------------------------------------------------------------------    -------------------

                         (clock clk_fpga_0 rise edge)
                                                     20.000    20.000 r  
    PS7_X0Y0             PS7                          0.000    20.000 r  design_1_i/processing_system7_0/inst/PS7_i/FCLKCLK[0]
                         net (fo=1, routed)           0.905    20.906    design_1_i/processing_system7_0/inst/FCLK_CLK_unbuffered[0]
    BUFGCTRL_X0Y16       BUFG (Prop_bufg_I_O)         0.077    20.983 r  design_1_i/processing_system7_0/inst/buffer_fclk_clk_0.FCLK_CLK_0_BUFG/O
                         net (fo=2232, routed)        1.305    22.287    design_1_i/syst_array_axil_0/inst/u_syst_array_axil/clk
    SLICE_X63Y43         FDCE                                         r  design_1_i/syst_array_axil_0/inst/u_syst_array_axil/c_reg_reg[13][29]/C
                         clock pessimism              0.097    22.384    
                         clock uncertainty           -0.302    22.082    
    SLICE_X63Y43         FDCE (Setup_fdce_C_D)        0.059    22.141    design_1_i/syst_array_axil_0/inst/u_syst_array_axil/c_reg_reg[13][29]
  -------------------------------------------------------------------
                         required time                         22.141    
                         arrival time                         -18.166    
  -------------------------------------------------------------------
                         slack                                  3.974    

Slack (MET) :             3.979ns  (required time - arrival time)
  Source:                 design_1_i/syst_array_axil_0/inst/u_syst_array_axil/b_reg_reg[13][6]/C
                            (rising edge-triggered cell FDCE clocked by clk_fpga_0  {rise@0.000ns fall@10.000ns period=20.000ns})
  Destination:            design_1_i/syst_array_axil_0/inst/u_syst_array_axil/c_reg_reg[13][31]/D
                            (rising edge-triggered cell FDCE clocked by clk_fpga_0  {rise@0.000ns fall@10.000ns period=20.000ns})
  Path Group:             clk_fpga_0
  Path Type:              Setup (Max at Slow Process Corner)
  Requirement:            20.000ns  (clk_fpga_0 rise@20.000ns - clk_fpga_0 rise@0.000ns)
  Data Path Delay:        15.706ns  (logic 6.925ns (44.091%)  route 8.781ns (55.909%))
  Logic Levels:           10  (CARRY4=4 DSP48E1=2 LUT2=1 LUT3=1 LUT5=1 LUT6=1)
  Clock Path Skew:        -0.071ns (DCD - SCD + CPR)
    Destination Clock Delay (DCD):    2.287ns = ( 22.287 - 20.000 ) 
    Source Clock Delay      (SCD):    2.455ns
    Clock Pessimism Removal (CPR):    0.097ns
  Clock Uncertainty:      0.302ns  ((TSJ^2 + TIJ^2)^1/2 + DJ) / 2 + PE
    Total System Jitter     (TSJ):    0.071ns
    Total Input Jitter      (TIJ):    0.600ns
    Discrete Jitter          (DJ):    0.000ns
    Phase Error              (PE):    0.000ns

    Location             Delay type                Incr(ns)  Path(ns)    Netlist Resource(s)
  -------------------------------------------------------------------    -------------------
                         (clock clk_fpga_0 rise edge)
                                                      0.000     0.000 r  
    PS7_X0Y0             PS7                          0.000     0.000 r  design_1_i/processing_system7_0/inst/PS7_i/FCLKCLK[0]
                         net (fo=1, routed)           0.994     0.994    design_1_i/processing_system7_0/inst/FCLK_CLK_unbuffered[0]
    BUFGCTRL_X0Y16       BUFG (Prop_bufg_I_O)         0.085     1.079 r  design_1_i/processing_system7_0/inst/buffer_fclk_clk_0.FCLK_CLK_0_BUFG/O
                         net (fo=2232, routed)        1.376     2.455    design_1_i/syst_array_axil_0/inst/u_syst_array_axil/clk
    SLICE_X36Y78         FDCE                                         r  design_1_i/syst_array_axil_0/inst/u_syst_array_axil/b_reg_reg[13][6]/C
  -------------------------------------------------------------------    -------------------
    SLICE_X36Y78         FDCE (Prop_fdce_C_Q)         0.433     2.888 r  design_1_i/syst_array_axil_0/inst/u_syst_array_axil/b_reg_reg[13][6]/Q
                         net (fo=26, routed)          3.958     6.846    design_1_i/syst_array_axil_0/inst/u_syst_array_axil/b_reg_reg_n_0_[13][6]
    DSP48_X0Y8           DSP48E1 (Prop_dsp48e1_B[6]_PCOUT[47])
                                                      3.244    10.090 r  design_1_i/syst_array_axil_0/inst/u_syst_array_axil/p_0_out__149/PCOUT[47]
                         net (fo=1, routed)           0.002    10.092    design_1_i/syst_array_axil_0/inst/u_syst_array_axil/p_0_out__149_n_106
    DSP48_X0Y9           DSP48E1 (Prop_dsp48e1_PCIN[47]_P[3])
                                                      1.271    11.363 r  design_1_i/syst_array_axil_0/inst/u_syst_array_axil/p_0_out__150/P[3]
                         net (fo=2, routed)           2.768    14.132    design_1_i/syst_array_axil_0/inst/u_syst_array_axil/p_0_out__150_n_102
    SLICE_X59Y41         LUT2 (Prop_lut2_I0_O)        0.105    14.237 r  design_1_i/syst_array_axil_0/inst/u_syst_array_axil/c_reg[13][27]_i_21/O
                         net (fo=1, routed)           0.000    14.237    design_1_i/syst_array_axil_0/inst/u_syst_array_axil/c_reg[13][27]_i_21_n_0
    SLICE_X59Y41         CARRY4 (Prop_carry4_S[0]_CO[3])
                                                      0.440    14.677 r  design_1_i/syst_array_axil_0/inst/u_syst_array_axil/c_reg_reg[13][27]_i_13/CO[3]
                         net (fo=1, routed)           0.000    14.677    design_1_i/syst_array_axil_0/inst/u_syst_array_axil/c_reg_reg[13][27]_i_13_n_0
    SLICE_X59Y42         CARRY4 (Prop_carry4_CI_O[2])
                                                      0.200    14.877 r  design_1_i/syst_array_axil_0/inst/u_syst_array_axil/c_reg_reg[13][31]_i_15/O[2]
                         net (fo=3, routed)           0.546    15.423    design_1_i/syst_array_axil_0/inst/u_syst_array_axil/c_reg_reg[13][31]_i_15_n_5
    SLICE_X62Y42         LUT3 (Prop_lut3_I0_O)        0.253    15.676 r  design_1_i/syst_array_axil_0/inst/u_syst_array_axil/c_reg[13][27]_i_10/O
                         net (fo=2, routed)           1.040    16.716    design_1_i/syst_array_axil_0/inst/u_syst_array_axil/c_reg[13][27]_i_10_n_0
    SLICE_X62Y42         LUT5 (Prop_lut5_I1_O)        0.119    16.835 r  design_1_i/syst_array_axil_0/inst/u_syst_array_axil/c_reg[13][27]_i_2/O
                         net (fo=2, routed)           0.466    17.301    design_1_i/syst_array_axil_0/inst/u_syst_array_axil/c_reg[13][27]_i_2_n_0
    SLICE_X63Y42         LUT6 (Prop_lut6_I0_O)        0.268    17.569 r  design_1_i/syst_array_axil_0/inst/u_syst_array_axil/c_reg[13][27]_i_6/O
                         net (fo=1, routed)           0.000    17.569    design_1_i/syst_array_axil_0/inst/u_syst_array_axil/c_reg[13][27]_i_6_n_0
    SLICE_X63Y42         CARRY4 (Prop_carry4_S[3]_CO[3])
                                                      0.332    17.901 r  design_1_i/syst_array_axil_0/inst/u_syst_array_axil/c_reg_reg[13][27]_i_1/CO[3]
                         net (fo=1, routed)           0.000    17.901    design_1_i/syst_array_axil_0/inst/u_syst_array_axil/c_reg_reg[13][27]_i_1_n_0
    SLICE_X63Y43         CARRY4 (Prop_carry4_CI_O[3])
                                                      0.260    18.161 r  design_1_i/syst_array_axil_0/inst/u_syst_array_axil/c_reg_reg[13][31]_i_1/O[3]
                         net (fo=1, routed)           0.000    18.161    design_1_i/syst_array_axil_0/inst/u_syst_array_axil/c_reg_reg[13][31]_i_1_n_4
    SLICE_X63Y43         FDCE                                         r  design_1_i/syst_array_axil_0/inst/u_syst_array_axil/c_reg_reg[13][31]/D
  -------------------------------------------------------------------    -------------------

                         (clock clk_fpga_0 rise edge)
                                                     20.000    20.000 r  
    PS7_X0Y0             PS7                          0.000    20.000 r  design_1_i/processing_system7_0/inst/PS7_i/FCLKCLK[0]
                         net (fo=1, routed)           0.905    20.906    design_1_i/processing_system7_0/inst/FCLK_CLK_unbuffered[0]
    BUFGCTRL_X0Y16       BUFG (Prop_bufg_I_O)         0.077    20.983 r  design_1_i/processing_system7_0/inst/buffer_fclk_clk_0.FCLK_CLK_0_BUFG/O
                         net (fo=2232, routed)        1.305    22.287    design_1_i/syst_array_axil_0/inst/u_syst_array_axil/clk
    SLICE_X63Y43         FDCE                                         r  design_1_i/syst_array_axil_0/inst/u_syst_array_axil/c_reg_reg[13][31]/C
                         clock pessimism              0.097    22.384    
                         clock uncertainty           -0.302    22.082    
    SLICE_X63Y43         FDCE (Setup_fdce_C_D)        0.059    22.141    design_1_i/syst_array_axil_0/inst/u_syst_array_axil/c_reg_reg[13][31]
  -------------------------------------------------------------------
                         required time                         22.141    
                         arrival time                         -18.161    
  -------------------------------------------------------------------
                         slack                                  3.979    

Slack (MET) :             4.039ns  (required time - arrival time)
  Source:                 design_1_i/syst_array_axil_0/inst/u_syst_array_axil/b_reg_reg[13][6]/C
                            (rising edge-triggered cell FDCE clocked by clk_fpga_0  {rise@0.000ns fall@10.000ns period=20.000ns})
  Destination:            design_1_i/syst_array_axil_0/inst/u_syst_array_axil/c_reg_reg[13][30]/D
                            (rising edge-triggered cell FDCE clocked by clk_fpga_0  {rise@0.000ns fall@10.000ns period=20.000ns})
  Path Group:             clk_fpga_0
  Path Type:              Setup (Max at Slow Process Corner)
  Requirement:            20.000ns  (clk_fpga_0 rise@20.000ns - clk_fpga_0 rise@0.000ns)
  Data Path Delay:        15.646ns  (logic 6.865ns (43.876%)  route 8.781ns (56.124%))
  Logic Levels:           10  (CARRY4=4 DSP48E1=2 LUT2=1 LUT3=1 LUT5=1 LUT6=1)
  Clock Path Skew:        -0.071ns (DCD - SCD + CPR)
    Destination Clock Delay (DCD):    2.287ns = ( 22.287 - 20.000 ) 
    Source Clock Delay      (SCD):    2.455ns
    Clock Pessimism Removal (CPR):    0.097ns
  Clock Uncertainty:      0.302ns  ((TSJ^2 + TIJ^2)^1/2 + DJ) / 2 + PE
    Total System Jitter     (TSJ):    0.071ns
    Total Input Jitter      (TIJ):    0.600ns
    Discrete Jitter          (DJ):    0.000ns
    Phase Error              (PE):    0.000ns

    Location             Delay type                Incr(ns)  Path(ns)    Netlist Resource(s)
  -------------------------------------------------------------------    -------------------
                         (clock clk_fpga_0 rise edge)
                                                      0.000     0.000 r  
    PS7_X0Y0             PS7                          0.000     0.000 r  design_1_i/processing_system7_0/inst/PS7_i/FCLKCLK[0]
                         net (fo=1, routed)           0.994     0.994    design_1_i/processing_system7_0/inst/FCLK_CLK_unbuffered[0]
    BUFGCTRL_X0Y16       BUFG (Prop_bufg_I_O)         0.085     1.079 r  design_1_i/processing_system7_0/inst/buffer_fclk_clk_0.FCLK_CLK_0_BUFG/O
                         net (fo=2232, routed)        1.376     2.455    design_1_i/syst_array_axil_0/inst/u_syst_array_axil/clk
    SLICE_X36Y78         FDCE                                         r  design_1_i/syst_array_axil_0/inst/u_syst_array_axil/b_reg_reg[13][6]/C
  -------------------------------------------------------------------    -------------------
    SLICE_X36Y78         FDCE (Prop_fdce_C_Q)         0.433     2.888 r  design_1_i/syst_array_axil_0/inst/u_syst_array_axil/b_reg_reg[13][6]/Q
                         net (fo=26, routed)          3.958     6.846    design_1_i/syst_array_axil_0/inst/u_syst_array_axil/b_reg_reg_n_0_[13][6]
    DSP48_X0Y8           DSP48E1 (Prop_dsp48e1_B[6]_PCOUT[47])
                                                      3.244    10.090 r  design_1_i/syst_array_axil_0/inst/u_syst_array_axil/p_0_out__149/PCOUT[47]
                         net (fo=1, routed)           0.002    10.092    design_1_i/syst_array_axil_0/inst/u_syst_array_axil/p_0_out__149_n_106
    DSP48_X0Y9           DSP48E1 (Prop_dsp48e1_PCIN[47]_P[3])
                                                      1.271    11.363 r  design_1_i/syst_array_axil_0/inst/u_syst_array_axil/p_0_out__150/P[3]
                         net (fo=2, routed)           2.768    14.132    design_1_i/syst_array_axil_0/inst/u_syst_array_axil/p_0_out__150_n_102
    SLICE_X59Y41         LUT2 (Prop_lut2_I0_O)        0.105    14.237 r  design_1_i/syst_array_axil_0/inst/u_syst_array_axil/c_reg[13][27]_i_21/O
                         net (fo=1, routed)           0.000    14.237    design_1_i/syst_array_axil_0/inst/u_syst_array_axil/c_reg[13][27]_i_21_n_0
    SLICE_X59Y41         CARRY4 (Prop_carry4_S[0]_CO[3])
                                                      0.440    14.677 r  design_1_i/syst_array_axil_0/inst/u_syst_array_axil/c_reg_reg[13][27]_i_13/CO[3]
                         net (fo=1, routed)           0.000    14.677    design_1_i/syst_array_axil_0/inst/u_syst_array_axil/c_reg_reg[13][27]_i_13_n_0
    SLICE_X59Y42         CARRY4 (Prop_carry4_CI_O[2])
                                                      0.200    14.877 r  design_1_i/syst_array_axil_0/inst/u_syst_array_axil/c_reg_reg[13][31]_i_15/O[2]
                         net (fo=3, routed)           0.546    15.423    design_1_i/syst_array_axil_0/inst/u_syst_array_axil/c_reg_reg[13][31]_i_15_n_5
    SLICE_X62Y42         LUT3 (Prop_lut3_I0_O)        0.253    15.676 r  design_1_i/syst_array_axil_0/inst/u_syst_array_axil/c_reg[13][27]_i_10/O
                         net (fo=2, routed)           1.040    16.716    design_1_i/syst_array_axil_0/inst/u_syst_array_axil/c_reg[13][27]_i_10_n_0
    SLICE_X62Y42         LUT5 (Prop_lut5_I1_O)        0.119    16.835 r  design_1_i/syst_array_axil_0/inst/u_syst_array_axil/c_reg[13][27]_i_2/O
                         net (fo=2, routed)           0.466    17.301    design_1_i/syst_array_axil_0/inst/u_syst_array_axil/c_reg[13][27]_i_2_n_0
    SLICE_X63Y42         LUT6 (Prop_lut6_I0_O)        0.268    17.569 r  design_1_i/syst_array_axil_0/inst/u_syst_array_axil/c_reg[13][27]_i_6/O
                         net (fo=1, routed)           0.000    17.569    design_1_i/syst_array_axil_0/inst/u_syst_array_axil/c_reg[13][27]_i_6_n_0
    SLICE_X63Y42         CARRY4 (Prop_carry4_S[3]_CO[3])
                                                      0.332    17.901 r  design_1_i/syst_array_axil_0/inst/u_syst_array_axil/c_reg_reg[13][27]_i_1/CO[3]
                         net (fo=1, routed)           0.000    17.901    design_1_i/syst_array_axil_0/inst/u_syst_array_axil/c_reg_reg[13][27]_i_1_n_0
    SLICE_X63Y43         CARRY4 (Prop_carry4_CI_O[2])
                                                      0.200    18.101 r  design_1_i/syst_array_axil_0/inst/u_syst_array_axil/c_reg_reg[13][31]_i_1/O[2]
                         net (fo=1, routed)           0.000    18.101    design_1_i/syst_array_axil_0/inst/u_syst_array_axil/c_reg_reg[13][31]_i_1_n_5
    SLICE_X63Y43         FDCE                                         r  design_1_i/syst_array_axil_0/inst/u_syst_array_axil/c_reg_reg[13][30]/D
  -------------------------------------------------------------------    -------------------

                         (clock clk_fpga_0 rise edge)
                                                     20.000    20.000 r  
    PS7_X0Y0             PS7                          0.000    20.000 r  design_1_i/processing_system7_0/inst/PS7_i/FCLKCLK[0]
                         net (fo=1, routed)           0.905    20.906    design_1_i/processing_system7_0/inst/FCLK_CLK_unbuffered[0]
    BUFGCTRL_X0Y16       BUFG (Prop_bufg_I_O)         0.077    20.983 r  design_1_i/processing_system7_0/inst/buffer_fclk_clk_0.FCLK_CLK_0_BUFG/O
                         net (fo=2232, routed)        1.305    22.287    design_1_i/syst_array_axil_0/inst/u_syst_array_axil/clk
    SLICE_X63Y43         FDCE                                         r  design_1_i/syst_array_axil_0/inst/u_syst_array_axil/c_reg_reg[13][30]/C
                         clock pessimism              0.097    22.384    
                         clock uncertainty           -0.302    22.082    
    SLICE_X63Y43         FDCE (Setup_fdce_C_D)        0.059    22.141    design_1_i/syst_array_axil_0/inst/u_syst_array_axil/c_reg_reg[13][30]
  -------------------------------------------------------------------
                         required time                         22.141    
                         arrival time                         -18.101    
  -------------------------------------------------------------------
                         slack                                  4.039    

Slack (MET) :             4.058ns  (required time - arrival time)
  Source:                 design_1_i/syst_array_axil_0/inst/u_syst_array_axil/b_reg_reg[13][6]/C
                            (rising edge-triggered cell FDCE clocked by clk_fpga_0  {rise@0.000ns fall@10.000ns period=20.000ns})
  Destination:            design_1_i/syst_array_axil_0/inst/u_syst_array_axil/c_reg_reg[13][28]/D
                            (rising edge-triggered cell FDCE clocked by clk_fpga_0  {rise@0.000ns fall@10.000ns period=20.000ns})
  Path Group:             clk_fpga_0
  Path Type:              Setup (Max at Slow Process Corner)
  Requirement:            20.000ns  (clk_fpga_0 rise@20.000ns - clk_fpga_0 rise@0.000ns)
  Data Path Delay:        15.627ns  (logic 6.846ns (43.808%)  route 8.781ns (56.192%))
  Logic Levels:           10  (CARRY4=4 DSP48E1=2 LUT2=1 LUT3=1 LUT5=1 LUT6=1)
  Clock Path Skew:        -0.071ns (DCD - SCD + CPR)
    Destination Clock Delay (DCD):    2.287ns = ( 22.287 - 20.000 ) 
    Source Clock Delay      (SCD):    2.455ns
    Clock Pessimism Removal (CPR):    0.097ns
  Clock Uncertainty:      0.302ns  ((TSJ^2 + TIJ^2)^1/2 + DJ) / 2 + PE
    Total System Jitter     (TSJ):    0.071ns
    Total Input Jitter      (TIJ):    0.600ns
    Discrete Jitter          (DJ):    0.000ns
    Phase Error              (PE):    0.000ns

    Location             Delay type                Incr(ns)  Path(ns)    Netlist Resource(s)
  -------------------------------------------------------------------    -------------------
                         (clock clk_fpga_0 rise edge)
                                                      0.000     0.000 r  
    PS7_X0Y0             PS7                          0.000     0.000 r  design_1_i/processing_system7_0/inst/PS7_i/FCLKCLK[0]
                         net (fo=1, routed)           0.994     0.994    design_1_i/processing_system7_0/inst/FCLK_CLK_unbuffered[0]
    BUFGCTRL_X0Y16       BUFG (Prop_bufg_I_O)         0.085     1.079 r  design_1_i/processing_system7_0/inst/buffer_fclk_clk_0.FCLK_CLK_0_BUFG/O
                         net (fo=2232, routed)        1.376     2.455    design_1_i/syst_array_axil_0/inst/u_syst_array_axil/clk
    SLICE_X36Y78         FDCE                                         r  design_1_i/syst_array_axil_0/inst/u_syst_array_axil/b_reg_reg[13][6]/C
  -------------------------------------------------------------------    -------------------
    SLICE_X36Y78         FDCE (Prop_fdce_C_Q)         0.433     2.888 r  design_1_i/syst_array_axil_0/inst/u_syst_array_axil/b_reg_reg[13][6]/Q
                         net (fo=26, routed)          3.958     6.846    design_1_i/syst_array_axil_0/inst/u_syst_array_axil/b_reg_reg_n_0_[13][6]
    DSP48_X0Y8           DSP48E1 (Prop_dsp48e1_B[6]_PCOUT[47])
                                                      3.244    10.090 r  design_1_i/syst_array_axil_0/inst/u_syst_array_axil/p_0_out__149/PCOUT[47]
                         net (fo=1, routed)           0.002    10.092    design_1_i/syst_array_axil_0/inst/u_syst_array_axil/p_0_out__149_n_106
    DSP48_X0Y9           DSP48E1 (Prop_dsp48e1_PCIN[47]_P[3])
                                                      1.271    11.363 r  design_1_i/syst_array_axil_0/inst/u_syst_array_axil/p_0_out__150/P[3]
                         net (fo=2, routed)           2.768    14.132    design_1_i/syst_array_axil_0/inst/u_syst_array_axil/p_0_out__150_n_102
    SLICE_X59Y41         LUT2 (Prop_lut2_I0_O)        0.105    14.237 r  design_1_i/syst_array_axil_0/inst/u_syst_array_axil/c_reg[13][27]_i_21/O
                         net (fo=1, routed)           0.000    14.237    design_1_i/syst_array_axil_0/inst/u_syst_array_axil/c_reg[13][27]_i_21_n_0
    SLICE_X59Y41         CARRY4 (Prop_carry4_S[0]_CO[3])
                                                      0.440    14.677 r  design_1_i/syst_array_axil_0/inst/u_syst_array_axil/c_reg_reg[13][27]_i_13/CO[3]
                         net (fo=1, routed)           0.000    14.677    design_1_i/syst_array_axil_0/inst/u_syst_array_axil/c_reg_reg[13][27]_i_13_n_0
    SLICE_X59Y42         CARRY4 (Prop_carry4_CI_O[2])
                                                      0.200    14.877 r  design_1_i/syst_array_axil_0/inst/u_syst_array_axil/c_reg_reg[13][31]_i_15/O[2]
                         net (fo=3, routed)           0.546    15.423    design_1_i/syst_array_axil_0/inst/u_syst_array_axil/c_reg_reg[13][31]_i_15_n_5
    SLICE_X62Y42         LUT3 (Prop_lut3_I0_O)        0.253    15.676 r  design_1_i/syst_array_axil_0/inst/u_syst_array_axil/c_reg[13][27]_i_10/O
                         net (fo=2, routed)           1.040    16.716    design_1_i/syst_array_axil_0/inst/u_syst_array_axil/c_reg[13][27]_i_10_n_0
    SLICE_X62Y42         LUT5 (Prop_lut5_I1_O)        0.119    16.835 r  design_1_i/syst_array_axil_0/inst/u_syst_array_axil/c_reg[13][27]_i_2/O
                         net (fo=2, routed)           0.466    17.301    design_1_i/syst_array_axil_0/inst/u_syst_array_axil/c_reg[13][27]_i_2_n_0
    SLICE_X63Y42         LUT6 (Prop_lut6_I0_O)        0.268    17.569 r  design_1_i/syst_array_axil_0/inst/u_syst_array_axil/c_reg[13][27]_i_6/O
                         net (fo=1, routed)           0.000    17.569    design_1_i/syst_array_axil_0/inst/u_syst_array_axil/c_reg[13][27]_i_6_n_0
    SLICE_X63Y42         CARRY4 (Prop_carry4_S[3]_CO[3])
                                                      0.332    17.901 r  design_1_i/syst_array_axil_0/inst/u_syst_array_axil/c_reg_reg[13][27]_i_1/CO[3]
                         net (fo=1, routed)           0.000    17.901    design_1_i/syst_array_axil_0/inst/u_syst_array_axil/c_reg_reg[13][27]_i_1_n_0
    SLICE_X63Y43         CARRY4 (Prop_carry4_CI_O[0])
                                                      0.181    18.082 r  design_1_i/syst_array_axil_0/inst/u_syst_array_axil/c_reg_reg[13][31]_i_1/O[0]
                         net (fo=1, routed)           0.000    18.082    design_1_i/syst_array_axil_0/inst/u_syst_array_axil/c_reg_reg[13][31]_i_1_n_7
    SLICE_X63Y43         FDCE                                         r  design_1_i/syst_array_axil_0/inst/u_syst_array_axil/c_reg_reg[13][28]/D
  -------------------------------------------------------------------    -------------------

                         (clock clk_fpga_0 rise edge)
                                                     20.000    20.000 r  
    PS7_X0Y0             PS7                          0.000    20.000 r  design_1_i/processing_system7_0/inst/PS7_i/FCLKCLK[0]
                         net (fo=1, routed)           0.905    20.906    design_1_i/processing_system7_0/inst/FCLK_CLK_unbuffered[0]
    BUFGCTRL_X0Y16       BUFG (Prop_bufg_I_O)         0.077    20.983 r  design_1_i/processing_system7_0/inst/buffer_fclk_clk_0.FCLK_CLK_0_BUFG/O
                         net (fo=2232, routed)        1.305    22.287    design_1_i/syst_array_axil_0/inst/u_syst_array_axil/clk
    SLICE_X63Y43         FDCE                                         r  design_1_i/syst_array_axil_0/inst/u_syst_array_axil/c_reg_reg[13][28]/C
                         clock pessimism              0.097    22.384    
                         clock uncertainty           -0.302    22.082    
    SLICE_X63Y43         FDCE (Setup_fdce_C_D)        0.059    22.141    design_1_i/syst_array_axil_0/inst/u_syst_array_axil/c_reg_reg[13][28]
  -------------------------------------------------------------------
                         required time                         22.141    
                         arrival time                         -18.082    
  -------------------------------------------------------------------
                         slack                                  4.058    

Slack (MET) :             4.081ns  (required time - arrival time)
  Source:                 design_1_i/syst_array_axil_0/inst/u_syst_array_axil/b_reg_reg[12][2]/C
                            (rising edge-triggered cell FDCE clocked by clk_fpga_0  {rise@0.000ns fall@10.000ns period=20.000ns})
  Destination:            design_1_i/syst_array_axil_0/inst/u_syst_array_axil/c_reg_reg[8][29]/D
                            (rising edge-triggered cell FDCE clocked by clk_fpga_0  {rise@0.000ns fall@10.000ns period=20.000ns})
  Path Group:             clk_fpga_0
  Path Type:              Setup (Max at Slow Process Corner)
  Requirement:            20.000ns  (clk_fpga_0 rise@20.000ns - clk_fpga_0 rise@0.000ns)
  Data Path Delay:        15.671ns  (logic 7.087ns (45.224%)  route 8.584ns (54.776%))
  Logic Levels:           11  (CARRY4=5 DSP48E1=2 LUT2=1 LUT3=1 LUT5=1 LUT6=1)
  Clock Path Skew:        -0.005ns (DCD - SCD + CPR)
    Destination Clock Delay (DCD):    2.348ns = ( 22.348 - 20.000 ) 
    Source Clock Delay      (SCD):    2.450ns
    Clock Pessimism Removal (CPR):    0.097ns
  Clock Uncertainty:      0.302ns  ((TSJ^2 + TIJ^2)^1/2 + DJ) / 2 + PE
    Total System Jitter     (TSJ):    0.071ns
    Total Input Jitter      (TIJ):    0.600ns
    Discrete Jitter          (DJ):    0.000ns
    Phase Error              (PE):    0.000ns

    Location             Delay type                Incr(ns)  Path(ns)    Netlist Resource(s)
  -------------------------------------------------------------------    -------------------
                         (clock clk_fpga_0 rise edge)
                                                      0.000     0.000 r  
    PS7_X0Y0             PS7                          0.000     0.000 r  design_1_i/processing_system7_0/inst/PS7_i/FCLKCLK[0]
                         net (fo=1, routed)           0.994     0.994    design_1_i/processing_system7_0/inst/FCLK_CLK_unbuffered[0]
    BUFGCTRL_X0Y16       BUFG (Prop_bufg_I_O)         0.085     1.079 r  design_1_i/processing_system7_0/inst/buffer_fclk_clk_0.FCLK_CLK_0_BUFG/O
                         net (fo=2232, routed)        1.371     2.450    design_1_i/syst_array_axil_0/inst/u_syst_array_axil/clk
    SLICE_X40Y74         FDCE                                         r  design_1_i/syst_array_axil_0/inst/u_syst_array_axil/b_reg_reg[12][2]/C
  -------------------------------------------------------------------    -------------------
    SLICE_X40Y74         FDCE (Prop_fdce_C_Q)         0.379     2.829 r  design_1_i/syst_array_axil_0/inst/u_syst_array_axil/b_reg_reg[12][2]/Q
                         net (fo=36, routed)          3.344     6.173    design_1_i/syst_array_axil_0/inst/u_syst_array_axil/b_reg_reg_n_0_[12][2]
    DSP48_X1Y12          DSP48E1 (Prop_dsp48e1_B[2]_PCOUT[47])
                                                      3.244     9.417 r  design_1_i/syst_array_axil_0/inst/u_syst_array_axil/p_0_out__89/PCOUT[47]
                         net (fo=1, routed)           0.002     9.419    design_1_i/syst_array_axil_0/inst/u_syst_array_axil/p_0_out__89_n_106
    DSP48_X1Y13          DSP48E1 (Prop_dsp48e1_PCIN[47]_P[0])
                                                      1.271    10.690 r  design_1_i/syst_array_axil_0/inst/u_syst_array_axil/p_0_out__90/P[0]
                         net (fo=2, routed)           1.707    12.397    design_1_i/syst_array_axil_0/inst/u_syst_array_axil/p_0_out__90_n_105
    SLICE_X37Y41         LUT2 (Prop_lut2_I0_O)        0.105    12.502 r  design_1_i/syst_array_axil_0/inst/u_syst_array_axil/c_reg[8][23]_i_20/O
                         net (fo=1, routed)           0.000    12.502    design_1_i/syst_array_axil_0/inst/u_syst_array_axil/c_reg[8][23]_i_20_n_0
    SLICE_X37Y41         CARRY4 (Prop_carry4_S[1]_CO[3])
                                                      0.457    12.959 r  design_1_i/syst_array_axil_0/inst/u_syst_array_axil/c_reg_reg[8][23]_i_13/CO[3]
                         net (fo=1, routed)           0.000    12.959    design_1_i/syst_array_axil_0/inst/u_syst_array_axil/c_reg_reg[8][23]_i_13_n_0
    SLICE_X37Y42         CARRY4 (Prop_carry4_CI_CO[3])
                                                      0.098    13.057 r  design_1_i/syst_array_axil_0/inst/u_syst_array_axil/c_reg_reg[8][27]_i_13/CO[3]
                         net (fo=1, routed)           0.000    13.057    design_1_i/syst_array_axil_0/inst/u_syst_array_axil/c_reg_reg[8][27]_i_13_n_0
    SLICE_X37Y43         CARRY4 (Prop_carry4_CI_O[0])
                                                      0.180    13.237 r  design_1_i/syst_array_axil_0/inst/u_syst_array_axil/c_reg_reg[8][31]_i_15/O[0]
                         net (fo=3, routed)           2.479    15.717    design_1_i/syst_array_axil_0/inst/u_syst_array_axil/c_reg_reg[8][31]_i_15_n_7
    SLICE_X98Y45         LUT3 (Prop_lut3_I0_O)        0.249    15.966 r  design_1_i/syst_array_axil_0/inst/u_syst_array_axil/c_reg[8][27]_i_12/O
                         net (fo=2, routed)           0.570    16.536    design_1_i/syst_array_axil_0/inst/u_syst_array_axil/c_reg[8][27]_i_12_n_0
    SLICE_X98Y45         LUT5 (Prop_lut5_I1_O)        0.118    16.654 r  design_1_i/syst_array_axil_0/inst/u_syst_array_axil/c_reg[8][27]_i_4/O
                         net (fo=2, routed)           0.481    17.135    design_1_i/syst_array_axil_0/inst/u_syst_array_axil/c_reg[8][27]_i_4_n_0
    SLICE_X97Y45         LUT6 (Prop_lut6_I0_O)        0.264    17.399 r  design_1_i/syst_array_axil_0/inst/u_syst_array_axil/c_reg[8][27]_i_8/O
                         net (fo=1, routed)           0.000    17.399    design_1_i/syst_array_axil_0/inst/u_syst_array_axil/c_reg[8][27]_i_8_n_0
    SLICE_X97Y45         CARRY4 (Prop_carry4_S[1]_CO[3])
                                                      0.457    17.856 r  design_1_i/syst_array_axil_0/inst/u_syst_array_axil/c_reg_reg[8][27]_i_1/CO[3]
                         net (fo=1, routed)           0.000    17.856    design_1_i/syst_array_axil_0/inst/u_syst_array_axil/c_reg_reg[8][27]_i_1_n_0
    SLICE_X97Y46         CARRY4 (Prop_carry4_CI_O[1])
                                                      0.265    18.121 r  design_1_i/syst_array_axil_0/inst/u_syst_array_axil/c_reg_reg[8][31]_i_1/O[1]
                         net (fo=1, routed)           0.000    18.121    design_1_i/syst_array_axil_0/inst/u_syst_array_axil/c_reg_reg[8][31]_i_1_n_6
    SLICE_X97Y46         FDCE                                         r  design_1_i/syst_array_axil_0/inst/u_syst_array_axil/c_reg_reg[8][29]/D
  -------------------------------------------------------------------    -------------------

                         (clock clk_fpga_0 rise edge)
                                                     20.000    20.000 r  
    PS7_X0Y0             PS7                          0.000    20.000 r  design_1_i/processing_system7_0/inst/PS7_i/FCLKCLK[0]
                         net (fo=1, routed)           0.905    20.906    design_1_i/processing_system7_0/inst/FCLK_CLK_unbuffered[0]
    BUFGCTRL_X0Y16       BUFG (Prop_bufg_I_O)         0.077    20.983 r  design_1_i/processing_system7_0/inst/buffer_fclk_clk_0.FCLK_CLK_0_BUFG/O
                         net (fo=2232, routed)        1.366    22.348    design_1_i/syst_array_axil_0/inst/u_syst_array_axil/clk
    SLICE_X97Y46         FDCE                                         r  design_1_i/syst_array_axil_0/inst/u_syst_array_axil/c_reg_reg[8][29]/C
                         clock pessimism              0.097    22.445    
                         clock uncertainty           -0.302    22.143    
    SLICE_X97Y46         FDCE (Setup_fdce_C_D)        0.059    22.202    design_1_i/syst_array_axil_0/inst/u_syst_array_axil/c_reg_reg[8][29]
  -------------------------------------------------------------------
                         required time                         22.202    
                         arrival time                         -18.121    
  -------------------------------------------------------------------
                         slack                                  4.081    

Slack (MET) :             4.086ns  (required time - arrival time)
  Source:                 design_1_i/syst_array_axil_0/inst/u_syst_array_axil/b_reg_reg[12][2]/C
                            (rising edge-triggered cell FDCE clocked by clk_fpga_0  {rise@0.000ns fall@10.000ns period=20.000ns})
  Destination:            design_1_i/syst_array_axil_0/inst/u_syst_array_axil/c_reg_reg[8][31]/D
                            (rising edge-triggered cell FDCE clocked by clk_fpga_0  {rise@0.000ns fall@10.000ns period=20.000ns})
  Path Group:             clk_fpga_0
  Path Type:              Setup (Max at Slow Process Corner)
  Requirement:            20.000ns  (clk_fpga_0 rise@20.000ns - clk_fpga_0 rise@0.000ns)
  Data Path Delay:        15.666ns  (logic 7.082ns (45.207%)  route 8.584ns (54.793%))
  Logic Levels:           11  (CARRY4=5 DSP48E1=2 LUT2=1 LUT3=1 LUT5=1 LUT6=1)
  Clock Path Skew:        -0.005ns (DCD - SCD + CPR)
    Destination Clock Delay (DCD):    2.348ns = ( 22.348 - 20.000 ) 
    Source Clock Delay      (SCD):    2.450ns
    Clock Pessimism Removal (CPR):    0.097ns
  Clock Uncertainty:      0.302ns  ((TSJ^2 + TIJ^2)^1/2 + DJ) / 2 + PE
    Total System Jitter     (TSJ):    0.071ns
    Total Input Jitter      (TIJ):    0.600ns
    Discrete Jitter          (DJ):    0.000ns
    Phase Error              (PE):    0.000ns

    Location             Delay type                Incr(ns)  Path(ns)    Netlist Resource(s)
  -------------------------------------------------------------------    -------------------
                         (clock clk_fpga_0 rise edge)
                                                      0.000     0.000 r  
    PS7_X0Y0             PS7                          0.000     0.000 r  design_1_i/processing_system7_0/inst/PS7_i/FCLKCLK[0]
                         net (fo=1, routed)           0.994     0.994    design_1_i/processing_system7_0/inst/FCLK_CLK_unbuffered[0]
    BUFGCTRL_X0Y16       BUFG (Prop_bufg_I_O)         0.085     1.079 r  design_1_i/processing_system7_0/inst/buffer_fclk_clk_0.FCLK_CLK_0_BUFG/O
                         net (fo=2232, routed)        1.371     2.450    design_1_i/syst_array_axil_0/inst/u_syst_array_axil/clk
    SLICE_X40Y74         FDCE                                         r  design_1_i/syst_array_axil_0/inst/u_syst_array_axil/b_reg_reg[12][2]/C
  -------------------------------------------------------------------    -------------------
    SLICE_X40Y74         FDCE (Prop_fdce_C_Q)         0.379     2.829 r  design_1_i/syst_array_axil_0/inst/u_syst_array_axil/b_reg_reg[12][2]/Q
                         net (fo=36, routed)          3.344     6.173    design_1_i/syst_array_axil_0/inst/u_syst_array_axil/b_reg_reg_n_0_[12][2]
    DSP48_X1Y12          DSP48E1 (Prop_dsp48e1_B[2]_PCOUT[47])
                                                      3.244     9.417 r  design_1_i/syst_array_axil_0/inst/u_syst_array_axil/p_0_out__89/PCOUT[47]
                         net (fo=1, routed)           0.002     9.419    design_1_i/syst_array_axil_0/inst/u_syst_array_axil/p_0_out__89_n_106
    DSP48_X1Y13          DSP48E1 (Prop_dsp48e1_PCIN[47]_P[0])
                                                      1.271    10.690 r  design_1_i/syst_array_axil_0/inst/u_syst_array_axil/p_0_out__90/P[0]
                         net (fo=2, routed)           1.707    12.397    design_1_i/syst_array_axil_0/inst/u_syst_array_axil/p_0_out__90_n_105
    SLICE_X37Y41         LUT2 (Prop_lut2_I0_O)        0.105    12.502 r  design_1_i/syst_array_axil_0/inst/u_syst_array_axil/c_reg[8][23]_i_20/O
                         net (fo=1, routed)           0.000    12.502    design_1_i/syst_array_axil_0/inst/u_syst_array_axil/c_reg[8][23]_i_20_n_0
    SLICE_X37Y41         CARRY4 (Prop_carry4_S[1]_CO[3])
                                                      0.457    12.959 r  design_1_i/syst_array_axil_0/inst/u_syst_array_axil/c_reg_reg[8][23]_i_13/CO[3]
                         net (fo=1, routed)           0.000    12.959    design_1_i/syst_array_axil_0/inst/u_syst_array_axil/c_reg_reg[8][23]_i_13_n_0
    SLICE_X37Y42         CARRY4 (Prop_carry4_CI_CO[3])
                                                      0.098    13.057 r  design_1_i/syst_array_axil_0/inst/u_syst_array_axil/c_reg_reg[8][27]_i_13/CO[3]
                         net (fo=1, routed)           0.000    13.057    design_1_i/syst_array_axil_0/inst/u_syst_array_axil/c_reg_reg[8][27]_i_13_n_0
    SLICE_X37Y43         CARRY4 (Prop_carry4_CI_O[0])
                                                      0.180    13.237 r  design_1_i/syst_array_axil_0/inst/u_syst_array_axil/c_reg_reg[8][31]_i_15/O[0]
                         net (fo=3, routed)           2.479    15.717    design_1_i/syst_array_axil_0/inst/u_syst_array_axil/c_reg_reg[8][31]_i_15_n_7
    SLICE_X98Y45         LUT3 (Prop_lut3_I0_O)        0.249    15.966 r  design_1_i/syst_array_axil_0/inst/u_syst_array_axil/c_reg[8][27]_i_12/O
                         net (fo=2, routed)           0.570    16.536    design_1_i/syst_array_axil_0/inst/u_syst_array_axil/c_reg[8][27]_i_12_n_0
    SLICE_X98Y45         LUT5 (Prop_lut5_I1_O)        0.118    16.654 r  design_1_i/syst_array_axil_0/inst/u_syst_array_axil/c_reg[8][27]_i_4/O
                         net (fo=2, routed)           0.481    17.135    design_1_i/syst_array_axil_0/inst/u_syst_array_axil/c_reg[8][27]_i_4_n_0
    SLICE_X97Y45         LUT6 (Prop_lut6_I0_O)        0.264    17.399 r  design_1_i/syst_array_axil_0/inst/u_syst_array_axil/c_reg[8][27]_i_8/O
                         net (fo=1, routed)           0.000    17.399    design_1_i/syst_array_axil_0/inst/u_syst_array_axil/c_reg[8][27]_i_8_n_0
    SLICE_X97Y45         CARRY4 (Prop_carry4_S[1]_CO[3])
                                                      0.457    17.856 r  design_1_i/syst_array_axil_0/inst/u_syst_array_axil/c_reg_reg[8][27]_i_1/CO[3]
                         net (fo=1, routed)           0.000    17.856    design_1_i/syst_array_axil_0/inst/u_syst_array_axil/c_reg_reg[8][27]_i_1_n_0
    SLICE_X97Y46         CARRY4 (Prop_carry4_CI_O[3])
                                                      0.260    18.116 r  design_1_i/syst_array_axil_0/inst/u_syst_array_axil/c_reg_reg[8][31]_i_1/O[3]
                         net (fo=1, routed)           0.000    18.116    design_1_i/syst_array_axil_0/inst/u_syst_array_axil/c_reg_reg[8][31]_i_1_n_4
    SLICE_X97Y46         FDCE                                         r  design_1_i/syst_array_axil_0/inst/u_syst_array_axil/c_reg_reg[8][31]/D
  -------------------------------------------------------------------    -------------------

                         (clock clk_fpga_0 rise edge)
                                                     20.000    20.000 r  
    PS7_X0Y0             PS7                          0.000    20.000 r  design_1_i/processing_system7_0/inst/PS7_i/FCLKCLK[0]
                         net (fo=1, routed)           0.905    20.906    design_1_i/processing_system7_0/inst/FCLK_CLK_unbuffered[0]
    BUFGCTRL_X0Y16       BUFG (Prop_bufg_I_O)         0.077    20.983 r  design_1_i/processing_system7_0/inst/buffer_fclk_clk_0.FCLK_CLK_0_BUFG/O
                         net (fo=2232, routed)        1.366    22.348    design_1_i/syst_array_axil_0/inst/u_syst_array_axil/clk
    SLICE_X97Y46         FDCE                                         r  design_1_i/syst_array_axil_0/inst/u_syst_array_axil/c_reg_reg[8][31]/C
                         clock pessimism              0.097    22.445    
                         clock uncertainty           -0.302    22.143    
    SLICE_X97Y46         FDCE (Setup_fdce_C_D)        0.059    22.202    design_1_i/syst_array_axil_0/inst/u_syst_array_axil/c_reg_reg[8][31]
  -------------------------------------------------------------------
                         required time                         22.202    
                         arrival time                         -18.116    
  -------------------------------------------------------------------
                         slack                                  4.086    

Slack (MET) :             4.113ns  (required time - arrival time)
  Source:                 design_1_i/syst_array_axil_0/inst/u_syst_array_axil/b_reg_reg[4][6]/C
                            (rising edge-triggered cell FDCE clocked by clk_fpga_0  {rise@0.000ns fall@10.000ns period=20.000ns})
  Destination:            design_1_i/syst_array_axil_0/inst/u_syst_array_axil/c_reg_reg[12][29]/D
                            (rising edge-triggered cell FDCE clocked by clk_fpga_0  {rise@0.000ns fall@10.000ns period=20.000ns})
  Path Group:             clk_fpga_0
  Path Type:              Setup (Max at Slow Process Corner)
  Requirement:            20.000ns  (clk_fpga_0 rise@20.000ns - clk_fpga_0 rise@0.000ns)
  Data Path Delay:        15.527ns  (logic 6.845ns (44.084%)  route 8.682ns (55.916%))
  Logic Levels:           11  (CARRY4=5 DSP48E1=2 LUT2=1 LUT3=1 LUT5=1 LUT6=1)
  Clock Path Skew:        -0.117ns (DCD - SCD + CPR)
    Destination Clock Delay (DCD):    2.297ns = ( 22.297 - 20.000 ) 
    Source Clock Delay      (SCD):    2.511ns
    Clock Pessimism Removal (CPR):    0.097ns
  Clock Uncertainty:      0.302ns  ((TSJ^2 + TIJ^2)^1/2 + DJ) / 2 + PE
    Total System Jitter     (TSJ):    0.071ns
    Total Input Jitter      (TIJ):    0.600ns
    Discrete Jitter          (DJ):    0.000ns
    Phase Error              (PE):    0.000ns

    Location             Delay type                Incr(ns)  Path(ns)    Netlist Resource(s)
  -------------------------------------------------------------------    -------------------
                         (clock clk_fpga_0 rise edge)
                                                      0.000     0.000 r  
    PS7_X0Y0             PS7                          0.000     0.000 r  design_1_i/processing_system7_0/inst/PS7_i/FCLKCLK[0]
                         net (fo=1, routed)           0.994     0.994    design_1_i/processing_system7_0/inst/FCLK_CLK_unbuffered[0]
    BUFGCTRL_X0Y16       BUFG (Prop_bufg_I_O)         0.085     1.079 r  design_1_i/processing_system7_0/inst/buffer_fclk_clk_0.FCLK_CLK_0_BUFG/O
                         net (fo=2232, routed)        1.432     2.511    design_1_i/syst_array_axil_0/inst/u_syst_array_axil/clk
    SLICE_X81Y75         FDCE                                         r  design_1_i/syst_array_axil_0/inst/u_syst_array_axil/b_reg_reg[4][6]/C
  -------------------------------------------------------------------    -------------------
    SLICE_X81Y75         FDCE (Prop_fdce_C_Q)         0.379     2.890 r  design_1_i/syst_array_axil_0/inst/u_syst_array_axil/b_reg_reg[4][6]/Q
                         net (fo=26, routed)          5.072     7.962    design_1_i/syst_array_axil_0/inst/u_syst_array_axil/b_reg_reg_n_0_[4][6]
    DSP48_X0Y12          DSP48E1 (Prop_dsp48e1_B[6]_PCOUT[47])
                                                      3.244    11.206 r  design_1_i/syst_array_axil_0/inst/u_syst_array_axil/p_0_out__131/PCOUT[47]
                         net (fo=1, routed)           0.002    11.208    design_1_i/syst_array_axil_0/inst/u_syst_array_axil/p_0_out__131_n_106
    DSP48_X0Y13          DSP48E1 (Prop_dsp48e1_PCIN[47]_P[2])
                                                      1.271    12.479 r  design_1_i/syst_array_axil_0/inst/u_syst_array_axil/p_0_out__132/P[2]
                         net (fo=2, routed)           1.685    14.164    design_1_i/syst_array_axil_0/inst/u_syst_array_axil/p_0_out__132_n_103
    SLICE_X30Y35         LUT2 (Prop_lut2_I0_O)        0.105    14.269 r  design_1_i/syst_array_axil_0/inst/u_syst_array_axil/c_reg[12][23]_i_24/O
                         net (fo=1, routed)           0.000    14.269    design_1_i/syst_array_axil_0/inst/u_syst_array_axil/c_reg[12][23]_i_24_n_0
    SLICE_X30Y35         CARRY4 (Prop_carry4_S[3]_CO[3])
                                                      0.314    14.583 r  design_1_i/syst_array_axil_0/inst/u_syst_array_axil/c_reg_reg[12][23]_i_15/CO[3]
                         net (fo=1, routed)           0.000    14.583    design_1_i/syst_array_axil_0/inst/u_syst_array_axil/c_reg_reg[12][23]_i_15_n_0
    SLICE_X30Y36         CARRY4 (Prop_carry4_CI_O[2])
                                                      0.199    14.782 r  design_1_i/syst_array_axil_0/inst/u_syst_array_axil/c_reg_reg[12][27]_i_15/O[2]
                         net (fo=3, routed)           0.689    15.471    design_1_i/syst_array_axil_0/inst/u_syst_array_axil/c_reg_reg[12][27]_i_15_n_5
    SLICE_X30Y34         LUT3 (Prop_lut3_I1_O)        0.244    15.715 r  design_1_i/syst_array_axil_0/inst/u_syst_array_axil/c_reg[12][23]_i_10/O
                         net (fo=2, routed)           0.787    16.502    design_1_i/syst_array_axil_0/inst/u_syst_array_axil/c_reg[12][23]_i_10_n_0
    SLICE_X29Y36         LUT5 (Prop_lut5_I1_O)        0.119    16.621 r  design_1_i/syst_array_axil_0/inst/u_syst_array_axil/c_reg[12][23]_i_2/O
                         net (fo=2, routed)           0.447    17.068    design_1_i/syst_array_axil_0/inst/u_syst_array_axil/c_reg[12][23]_i_2_n_0
    SLICE_X31Y36         LUT6 (Prop_lut6_I0_O)        0.275    17.343 r  design_1_i/syst_array_axil_0/inst/u_syst_array_axil/c_reg[12][23]_i_6/O
                         net (fo=1, routed)           0.000    17.343    design_1_i/syst_array_axil_0/inst/u_syst_array_axil/c_reg[12][23]_i_6_n_0
    SLICE_X31Y36         CARRY4 (Prop_carry4_S[3]_CO[3])
                                                      0.332    17.675 r  design_1_i/syst_array_axil_0/inst/u_syst_array_axil/c_reg_reg[12][23]_i_1/CO[3]
                         net (fo=1, routed)           0.000    17.675    design_1_i/syst_array_axil_0/inst/u_syst_array_axil/c_reg_reg[12][23]_i_1_n_0
    SLICE_X31Y37         CARRY4 (Prop_carry4_CI_CO[3])
                                                      0.098    17.773 r  design_1_i/syst_array_axil_0/inst/u_syst_array_axil/c_reg_reg[12][27]_i_1/CO[3]
                         net (fo=1, routed)           0.000    17.773    design_1_i/syst_array_axil_0/inst/u_syst_array_axil/c_reg_reg[12][27]_i_1_n_0
    SLICE_X31Y38         CARRY4 (Prop_carry4_CI_O[1])
                                                      0.265    18.038 r  design_1_i/syst_array_axil_0/inst/u_syst_array_axil/c_reg_reg[12][31]_i_1/O[1]
                         net (fo=1, routed)           0.000    18.038    design_1_i/syst_array_axil_0/inst/u_syst_array_axil/c_reg_reg[12][31]_i_1_n_6
    SLICE_X31Y38         FDCE                                         r  design_1_i/syst_array_axil_0/inst/u_syst_array_axil/c_reg_reg[12][29]/D
  -------------------------------------------------------------------    -------------------

                         (clock clk_fpga_0 rise edge)
                                                     20.000    20.000 r  
    PS7_X0Y0             PS7                          0.000    20.000 r  design_1_i/processing_system7_0/inst/PS7_i/FCLKCLK[0]
                         net (fo=1, routed)           0.905    20.906    design_1_i/processing_system7_0/inst/FCLK_CLK_unbuffered[0]
    BUFGCTRL_X0Y16       BUFG (Prop_bufg_I_O)         0.077    20.983 r  design_1_i/processing_system7_0/inst/buffer_fclk_clk_0.FCLK_CLK_0_BUFG/O
                         net (fo=2232, routed)        1.315    22.297    design_1_i/syst_array_axil_0/inst/u_syst_array_axil/clk
    SLICE_X31Y38         FDCE                                         r  design_1_i/syst_array_axil_0/inst/u_syst_array_axil/c_reg_reg[12][29]/C
                         clock pessimism              0.097    22.394    
                         clock uncertainty           -0.302    22.092    
    SLICE_X31Y38         FDCE (Setup_fdce_C_D)        0.059    22.151    design_1_i/syst_array_axil_0/inst/u_syst_array_axil/c_reg_reg[12][29]
  -------------------------------------------------------------------
                         required time                         22.151    
                         arrival time                         -18.038    
  -------------------------------------------------------------------
                         slack                                  4.113    

Slack (MET) :             4.118ns  (required time - arrival time)
  Source:                 design_1_i/syst_array_axil_0/inst/u_syst_array_axil/b_reg_reg[4][6]/C
                            (rising edge-triggered cell FDCE clocked by clk_fpga_0  {rise@0.000ns fall@10.000ns period=20.000ns})
  Destination:            design_1_i/syst_array_axil_0/inst/u_syst_array_axil/c_reg_reg[12][31]/D
                            (rising edge-triggered cell FDCE clocked by clk_fpga_0  {rise@0.000ns fall@10.000ns period=20.000ns})
  Path Group:             clk_fpga_0
  Path Type:              Setup (Max at Slow Process Corner)
  Requirement:            20.000ns  (clk_fpga_0 rise@20.000ns - clk_fpga_0 rise@0.000ns)
  Data Path Delay:        15.522ns  (logic 6.840ns (44.066%)  route 8.682ns (55.934%))
  Logic Levels:           11  (CARRY4=5 DSP48E1=2 LUT2=1 LUT3=1 LUT5=1 LUT6=1)
  Clock Path Skew:        -0.117ns (DCD - SCD + CPR)
    Destination Clock Delay (DCD):    2.297ns = ( 22.297 - 20.000 ) 
    Source Clock Delay      (SCD):    2.511ns
    Clock Pessimism Removal (CPR):    0.097ns
  Clock Uncertainty:      0.302ns  ((TSJ^2 + TIJ^2)^1/2 + DJ) / 2 + PE
    Total System Jitter     (TSJ):    0.071ns
    Total Input Jitter      (TIJ):    0.600ns
    Discrete Jitter          (DJ):    0.000ns
    Phase Error              (PE):    0.000ns

    Location             Delay type                Incr(ns)  Path(ns)    Netlist Resource(s)
  -------------------------------------------------------------------    -------------------
                         (clock clk_fpga_0 rise edge)
                                                      0.000     0.000 r  
    PS7_X0Y0             PS7                          0.000     0.000 r  design_1_i/processing_system7_0/inst/PS7_i/FCLKCLK[0]
                         net (fo=1, routed)           0.994     0.994    design_1_i/processing_system7_0/inst/FCLK_CLK_unbuffered[0]
    BUFGCTRL_X0Y16       BUFG (Prop_bufg_I_O)         0.085     1.079 r  design_1_i/processing_system7_0/inst/buffer_fclk_clk_0.FCLK_CLK_0_BUFG/O
                         net (fo=2232, routed)        1.432     2.511    design_1_i/syst_array_axil_0/inst/u_syst_array_axil/clk
    SLICE_X81Y75         FDCE                                         r  design_1_i/syst_array_axil_0/inst/u_syst_array_axil/b_reg_reg[4][6]/C
  -------------------------------------------------------------------    -------------------
    SLICE_X81Y75         FDCE (Prop_fdce_C_Q)         0.379     2.890 r  design_1_i/syst_array_axil_0/inst/u_syst_array_axil/b_reg_reg[4][6]/Q
                         net (fo=26, routed)          5.072     7.962    design_1_i/syst_array_axil_0/inst/u_syst_array_axil/b_reg_reg_n_0_[4][6]
    DSP48_X0Y12          DSP48E1 (Prop_dsp48e1_B[6]_PCOUT[47])
                                                      3.244    11.206 r  design_1_i/syst_array_axil_0/inst/u_syst_array_axil/p_0_out__131/PCOUT[47]
                         net (fo=1, routed)           0.002    11.208    design_1_i/syst_array_axil_0/inst/u_syst_array_axil/p_0_out__131_n_106
    DSP48_X0Y13          DSP48E1 (Prop_dsp48e1_PCIN[47]_P[2])
                                                      1.271    12.479 r  design_1_i/syst_array_axil_0/inst/u_syst_array_axil/p_0_out__132/P[2]
                         net (fo=2, routed)           1.685    14.164    design_1_i/syst_array_axil_0/inst/u_syst_array_axil/p_0_out__132_n_103
    SLICE_X30Y35         LUT2 (Prop_lut2_I0_O)        0.105    14.269 r  design_1_i/syst_array_axil_0/inst/u_syst_array_axil/c_reg[12][23]_i_24/O
                         net (fo=1, routed)           0.000    14.269    design_1_i/syst_array_axil_0/inst/u_syst_array_axil/c_reg[12][23]_i_24_n_0
    SLICE_X30Y35         CARRY4 (Prop_carry4_S[3]_CO[3])
                                                      0.314    14.583 r  design_1_i/syst_array_axil_0/inst/u_syst_array_axil/c_reg_reg[12][23]_i_15/CO[3]
                         net (fo=1, routed)           0.000    14.583    design_1_i/syst_array_axil_0/inst/u_syst_array_axil/c_reg_reg[12][23]_i_15_n_0
    SLICE_X30Y36         CARRY4 (Prop_carry4_CI_O[2])
                                                      0.199    14.782 r  design_1_i/syst_array_axil_0/inst/u_syst_array_axil/c_reg_reg[12][27]_i_15/O[2]
                         net (fo=3, routed)           0.689    15.471    design_1_i/syst_array_axil_0/inst/u_syst_array_axil/c_reg_reg[12][27]_i_15_n_5
    SLICE_X30Y34         LUT3 (Prop_lut3_I1_O)        0.244    15.715 r  design_1_i/syst_array_axil_0/inst/u_syst_array_axil/c_reg[12][23]_i_10/O
                         net (fo=2, routed)           0.787    16.502    design_1_i/syst_array_axil_0/inst/u_syst_array_axil/c_reg[12][23]_i_10_n_0
    SLICE_X29Y36         LUT5 (Prop_lut5_I1_O)        0.119    16.621 r  design_1_i/syst_array_axil_0/inst/u_syst_array_axil/c_reg[12][23]_i_2/O
                         net (fo=2, routed)           0.447    17.068    design_1_i/syst_array_axil_0/inst/u_syst_array_axil/c_reg[12][23]_i_2_n_0
    SLICE_X31Y36         LUT6 (Prop_lut6_I0_O)        0.275    17.343 r  design_1_i/syst_array_axil_0/inst/u_syst_array_axil/c_reg[12][23]_i_6/O
                         net (fo=1, routed)           0.000    17.343    design_1_i/syst_array_axil_0/inst/u_syst_array_axil/c_reg[12][23]_i_6_n_0
    SLICE_X31Y36         CARRY4 (Prop_carry4_S[3]_CO[3])
                                                      0.332    17.675 r  design_1_i/syst_array_axil_0/inst/u_syst_array_axil/c_reg_reg[12][23]_i_1/CO[3]
                         net (fo=1, routed)           0.000    17.675    design_1_i/syst_array_axil_0/inst/u_syst_array_axil/c_reg_reg[12][23]_i_1_n_0
    SLICE_X31Y37         CARRY4 (Prop_carry4_CI_CO[3])
                                                      0.098    17.773 r  design_1_i/syst_array_axil_0/inst/u_syst_array_axil/c_reg_reg[12][27]_i_1/CO[3]
                         net (fo=1, routed)           0.000    17.773    design_1_i/syst_array_axil_0/inst/u_syst_array_axil/c_reg_reg[12][27]_i_1_n_0
    SLICE_X31Y38         CARRY4 (Prop_carry4_CI_O[3])
                                                      0.260    18.033 r  design_1_i/syst_array_axil_0/inst/u_syst_array_axil/c_reg_reg[12][31]_i_1/O[3]
                         net (fo=1, routed)           0.000    18.033    design_1_i/syst_array_axil_0/inst/u_syst_array_axil/c_reg_reg[12][31]_i_1_n_4
    SLICE_X31Y38         FDCE                                         r  design_1_i/syst_array_axil_0/inst/u_syst_array_axil/c_reg_reg[12][31]/D
  -------------------------------------------------------------------    -------------------

                         (clock clk_fpga_0 rise edge)
                                                     20.000    20.000 r  
    PS7_X0Y0             PS7                          0.000    20.000 r  design_1_i/processing_system7_0/inst/PS7_i/FCLKCLK[0]
                         net (fo=1, routed)           0.905    20.906    design_1_i/processing_system7_0/inst/FCLK_CLK_unbuffered[0]
    BUFGCTRL_X0Y16       BUFG (Prop_bufg_I_O)         0.077    20.983 r  design_1_i/processing_system7_0/inst/buffer_fclk_clk_0.FCLK_CLK_0_BUFG/O
                         net (fo=2232, routed)        1.315    22.297    design_1_i/syst_array_axil_0/inst/u_syst_array_axil/clk
    SLICE_X31Y38         FDCE                                         r  design_1_i/syst_array_axil_0/inst/u_syst_array_axil/c_reg_reg[12][31]/C
                         clock pessimism              0.097    22.394    
                         clock uncertainty           -0.302    22.092    
    SLICE_X31Y38         FDCE (Setup_fdce_C_D)        0.059    22.151    design_1_i/syst_array_axil_0/inst/u_syst_array_axil/c_reg_reg[12][31]
  -------------------------------------------------------------------
                         required time                         22.151    
                         arrival time                         -18.033    
  -------------------------------------------------------------------
                         slack                                  4.118    

Slack (MET) :             4.146ns  (required time - arrival time)
  Source:                 design_1_i/syst_array_axil_0/inst/u_syst_array_axil/b_reg_reg[12][2]/C
                            (rising edge-triggered cell FDCE clocked by clk_fpga_0  {rise@0.000ns fall@10.000ns period=20.000ns})
  Destination:            design_1_i/syst_array_axil_0/inst/u_syst_array_axil/c_reg_reg[8][30]/D
                            (rising edge-triggered cell FDCE clocked by clk_fpga_0  {rise@0.000ns fall@10.000ns period=20.000ns})
  Path Group:             clk_fpga_0
  Path Type:              Setup (Max at Slow Process Corner)
  Requirement:            20.000ns  (clk_fpga_0 rise@20.000ns - clk_fpga_0 rise@0.000ns)
  Data Path Delay:        15.606ns  (logic 7.022ns (44.996%)  route 8.584ns (55.004%))
  Logic Levels:           11  (CARRY4=5 DSP48E1=2 LUT2=1 LUT3=1 LUT5=1 LUT6=1)
  Clock Path Skew:        -0.005ns (DCD - SCD + CPR)
    Destination Clock Delay (DCD):    2.348ns = ( 22.348 - 20.000 ) 
    Source Clock Delay      (SCD):    2.450ns
    Clock Pessimism Removal (CPR):    0.097ns
  Clock Uncertainty:      0.302ns  ((TSJ^2 + TIJ^2)^1/2 + DJ) / 2 + PE
    Total System Jitter     (TSJ):    0.071ns
    Total Input Jitter      (TIJ):    0.600ns
    Discrete Jitter          (DJ):    0.000ns
    Phase Error              (PE):    0.000ns

    Location             Delay type                Incr(ns)  Path(ns)    Netlist Resource(s)
  -------------------------------------------------------------------    -------------------
                         (clock clk_fpga_0 rise edge)
                                                      0.000     0.000 r  
    PS7_X0Y0             PS7                          0.000     0.000 r  design_1_i/processing_system7_0/inst/PS7_i/FCLKCLK[0]
                         net (fo=1, routed)           0.994     0.994    design_1_i/processing_system7_0/inst/FCLK_CLK_unbuffered[0]
    BUFGCTRL_X0Y16       BUFG (Prop_bufg_I_O)         0.085     1.079 r  design_1_i/processing_system7_0/inst/buffer_fclk_clk_0.FCLK_CLK_0_BUFG/O
                         net (fo=2232, routed)        1.371     2.450    design_1_i/syst_array_axil_0/inst/u_syst_array_axil/clk
    SLICE_X40Y74         FDCE                                         r  design_1_i/syst_array_axil_0/inst/u_syst_array_axil/b_reg_reg[12][2]/C
  -------------------------------------------------------------------    -------------------
    SLICE_X40Y74         FDCE (Prop_fdce_C_Q)         0.379     2.829 r  design_1_i/syst_array_axil_0/inst/u_syst_array_axil/b_reg_reg[12][2]/Q
                         net (fo=36, routed)          3.344     6.173    design_1_i/syst_array_axil_0/inst/u_syst_array_axil/b_reg_reg_n_0_[12][2]
    DSP48_X1Y12          DSP48E1 (Prop_dsp48e1_B[2]_PCOUT[47])
                                                      3.244     9.417 r  design_1_i/syst_array_axil_0/inst/u_syst_array_axil/p_0_out__89/PCOUT[47]
                         net (fo=1, routed)           0.002     9.419    design_1_i/syst_array_axil_0/inst/u_syst_array_axil/p_0_out__89_n_106
    DSP48_X1Y13          DSP48E1 (Prop_dsp48e1_PCIN[47]_P[0])
                                                      1.271    10.690 r  design_1_i/syst_array_axil_0/inst/u_syst_array_axil/p_0_out__90/P[0]
                         net (fo=2, routed)           1.707    12.397    design_1_i/syst_array_axil_0/inst/u_syst_array_axil/p_0_out__90_n_105
    SLICE_X37Y41         LUT2 (Prop_lut2_I0_O)        0.105    12.502 r  design_1_i/syst_array_axil_0/inst/u_syst_array_axil/c_reg[8][23]_i_20/O
                         net (fo=1, routed)           0.000    12.502    design_1_i/syst_array_axil_0/inst/u_syst_array_axil/c_reg[8][23]_i_20_n_0
    SLICE_X37Y41         CARRY4 (Prop_carry4_S[1]_CO[3])
                                                      0.457    12.959 r  design_1_i/syst_array_axil_0/inst/u_syst_array_axil/c_reg_reg[8][23]_i_13/CO[3]
                         net (fo=1, routed)           0.000    12.959    design_1_i/syst_array_axil_0/inst/u_syst_array_axil/c_reg_reg[8][23]_i_13_n_0
    SLICE_X37Y42         CARRY4 (Prop_carry4_CI_CO[3])
                                                      0.098    13.057 r  design_1_i/syst_array_axil_0/inst/u_syst_array_axil/c_reg_reg[8][27]_i_13/CO[3]
                         net (fo=1, routed)           0.000    13.057    design_1_i/syst_array_axil_0/inst/u_syst_array_axil/c_reg_reg[8][27]_i_13_n_0
    SLICE_X37Y43         CARRY4 (Prop_carry4_CI_O[0])
                                                      0.180    13.237 r  design_1_i/syst_array_axil_0/inst/u_syst_array_axil/c_reg_reg[8][31]_i_15/O[0]
                         net (fo=3, routed)           2.479    15.717    design_1_i/syst_array_axil_0/inst/u_syst_array_axil/c_reg_reg[8][31]_i_15_n_7
    SLICE_X98Y45         LUT3 (Prop_lut3_I0_O)        0.249    15.966 r  design_1_i/syst_array_axil_0/inst/u_syst_array_axil/c_reg[8][27]_i_12/O
                         net (fo=2, routed)           0.570    16.536    design_1_i/syst_array_axil_0/inst/u_syst_array_axil/c_reg[8][27]_i_12_n_0
    SLICE_X98Y45         LUT5 (Prop_lut5_I1_O)        0.118    16.654 r  design_1_i/syst_array_axil_0/inst/u_syst_array_axil/c_reg[8][27]_i_4/O
                         net (fo=2, routed)           0.481    17.135    design_1_i/syst_array_axil_0/inst/u_syst_array_axil/c_reg[8][27]_i_4_n_0
    SLICE_X97Y45         LUT6 (Prop_lut6_I0_O)        0.264    17.399 r  design_1_i/syst_array_axil_0/inst/u_syst_array_axil/c_reg[8][27]_i_8/O
                         net (fo=1, routed)           0.000    17.399    design_1_i/syst_array_axil_0/inst/u_syst_array_axil/c_reg[8][27]_i_8_n_0
    SLICE_X97Y45         CARRY4 (Prop_carry4_S[1]_CO[3])
                                                      0.457    17.856 r  design_1_i/syst_array_axil_0/inst/u_syst_array_axil/c_reg_reg[8][27]_i_1/CO[3]
                         net (fo=1, routed)           0.000    17.856    design_1_i/syst_array_axil_0/inst/u_syst_array_axil/c_reg_reg[8][27]_i_1_n_0
    SLICE_X97Y46         CARRY4 (Prop_carry4_CI_O[2])
                                                      0.200    18.056 r  design_1_i/syst_array_axil_0/inst/u_syst_array_axil/c_reg_reg[8][31]_i_1/O[2]
                         net (fo=1, routed)           0.000    18.056    design_1_i/syst_array_axil_0/inst/u_syst_array_axil/c_reg_reg[8][31]_i_1_n_5
    SLICE_X97Y46         FDCE                                         r  design_1_i/syst_array_axil_0/inst/u_syst_array_axil/c_reg_reg[8][30]/D
  -------------------------------------------------------------------    -------------------

                         (clock clk_fpga_0 rise edge)
                                                     20.000    20.000 r  
    PS7_X0Y0             PS7                          0.000    20.000 r  design_1_i/processing_system7_0/inst/PS7_i/FCLKCLK[0]
                         net (fo=1, routed)           0.905    20.906    design_1_i/processing_system7_0/inst/FCLK_CLK_unbuffered[0]
    BUFGCTRL_X0Y16       BUFG (Prop_bufg_I_O)         0.077    20.983 r  design_1_i/processing_system7_0/inst/buffer_fclk_clk_0.FCLK_CLK_0_BUFG/O
                         net (fo=2232, routed)        1.366    22.348    design_1_i/syst_array_axil_0/inst/u_syst_array_axil/clk
    SLICE_X97Y46         FDCE                                         r  design_1_i/syst_array_axil_0/inst/u_syst_array_axil/c_reg_reg[8][30]/C
                         clock pessimism              0.097    22.445    
                         clock uncertainty           -0.302    22.143    
    SLICE_X97Y46         FDCE (Setup_fdce_C_D)        0.059    22.202    design_1_i/syst_array_axil_0/inst/u_syst_array_axil/c_reg_reg[8][30]
  -------------------------------------------------------------------
                         required time                         22.202    
                         arrival time                         -18.056    
  -------------------------------------------------------------------
                         slack                                  4.146    

Slack (MET) :             4.165ns  (required time - arrival time)
  Source:                 design_1_i/syst_array_axil_0/inst/u_syst_array_axil/b_reg_reg[12][2]/C
                            (rising edge-triggered cell FDCE clocked by clk_fpga_0  {rise@0.000ns fall@10.000ns period=20.000ns})
  Destination:            design_1_i/syst_array_axil_0/inst/u_syst_array_axil/c_reg_reg[8][28]/D
                            (rising edge-triggered cell FDCE clocked by clk_fpga_0  {rise@0.000ns fall@10.000ns period=20.000ns})
  Path Group:             clk_fpga_0
  Path Type:              Setup (Max at Slow Process Corner)
  Requirement:            20.000ns  (clk_fpga_0 rise@20.000ns - clk_fpga_0 rise@0.000ns)
  Data Path Delay:        15.587ns  (logic 7.003ns (44.929%)  route 8.584ns (55.071%))
  Logic Levels:           11  (CARRY4=5 DSP48E1=2 LUT2=1 LUT3=1 LUT5=1 LUT6=1)
  Clock Path Skew:        -0.005ns (DCD - SCD + CPR)
    Destination Clock Delay (DCD):    2.348ns = ( 22.348 - 20.000 ) 
    Source Clock Delay      (SCD):    2.450ns
    Clock Pessimism Removal (CPR):    0.097ns
  Clock Uncertainty:      0.302ns  ((TSJ^2 + TIJ^2)^1/2 + DJ) / 2 + PE
    Total System Jitter     (TSJ):    0.071ns
    Total Input Jitter      (TIJ):    0.600ns
    Discrete Jitter          (DJ):    0.000ns
    Phase Error              (PE):    0.000ns

    Location             Delay type                Incr(ns)  Path(ns)    Netlist Resource(s)
  -------------------------------------------------------------------    -------------------
                         (clock clk_fpga_0 rise edge)
                                                      0.000     0.000 r  
    PS7_X0Y0             PS7                          0.000     0.000 r  design_1_i/processing_system7_0/inst/PS7_i/FCLKCLK[0]
                         net (fo=1, routed)           0.994     0.994    design_1_i/processing_system7_0/inst/FCLK_CLK_unbuffered[0]
    BUFGCTRL_X0Y16       BUFG (Prop_bufg_I_O)         0.085     1.079 r  design_1_i/processing_system7_0/inst/buffer_fclk_clk_0.FCLK_CLK_0_BUFG/O
                         net (fo=2232, routed)        1.371     2.450    design_1_i/syst_array_axil_0/inst/u_syst_array_axil/clk
    SLICE_X40Y74         FDCE                                         r  design_1_i/syst_array_axil_0/inst/u_syst_array_axil/b_reg_reg[12][2]/C
  -------------------------------------------------------------------    -------------------
    SLICE_X40Y74         FDCE (Prop_fdce_C_Q)         0.379     2.829 r  design_1_i/syst_array_axil_0/inst/u_syst_array_axil/b_reg_reg[12][2]/Q
                         net (fo=36, routed)          3.344     6.173    design_1_i/syst_array_axil_0/inst/u_syst_array_axil/b_reg_reg_n_0_[12][2]
    DSP48_X1Y12          DSP48E1 (Prop_dsp48e1_B[2]_PCOUT[47])
                                                      3.244     9.417 r  design_1_i/syst_array_axil_0/inst/u_syst_array_axil/p_0_out__89/PCOUT[47]
                         net (fo=1, routed)           0.002     9.419    design_1_i/syst_array_axil_0/inst/u_syst_array_axil/p_0_out__89_n_106
    DSP48_X1Y13          DSP48E1 (Prop_dsp48e1_PCIN[47]_P[0])
                                                      1.271    10.690 r  design_1_i/syst_array_axil_0/inst/u_syst_array_axil/p_0_out__90/P[0]
                         net (fo=2, routed)           1.707    12.397    design_1_i/syst_array_axil_0/inst/u_syst_array_axil/p_0_out__90_n_105
    SLICE_X37Y41         LUT2 (Prop_lut2_I0_O)        0.105    12.502 r  design_1_i/syst_array_axil_0/inst/u_syst_array_axil/c_reg[8][23]_i_20/O
                         net (fo=1, routed)           0.000    12.502    design_1_i/syst_array_axil_0/inst/u_syst_array_axil/c_reg[8][23]_i_20_n_0
    SLICE_X37Y41         CARRY4 (Prop_carry4_S[1]_CO[3])
                                                      0.457    12.959 r  design_1_i/syst_array_axil_0/inst/u_syst_array_axil/c_reg_reg[8][23]_i_13/CO[3]
                         net (fo=1, routed)           0.000    12.959    design_1_i/syst_array_axil_0/inst/u_syst_array_axil/c_reg_reg[8][23]_i_13_n_0
    SLICE_X37Y42         CARRY4 (Prop_carry4_CI_CO[3])
                                                      0.098    13.057 r  design_1_i/syst_array_axil_0/inst/u_syst_array_axil/c_reg_reg[8][27]_i_13/CO[3]
                         net (fo=1, routed)           0.000    13.057    design_1_i/syst_array_axil_0/inst/u_syst_array_axil/c_reg_reg[8][27]_i_13_n_0
    SLICE_X37Y43         CARRY4 (Prop_carry4_CI_O[0])
                                                      0.180    13.237 r  design_1_i/syst_array_axil_0/inst/u_syst_array_axil/c_reg_reg[8][31]_i_15/O[0]
                         net (fo=3, routed)           2.479    15.717    design_1_i/syst_array_axil_0/inst/u_syst_array_axil/c_reg_reg[8][31]_i_15_n_7
    SLICE_X98Y45         LUT3 (Prop_lut3_I0_O)        0.249    15.966 r  design_1_i/syst_array_axil_0/inst/u_syst_array_axil/c_reg[8][27]_i_12/O
                         net (fo=2, routed)           0.570    16.536    design_1_i/syst_array_axil_0/inst/u_syst_array_axil/c_reg[8][27]_i_12_n_0
    SLICE_X98Y45         LUT5 (Prop_lut5_I1_O)        0.118    16.654 r  design_1_i/syst_array_axil_0/inst/u_syst_array_axil/c_reg[8][27]_i_4/O
                         net (fo=2, routed)           0.481    17.135    design_1_i/syst_array_axil_0/inst/u_syst_array_axil/c_reg[8][27]_i_4_n_0
    SLICE_X97Y45         LUT6 (Prop_lut6_I0_O)        0.264    17.399 r  design_1_i/syst_array_axil_0/inst/u_syst_array_axil/c_reg[8][27]_i_8/O
                         net (fo=1, routed)           0.000    17.399    design_1_i/syst_array_axil_0/inst/u_syst_array_axil/c_reg[8][27]_i_8_n_0
    SLICE_X97Y45         CARRY4 (Prop_carry4_S[1]_CO[3])
                                                      0.457    17.856 r  design_1_i/syst_array_axil_0/inst/u_syst_array_axil/c_reg_reg[8][27]_i_1/CO[3]
                         net (fo=1, routed)           0.000    17.856    design_1_i/syst_array_axil_0/inst/u_syst_array_axil/c_reg_reg[8][27]_i_1_n_0
    SLICE_X97Y46         CARRY4 (Prop_carry4_CI_O[0])
                                                      0.181    18.037 r  design_1_i/syst_array_axil_0/inst/u_syst_array_axil/c_reg_reg[8][31]_i_1/O[0]
                         net (fo=1, routed)           0.000    18.037    design_1_i/syst_array_axil_0/inst/u_syst_array_axil/c_reg_reg[8][31]_i_1_n_7
    SLICE_X97Y46         FDCE                                         r  design_1_i/syst_array_axil_0/inst/u_syst_array_axil/c_reg_reg[8][28]/D
  -------------------------------------------------------------------    -------------------

                         (clock clk_fpga_0 rise edge)
                                                     20.000    20.000 r  
    PS7_X0Y0             PS7                          0.000    20.000 r  design_1_i/processing_system7_0/inst/PS7_i/FCLKCLK[0]
                         net (fo=1, routed)           0.905    20.906    design_1_i/processing_system7_0/inst/FCLK_CLK_unbuffered[0]
    BUFGCTRL_X0Y16       BUFG (Prop_bufg_I_O)         0.077    20.983 r  design_1_i/processing_system7_0/inst/buffer_fclk_clk_0.FCLK_CLK_0_BUFG/O
                         net (fo=2232, routed)        1.366    22.348    design_1_i/syst_array_axil_0/inst/u_syst_array_axil/clk
    SLICE_X97Y46         FDCE                                         r  design_1_i/syst_array_axil_0/inst/u_syst_array_axil/c_reg_reg[8][28]/C
                         clock pessimism              0.097    22.445    
                         clock uncertainty           -0.302    22.143    
    SLICE_X97Y46         FDCE (Setup_fdce_C_D)        0.059    22.202    design_1_i/syst_array_axil_0/inst/u_syst_array_axil/c_reg_reg[8][28]
  -------------------------------------------------------------------
                         required time                         22.202    
                         arrival time                         -18.037    
  -------------------------------------------------------------------
                         slack                                  4.165    





Min Delay Paths
--------------------------------------------------------------------------------------
Slack (MET) :             0.044ns  (arrival time - required time)
  Source:                 design_1_i/axi_protocol_convert_0/inst/gen_axilite.gen_b2s_conv.axilite_b2s/RD.r_channel_0/r_arid_r_reg[5]/C
                            (rising edge-triggered cell FDRE clocked by clk_fpga_0  {rise@0.000ns fall@10.000ns period=20.000ns})
  Destination:            design_1_i/axi_protocol_convert_0/inst/gen_axilite.gen_b2s_conv.axilite_b2s/RD.r_channel_0/transaction_fifo_0/memory_reg[31][6]_srl32/D
                            (rising edge-triggered cell SRLC32E clocked by clk_fpga_0  {rise@0.000ns fall@10.000ns period=20.000ns})
  Path Group:             clk_fpga_0
  Path Type:              Hold (Min at Fast Process Corner)
  Requirement:            0.000ns  (clk_fpga_0 rise@0.000ns - clk_fpga_0 rise@0.000ns)
  Data Path Delay:        0.259ns  (logic 0.141ns (54.363%)  route 0.118ns (45.637%))
  Logic Levels:           0  
  Clock Path Skew:        0.032ns (DCD - SCD - CPR)
    Destination Clock Delay (DCD):    1.207ns
    Source Clock Delay      (SCD):    0.911ns
    Clock Pessimism Removal (CPR):    0.264ns

    Location             Delay type                Incr(ns)  Path(ns)    Netlist Resource(s)
  -------------------------------------------------------------------    -------------------
                         (clock clk_fpga_0 rise edge)
                                                      0.000     0.000 r  
    PS7_X0Y0             PS7                          0.000     0.000 r  design_1_i/processing_system7_0/inst/PS7_i/FCLKCLK[0]
                         net (fo=1, routed)           0.310     0.310    design_1_i/processing_system7_0/inst/FCLK_CLK_unbuffered[0]
    BUFGCTRL_X0Y16       BUFG (Prop_bufg_I_O)         0.026     0.336 r  design_1_i/processing_system7_0/inst/buffer_fclk_clk_0.FCLK_CLK_0_BUFG/O
                         net (fo=2232, routed)        0.575     0.911    design_1_i/axi_protocol_convert_0/inst/gen_axilite.gen_b2s_conv.axilite_b2s/RD.r_channel_0/aclk
    SLICE_X28Y90         FDRE                                         r  design_1_i/axi_protocol_convert_0/inst/gen_axilite.gen_b2s_conv.axilite_b2s/RD.r_channel_0/r_arid_r_reg[5]/C
  -------------------------------------------------------------------    -------------------
    SLICE_X28Y90         FDRE (Prop_fdre_C_Q)         0.141     1.052 r  design_1_i/axi_protocol_convert_0/inst/gen_axilite.gen_b2s_conv.axilite_b2s/RD.r_channel_0/r_arid_r_reg[5]/Q
                         net (fo=1, routed)           0.118     1.170    design_1_i/axi_protocol_convert_0/inst/gen_axilite.gen_b2s_conv.axilite_b2s/RD.r_channel_0/transaction_fifo_0/in[6]
    SLICE_X26Y89         SRLC32E                                      r  design_1_i/axi_protocol_convert_0/inst/gen_axilite.gen_b2s_conv.axilite_b2s/RD.r_channel_0/transaction_fifo_0/memory_reg[31][6]_srl32/D
  -------------------------------------------------------------------    -------------------

                         (clock clk_fpga_0 rise edge)
                                                      0.000     0.000 r  
    PS7_X0Y0             PS7                          0.000     0.000 r  design_1_i/processing_system7_0/inst/PS7_i/FCLKCLK[0]
                         net (fo=1, routed)           0.337     0.337    design_1_i/processing_system7_0/inst/FCLK_CLK_unbuffered[0]
    BUFGCTRL_X0Y16       BUFG (Prop_bufg_I_O)         0.029     0.366 r  design_1_i/processing_system7_0/inst/buffer_fclk_clk_0.FCLK_CLK_0_BUFG/O
                         net (fo=2232, routed)        0.841     1.207    design_1_i/axi_protocol_convert_0/inst/gen_axilite.gen_b2s_conv.axilite_b2s/RD.r_channel_0/transaction_fifo_0/aclk
    SLICE_X26Y89         SRLC32E                                      r  design_1_i/axi_protocol_convert_0/inst/gen_axilite.gen_b2s_conv.axilite_b2s/RD.r_channel_0/transaction_fifo_0/memory_reg[31][6]_srl32/CLK
                         clock pessimism             -0.264     0.943    
    SLICE_X26Y89         SRLC32E (Hold_srlc32e_CLK_D)
                                                      0.183     1.126    design_1_i/axi_protocol_convert_0/inst/gen_axilite.gen_b2s_conv.axilite_b2s/RD.r_channel_0/transaction_fifo_0/memory_reg[31][6]_srl32
  -------------------------------------------------------------------
                         required time                         -1.126    
                         arrival time                           1.170    
  -------------------------------------------------------------------
                         slack                                  0.044    

Slack (MET) :             0.095ns  (arrival time - required time)
  Source:                 design_1_i/axi_protocol_convert_0/inst/gen_axilite.gen_b2s_conv.axilite_b2s/WR.aw_channel_0/s_awid_r_reg[7]/C
                            (rising edge-triggered cell FDRE clocked by clk_fpga_0  {rise@0.000ns fall@10.000ns period=20.000ns})
  Destination:            design_1_i/axi_protocol_convert_0/inst/gen_axilite.gen_b2s_conv.axilite_b2s/WR.b_channel_0/bid_fifo_0/memory_reg[3][15]_srl4/D
                            (rising edge-triggered cell SRL16E clocked by clk_fpga_0  {rise@0.000ns fall@10.000ns period=20.000ns})
  Path Group:             clk_fpga_0
  Path Type:              Hold (Min at Fast Process Corner)
  Requirement:            0.000ns  (clk_fpga_0 rise@0.000ns - clk_fpga_0 rise@0.000ns)
  Data Path Delay:        0.238ns  (logic 0.128ns (53.704%)  route 0.110ns (46.296%))
  Logic Levels:           0  
  Clock Path Skew:        0.013ns (DCD - SCD - CPR)
    Destination Clock Delay (DCD):    1.210ns
    Source Clock Delay      (SCD):    0.910ns
    Clock Pessimism Removal (CPR):    0.287ns

    Location             Delay type                Incr(ns)  Path(ns)    Netlist Resource(s)
  -------------------------------------------------------------------    -------------------
                         (clock clk_fpga_0 rise edge)
                                                      0.000     0.000 r  
    PS7_X0Y0             PS7                          0.000     0.000 r  design_1_i/processing_system7_0/inst/PS7_i/FCLKCLK[0]
                         net (fo=1, routed)           0.310     0.310    design_1_i/processing_system7_0/inst/FCLK_CLK_unbuffered[0]
    BUFGCTRL_X0Y16       BUFG (Prop_bufg_I_O)         0.026     0.336 r  design_1_i/processing_system7_0/inst/buffer_fclk_clk_0.FCLK_CLK_0_BUFG/O
                         net (fo=2232, routed)        0.574     0.910    design_1_i/axi_protocol_convert_0/inst/gen_axilite.gen_b2s_conv.axilite_b2s/WR.aw_channel_0/aclk
    SLICE_X27Y97         FDRE                                         r  design_1_i/axi_protocol_convert_0/inst/gen_axilite.gen_b2s_conv.axilite_b2s/WR.aw_channel_0/s_awid_r_reg[7]/C
  -------------------------------------------------------------------    -------------------
    SLICE_X27Y97         FDRE (Prop_fdre_C_Q)         0.128     1.038 r  design_1_i/axi_protocol_convert_0/inst/gen_axilite.gen_b2s_conv.axilite_b2s/WR.aw_channel_0/s_awid_r_reg[7]/Q
                         net (fo=1, routed)           0.110     1.148    design_1_i/axi_protocol_convert_0/inst/gen_axilite.gen_b2s_conv.axilite_b2s/WR.b_channel_0/bid_fifo_0/in[11]
    SLICE_X26Y97         SRL16E                                       r  design_1_i/axi_protocol_convert_0/inst/gen_axilite.gen_b2s_conv.axilite_b2s/WR.b_channel_0/bid_fifo_0/memory_reg[3][15]_srl4/D
  -------------------------------------------------------------------    -------------------

                         (clock clk_fpga_0 rise edge)
                                                      0.000     0.000 r  
    PS7_X0Y0             PS7                          0.000     0.000 r  design_1_i/processing_system7_0/inst/PS7_i/FCLKCLK[0]
                         net (fo=1, routed)           0.337     0.337    design_1_i/processing_system7_0/inst/FCLK_CLK_unbuffered[0]
    BUFGCTRL_X0Y16       BUFG (Prop_bufg_I_O)         0.029     0.366 r  design_1_i/processing_system7_0/inst/buffer_fclk_clk_0.FCLK_CLK_0_BUFG/O
                         net (fo=2232, routed)        0.844     1.210    design_1_i/axi_protocol_convert_0/inst/gen_axilite.gen_b2s_conv.axilite_b2s/WR.b_channel_0/bid_fifo_0/aclk
    SLICE_X26Y97         SRL16E                                       r  design_1_i/axi_protocol_convert_0/inst/gen_axilite.gen_b2s_conv.axilite_b2s/WR.b_channel_0/bid_fifo_0/memory_reg[3][15]_srl4/CLK
                         clock pessimism             -0.287     0.923    
    SLICE_X26Y97         SRL16E (Hold_srl16e_CLK_D)
                                                      0.130     1.053    design_1_i/axi_protocol_convert_0/inst/gen_axilite.gen_b2s_conv.axilite_b2s/WR.b_channel_0/bid_fifo_0/memory_reg[3][15]_srl4
  -------------------------------------------------------------------
                         required time                         -1.053    
                         arrival time                           1.148    
  -------------------------------------------------------------------
                         slack                                  0.095    

Slack (MET) :             0.096ns  (arrival time - required time)
  Source:                 design_1_i/axi_protocol_convert_0/inst/gen_axilite.gen_b2s_conv.axilite_b2s/SI_REG/aw.aw_pipe/skid_buffer_reg[57]/C
                            (rising edge-triggered cell FDRE clocked by clk_fpga_0  {rise@0.000ns fall@10.000ns period=20.000ns})
  Destination:            design_1_i/axi_protocol_convert_0/inst/gen_axilite.gen_b2s_conv.axilite_b2s/SI_REG/aw.aw_pipe/m_payload_i_reg[57]/D
                            (rising edge-triggered cell FDRE clocked by clk_fpga_0  {rise@0.000ns fall@10.000ns period=20.000ns})
  Path Group:             clk_fpga_0
  Path Type:              Hold (Min at Fast Process Corner)
  Requirement:            0.000ns  (clk_fpga_0 rise@0.000ns - clk_fpga_0 rise@0.000ns)
  Data Path Delay:        0.410ns  (logic 0.210ns (51.222%)  route 0.200ns (48.778%))
  Logic Levels:           1  (LUT3=1)
  Clock Path Skew:        0.183ns (DCD - SCD - CPR)
    Destination Clock Delay (DCD):    1.210ns
    Source Clock Delay      (SCD):    0.992ns
    Clock Pessimism Removal (CPR):    0.035ns

    Location             Delay type                Incr(ns)  Path(ns)    Netlist Resource(s)
  -------------------------------------------------------------------    -------------------
                         (clock clk_fpga_0 rise edge)
                                                      0.000     0.000 r  
    PS7_X0Y0             PS7                          0.000     0.000 r  design_1_i/processing_system7_0/inst/PS7_i/FCLKCLK[0]
                         net (fo=1, routed)           0.310     0.310    design_1_i/processing_system7_0/inst/FCLK_CLK_unbuffered[0]
    BUFGCTRL_X0Y16       BUFG (Prop_bufg_I_O)         0.026     0.336 r  design_1_i/processing_system7_0/inst/buffer_fclk_clk_0.FCLK_CLK_0_BUFG/O
                         net (fo=2232, routed)        0.656     0.992    design_1_i/axi_protocol_convert_0/inst/gen_axilite.gen_b2s_conv.axilite_b2s/SI_REG/aw.aw_pipe/aclk
    SLICE_X26Y100        FDRE                                         r  design_1_i/axi_protocol_convert_0/inst/gen_axilite.gen_b2s_conv.axilite_b2s/SI_REG/aw.aw_pipe/skid_buffer_reg[57]/C
  -------------------------------------------------------------------    -------------------
    SLICE_X26Y100        FDRE (Prop_fdre_C_Q)         0.164     1.156 r  design_1_i/axi_protocol_convert_0/inst/gen_axilite.gen_b2s_conv.axilite_b2s/SI_REG/aw.aw_pipe/skid_buffer_reg[57]/Q
                         net (fo=1, routed)           0.200     1.356    design_1_i/axi_protocol_convert_0/inst/gen_axilite.gen_b2s_conv.axilite_b2s/SI_REG/aw.aw_pipe/skid_buffer_reg_n_0_[57]
    SLICE_X26Y98         LUT3 (Prop_lut3_I2_O)        0.046     1.402 r  design_1_i/axi_protocol_convert_0/inst/gen_axilite.gen_b2s_conv.axilite_b2s/SI_REG/aw.aw_pipe/m_payload_i[57]_i_1/O
                         net (fo=1, routed)           0.000     1.402    design_1_i/axi_protocol_convert_0/inst/gen_axilite.gen_b2s_conv.axilite_b2s/SI_REG/aw.aw_pipe/skid_buffer[57]
    SLICE_X26Y98         FDRE                                         r  design_1_i/axi_protocol_convert_0/inst/gen_axilite.gen_b2s_conv.axilite_b2s/SI_REG/aw.aw_pipe/m_payload_i_reg[57]/D
  -------------------------------------------------------------------    -------------------

                         (clock clk_fpga_0 rise edge)
                                                      0.000     0.000 r  
    PS7_X0Y0             PS7                          0.000     0.000 r  design_1_i/processing_system7_0/inst/PS7_i/FCLKCLK[0]
                         net (fo=1, routed)           0.337     0.337    design_1_i/processing_system7_0/inst/FCLK_CLK_unbuffered[0]
    BUFGCTRL_X0Y16       BUFG (Prop_bufg_I_O)         0.029     0.366 r  design_1_i/processing_system7_0/inst/buffer_fclk_clk_0.FCLK_CLK_0_BUFG/O
                         net (fo=2232, routed)        0.844     1.210    design_1_i/axi_protocol_convert_0/inst/gen_axilite.gen_b2s_conv.axilite_b2s/SI_REG/aw.aw_pipe/aclk
    SLICE_X26Y98         FDRE                                         r  design_1_i/axi_protocol_convert_0/inst/gen_axilite.gen_b2s_conv.axilite_b2s/SI_REG/aw.aw_pipe/m_payload_i_reg[57]/C
                         clock pessimism             -0.035     1.175    
    SLICE_X26Y98         FDRE (Hold_fdre_C_D)         0.131     1.306    design_1_i/axi_protocol_convert_0/inst/gen_axilite.gen_b2s_conv.axilite_b2s/SI_REG/aw.aw_pipe/m_payload_i_reg[57]
  -------------------------------------------------------------------
                         required time                         -1.306    
                         arrival time                           1.402    
  -------------------------------------------------------------------
                         slack                                  0.096    

Slack (MET) :             0.098ns  (arrival time - required time)
  Source:                 design_1_i/axi_protocol_convert_0/inst/gen_axilite.gen_b2s_conv.axilite_b2s/RD.r_channel_0/r_arid_r_reg[3]/C
                            (rising edge-triggered cell FDRE clocked by clk_fpga_0  {rise@0.000ns fall@10.000ns period=20.000ns})
  Destination:            design_1_i/axi_protocol_convert_0/inst/gen_axilite.gen_b2s_conv.axilite_b2s/RD.r_channel_0/transaction_fifo_0/memory_reg[31][4]_srl32/D
                            (rising edge-triggered cell SRLC32E clocked by clk_fpga_0  {rise@0.000ns fall@10.000ns period=20.000ns})
  Path Group:             clk_fpga_0
  Path Type:              Hold (Min at Fast Process Corner)
  Requirement:            0.000ns  (clk_fpga_0 rise@0.000ns - clk_fpga_0 rise@0.000ns)
  Data Path Delay:        0.313ns  (logic 0.141ns (45.015%)  route 0.172ns (54.985%))
  Logic Levels:           0  
  Clock Path Skew:        0.032ns (DCD - SCD - CPR)
    Destination Clock Delay (DCD):    1.204ns
    Source Clock Delay      (SCD):    0.908ns
    Clock Pessimism Removal (CPR):    0.264ns

    Location             Delay type                Incr(ns)  Path(ns)    Netlist Resource(s)
  -------------------------------------------------------------------    -------------------
                         (clock clk_fpga_0 rise edge)
                                                      0.000     0.000 r  
    PS7_X0Y0             PS7                          0.000     0.000 r  design_1_i/processing_system7_0/inst/PS7_i/FCLKCLK[0]
                         net (fo=1, routed)           0.310     0.310    design_1_i/processing_system7_0/inst/FCLK_CLK_unbuffered[0]
    BUFGCTRL_X0Y16       BUFG (Prop_bufg_I_O)         0.026     0.336 r  design_1_i/processing_system7_0/inst/buffer_fclk_clk_0.FCLK_CLK_0_BUFG/O
                         net (fo=2232, routed)        0.572     0.908    design_1_i/axi_protocol_convert_0/inst/gen_axilite.gen_b2s_conv.axilite_b2s/RD.r_channel_0/aclk
    SLICE_X28Y85         FDRE                                         r  design_1_i/axi_protocol_convert_0/inst/gen_axilite.gen_b2s_conv.axilite_b2s/RD.r_channel_0/r_arid_r_reg[3]/C
  -------------------------------------------------------------------    -------------------
    SLICE_X28Y85         FDRE (Prop_fdre_C_Q)         0.141     1.049 r  design_1_i/axi_protocol_convert_0/inst/gen_axilite.gen_b2s_conv.axilite_b2s/RD.r_channel_0/r_arid_r_reg[3]/Q
                         net (fo=1, routed)           0.172     1.221    design_1_i/axi_protocol_convert_0/inst/gen_axilite.gen_b2s_conv.axilite_b2s/RD.r_channel_0/transaction_fifo_0/in[4]
    SLICE_X26Y86         SRLC32E                                      r  design_1_i/axi_protocol_convert_0/inst/gen_axilite.gen_b2s_conv.axilite_b2s/RD.r_channel_0/transaction_fifo_0/memory_reg[31][4]_srl32/D
  -------------------------------------------------------------------    -------------------

                         (clock clk_fpga_0 rise edge)
                                                      0.000     0.000 r  
    PS7_X0Y0             PS7                          0.000     0.000 r  design_1_i/processing_system7_0/inst/PS7_i/FCLKCLK[0]
                         net (fo=1, routed)           0.337     0.337    design_1_i/processing_system7_0/inst/FCLK_CLK_unbuffered[0]
    BUFGCTRL_X0Y16       BUFG (Prop_bufg_I_O)         0.029     0.366 r  design_1_i/processing_system7_0/inst/buffer_fclk_clk_0.FCLK_CLK_0_BUFG/O
                         net (fo=2232, routed)        0.838     1.204    design_1_i/axi_protocol_convert_0/inst/gen_axilite.gen_b2s_conv.axilite_b2s/RD.r_channel_0/transaction_fifo_0/aclk
    SLICE_X26Y86         SRLC32E                                      r  design_1_i/axi_protocol_convert_0/inst/gen_axilite.gen_b2s_conv.axilite_b2s/RD.r_channel_0/transaction_fifo_0/memory_reg[31][4]_srl32/CLK
                         clock pessimism             -0.264     0.940    
    SLICE_X26Y86         SRLC32E (Hold_srlc32e_CLK_D)
                                                      0.183     1.123    design_1_i/axi_protocol_convert_0/inst/gen_axilite.gen_b2s_conv.axilite_b2s/RD.r_channel_0/transaction_fifo_0/memory_reg[31][4]_srl32
  -------------------------------------------------------------------
                         required time                         -1.123    
                         arrival time                           1.221    
  -------------------------------------------------------------------
                         slack                                  0.098    

Slack (MET) :             0.112ns  (arrival time - required time)
  Source:                 design_1_i/axi_protocol_convert_0/inst/gen_axilite.gen_b2s_conv.axilite_b2s/RD.r_channel_0/r_arid_r_reg[1]/C
                            (rising edge-triggered cell FDRE clocked by clk_fpga_0  {rise@0.000ns fall@10.000ns period=20.000ns})
  Destination:            design_1_i/axi_protocol_convert_0/inst/gen_axilite.gen_b2s_conv.axilite_b2s/RD.r_channel_0/transaction_fifo_0/memory_reg[31][2]_srl32/D
                            (rising edge-triggered cell SRLC32E clocked by clk_fpga_0  {rise@0.000ns fall@10.000ns period=20.000ns})
  Path Group:             clk_fpga_0
  Path Type:              Hold (Min at Fast Process Corner)
  Requirement:            0.000ns  (clk_fpga_0 rise@0.000ns - clk_fpga_0 rise@0.000ns)
  Data Path Delay:        0.244ns  (logic 0.141ns (57.744%)  route 0.103ns (42.256%))
  Logic Levels:           0  
  Clock Path Skew:        0.015ns (DCD - SCD - CPR)
    Destination Clock Delay (DCD):    1.205ns
    Source Clock Delay      (SCD):    0.908ns
    Clock Pessimism Removal (CPR):    0.282ns

    Location             Delay type                Incr(ns)  Path(ns)    Netlist Resource(s)
  -------------------------------------------------------------------    -------------------
                         (clock clk_fpga_0 rise edge)
                                                      0.000     0.000 r  
    PS7_X0Y0             PS7                          0.000     0.000 r  design_1_i/processing_system7_0/inst/PS7_i/FCLKCLK[0]
                         net (fo=1, routed)           0.310     0.310    design_1_i/processing_system7_0/inst/FCLK_CLK_unbuffered[0]
    BUFGCTRL_X0Y16       BUFG (Prop_bufg_I_O)         0.026     0.336 r  design_1_i/processing_system7_0/inst/buffer_fclk_clk_0.FCLK_CLK_0_BUFG/O
                         net (fo=2232, routed)        0.572     0.908    design_1_i/axi_protocol_convert_0/inst/gen_axilite.gen_b2s_conv.axilite_b2s/RD.r_channel_0/aclk
    SLICE_X28Y85         FDRE                                         r  design_1_i/axi_protocol_convert_0/inst/gen_axilite.gen_b2s_conv.axilite_b2s/RD.r_channel_0/r_arid_r_reg[1]/C
  -------------------------------------------------------------------    -------------------
    SLICE_X28Y85         FDRE (Prop_fdre_C_Q)         0.141     1.049 r  design_1_i/axi_protocol_convert_0/inst/gen_axilite.gen_b2s_conv.axilite_b2s/RD.r_channel_0/r_arid_r_reg[1]/Q
                         net (fo=1, routed)           0.103     1.152    design_1_i/axi_protocol_convert_0/inst/gen_axilite.gen_b2s_conv.axilite_b2s/RD.r_channel_0/transaction_fifo_0/in[2]
    SLICE_X30Y86         SRLC32E                                      r  design_1_i/axi_protocol_convert_0/inst/gen_axilite.gen_b2s_conv.axilite_b2s/RD.r_channel_0/transaction_fifo_0/memory_reg[31][2]_srl32/D
  -------------------------------------------------------------------    -------------------

                         (clock clk_fpga_0 rise edge)
                                                      0.000     0.000 r  
    PS7_X0Y0             PS7                          0.000     0.000 r  design_1_i/processing_system7_0/inst/PS7_i/FCLKCLK[0]
                         net (fo=1, routed)           0.337     0.337    design_1_i/processing_system7_0/inst/FCLK_CLK_unbuffered[0]
    BUFGCTRL_X0Y16       BUFG (Prop_bufg_I_O)         0.029     0.366 r  design_1_i/processing_system7_0/inst/buffer_fclk_clk_0.FCLK_CLK_0_BUFG/O
                         net (fo=2232, routed)        0.839     1.205    design_1_i/axi_protocol_convert_0/inst/gen_axilite.gen_b2s_conv.axilite_b2s/RD.r_channel_0/transaction_fifo_0/aclk
    SLICE_X30Y86         SRLC32E                                      r  design_1_i/axi_protocol_convert_0/inst/gen_axilite.gen_b2s_conv.axilite_b2s/RD.r_channel_0/transaction_fifo_0/memory_reg[31][2]_srl32/CLK
                         clock pessimism             -0.282     0.923    
    SLICE_X30Y86         SRLC32E (Hold_srlc32e_CLK_D)
                                                      0.117     1.040    design_1_i/axi_protocol_convert_0/inst/gen_axilite.gen_b2s_conv.axilite_b2s/RD.r_channel_0/transaction_fifo_0/memory_reg[31][2]_srl32
  -------------------------------------------------------------------
                         required time                         -1.040    
                         arrival time                           1.152    
  -------------------------------------------------------------------
                         slack                                  0.112    

Slack (MET) :             0.113ns  (arrival time - required time)
  Source:                 design_1_i/axi_protocol_convert_0/inst/gen_axilite.gen_b2s_conv.axilite_b2s/SI_REG/b.b_pipe/skid_buffer_reg[12]/C
                            (rising edge-triggered cell FDRE clocked by clk_fpga_0  {rise@0.000ns fall@10.000ns period=20.000ns})
  Destination:            design_1_i/axi_protocol_convert_0/inst/gen_axilite.gen_b2s_conv.axilite_b2s/SI_REG/b.b_pipe/m_payload_i_reg[12]/D
                            (rising edge-triggered cell FDRE clocked by clk_fpga_0  {rise@0.000ns fall@10.000ns period=20.000ns})
  Path Group:             clk_fpga_0
  Path Type:              Hold (Min at Fast Process Corner)
  Requirement:            0.000ns  (clk_fpga_0 rise@0.000ns - clk_fpga_0 rise@0.000ns)
  Data Path Delay:        0.388ns  (logic 0.186ns (47.916%)  route 0.202ns (52.084%))
  Logic Levels:           1  (LUT3=1)
  Clock Path Skew:        0.183ns (DCD - SCD - CPR)
    Destination Clock Delay (DCD):    1.210ns
    Source Clock Delay      (SCD):    0.992ns
    Clock Pessimism Removal (CPR):    0.035ns

    Location             Delay type                Incr(ns)  Path(ns)    Netlist Resource(s)
  -------------------------------------------------------------------    -------------------
                         (clock clk_fpga_0 rise edge)
                                                      0.000     0.000 r  
    PS7_X0Y0             PS7                          0.000     0.000 r  design_1_i/processing_system7_0/inst/PS7_i/FCLKCLK[0]
                         net (fo=1, routed)           0.310     0.310    design_1_i/processing_system7_0/inst/FCLK_CLK_unbuffered[0]
    BUFGCTRL_X0Y16       BUFG (Prop_bufg_I_O)         0.026     0.336 r  design_1_i/processing_system7_0/inst/buffer_fclk_clk_0.FCLK_CLK_0_BUFG/O
                         net (fo=2232, routed)        0.656     0.992    design_1_i/axi_protocol_convert_0/inst/gen_axilite.gen_b2s_conv.axilite_b2s/SI_REG/b.b_pipe/aclk
    SLICE_X27Y100        FDRE                                         r  design_1_i/axi_protocol_convert_0/inst/gen_axilite.gen_b2s_conv.axilite_b2s/SI_REG/b.b_pipe/skid_buffer_reg[12]/C
  -------------------------------------------------------------------    -------------------
    SLICE_X27Y100        FDRE (Prop_fdre_C_Q)         0.141     1.133 r  design_1_i/axi_protocol_convert_0/inst/gen_axilite.gen_b2s_conv.axilite_b2s/SI_REG/b.b_pipe/skid_buffer_reg[12]/Q
                         net (fo=1, routed)           0.202     1.335    design_1_i/axi_protocol_convert_0/inst/gen_axilite.gen_b2s_conv.axilite_b2s/SI_REG/b.b_pipe/skid_buffer_reg_n_0_[12]
    SLICE_X27Y99         LUT3 (Prop_lut3_I2_O)        0.045     1.380 r  design_1_i/axi_protocol_convert_0/inst/gen_axilite.gen_b2s_conv.axilite_b2s/SI_REG/b.b_pipe/m_payload_i[12]_i_1__1/O
                         net (fo=1, routed)           0.000     1.380    design_1_i/axi_protocol_convert_0/inst/gen_axilite.gen_b2s_conv.axilite_b2s/SI_REG/b.b_pipe/m_payload_i[12]_i_1__1_n_0
    SLICE_X27Y99         FDRE                                         r  design_1_i/axi_protocol_convert_0/inst/gen_axilite.gen_b2s_conv.axilite_b2s/SI_REG/b.b_pipe/m_payload_i_reg[12]/D
  -------------------------------------------------------------------    -------------------

                         (clock clk_fpga_0 rise edge)
                                                      0.000     0.000 r  
    PS7_X0Y0             PS7                          0.000     0.000 r  design_1_i/processing_system7_0/inst/PS7_i/FCLKCLK[0]
                         net (fo=1, routed)           0.337     0.337    design_1_i/processing_system7_0/inst/FCLK_CLK_unbuffered[0]
    BUFGCTRL_X0Y16       BUFG (Prop_bufg_I_O)         0.029     0.366 r  design_1_i/processing_system7_0/inst/buffer_fclk_clk_0.FCLK_CLK_0_BUFG/O
                         net (fo=2232, routed)        0.844     1.210    design_1_i/axi_protocol_convert_0/inst/gen_axilite.gen_b2s_conv.axilite_b2s/SI_REG/b.b_pipe/aclk
    SLICE_X27Y99         FDRE                                         r  design_1_i/axi_protocol_convert_0/inst/gen_axilite.gen_b2s_conv.axilite_b2s/SI_REG/b.b_pipe/m_payload_i_reg[12]/C
                         clock pessimism             -0.035     1.175    
    SLICE_X27Y99         FDRE (Hold_fdre_C_D)         0.092     1.267    design_1_i/axi_protocol_convert_0/inst/gen_axilite.gen_b2s_conv.axilite_b2s/SI_REG/b.b_pipe/m_payload_i_reg[12]
  -------------------------------------------------------------------
                         required time                         -1.267    
                         arrival time                           1.380    
  -------------------------------------------------------------------
                         slack                                  0.113    

Slack (MET) :             0.117ns  (arrival time - required time)
  Source:                 design_1_i/axi_protocol_convert_0/inst/gen_axilite.gen_b2s_conv.axilite_b2s/WR.aw_channel_0/s_awlen_r_reg[3]/C
                            (rising edge-triggered cell FDRE clocked by clk_fpga_0  {rise@0.000ns fall@10.000ns period=20.000ns})
  Destination:            design_1_i/axi_protocol_convert_0/inst/gen_axilite.gen_b2s_conv.axilite_b2s/WR.b_channel_0/bid_fifo_0/memory_reg[3][3]_srl4/D
                            (rising edge-triggered cell SRL16E clocked by clk_fpga_0  {rise@0.000ns fall@10.000ns period=20.000ns})
  Path Group:             clk_fpga_0
  Path Type:              Hold (Min at Fast Process Corner)
  Requirement:            0.000ns  (clk_fpga_0 rise@0.000ns - clk_fpga_0 rise@0.000ns)
  Data Path Delay:        0.185ns  (logic 0.128ns (69.084%)  route 0.057ns (30.916%))
  Logic Levels:           0  
  Clock Path Skew:        0.013ns (DCD - SCD - CPR)
    Destination Clock Delay (DCD):    1.210ns
    Source Clock Delay      (SCD):    0.912ns
    Clock Pessimism Removal (CPR):    0.285ns

    Location             Delay type                Incr(ns)  Path(ns)    Netlist Resource(s)
  -------------------------------------------------------------------    -------------------
                         (clock clk_fpga_0 rise edge)
                                                      0.000     0.000 r  
    PS7_X0Y0             PS7                          0.000     0.000 r  design_1_i/processing_system7_0/inst/PS7_i/FCLKCLK[0]
                         net (fo=1, routed)           0.310     0.310    design_1_i/processing_system7_0/inst/FCLK_CLK_unbuffered[0]
    BUFGCTRL_X0Y16       BUFG (Prop_bufg_I_O)         0.026     0.336 r  design_1_i/processing_system7_0/inst/buffer_fclk_clk_0.FCLK_CLK_0_BUFG/O
                         net (fo=2232, routed)        0.576     0.912    design_1_i/axi_protocol_convert_0/inst/gen_axilite.gen_b2s_conv.axilite_b2s/WR.aw_channel_0/aclk
    SLICE_X31Y96         FDRE                                         r  design_1_i/axi_protocol_convert_0/inst/gen_axilite.gen_b2s_conv.axilite_b2s/WR.aw_channel_0/s_awlen_r_reg[3]/C
  -------------------------------------------------------------------    -------------------
    SLICE_X31Y96         FDRE (Prop_fdre_C_Q)         0.128     1.040 r  design_1_i/axi_protocol_convert_0/inst/gen_axilite.gen_b2s_conv.axilite_b2s/WR.aw_channel_0/s_awlen_r_reg[3]/Q
                         net (fo=1, routed)           0.057     1.097    design_1_i/axi_protocol_convert_0/inst/gen_axilite.gen_b2s_conv.axilite_b2s/WR.b_channel_0/bid_fifo_0/in[3]
    SLICE_X30Y96         SRL16E                                       r  design_1_i/axi_protocol_convert_0/inst/gen_axilite.gen_b2s_conv.axilite_b2s/WR.b_channel_0/bid_fifo_0/memory_reg[3][3]_srl4/D
  -------------------------------------------------------------------    -------------------

                         (clock clk_fpga_0 rise edge)
                                                      0.000     0.000 r  
    PS7_X0Y0             PS7                          0.000     0.000 r  design_1_i/processing_system7_0/inst/PS7_i/FCLKCLK[0]
                         net (fo=1, routed)           0.337     0.337    design_1_i/processing_system7_0/inst/FCLK_CLK_unbuffered[0]
    BUFGCTRL_X0Y16       BUFG (Prop_bufg_I_O)         0.029     0.366 r  design_1_i/processing_system7_0/inst/buffer_fclk_clk_0.FCLK_CLK_0_BUFG/O
                         net (fo=2232, routed)        0.844     1.210    design_1_i/axi_protocol_convert_0/inst/gen_axilite.gen_b2s_conv.axilite_b2s/WR.b_channel_0/bid_fifo_0/aclk
    SLICE_X30Y96         SRL16E                                       r  design_1_i/axi_protocol_convert_0/inst/gen_axilite.gen_b2s_conv.axilite_b2s/WR.b_channel_0/bid_fifo_0/memory_reg[3][3]_srl4/CLK
                         clock pessimism             -0.285     0.925    
    SLICE_X30Y96         SRL16E (Hold_srl16e_CLK_D)
                                                      0.055     0.980    design_1_i/axi_protocol_convert_0/inst/gen_axilite.gen_b2s_conv.axilite_b2s/WR.b_channel_0/bid_fifo_0/memory_reg[3][3]_srl4
  -------------------------------------------------------------------
                         required time                         -0.980    
                         arrival time                           1.097    
  -------------------------------------------------------------------
                         slack                                  0.117    

Slack (MET) :             0.121ns  (arrival time - required time)
  Source:                 design_1_i/proc_sys_reset_0/U0/EXT_LPF/ACTIVE_LOW_EXT.ACT_LO_EXT/syncstages_ff_reg[0]/C
                            (rising edge-triggered cell FDRE clocked by clk_fpga_0  {rise@0.000ns fall@10.000ns period=20.000ns})
  Destination:            design_1_i/proc_sys_reset_0/U0/EXT_LPF/ACTIVE_LOW_EXT.ACT_LO_EXT/syncstages_ff_reg[1]/D
                            (rising edge-triggered cell FDRE clocked by clk_fpga_0  {rise@0.000ns fall@10.000ns period=20.000ns})
  Path Group:             clk_fpga_0
  Path Type:              Hold (Min at Fast Process Corner)
  Requirement:            0.000ns  (clk_fpga_0 rise@0.000ns - clk_fpga_0 rise@0.000ns)
  Data Path Delay:        0.196ns  (logic 0.141ns (71.838%)  route 0.055ns (28.162%))
  Logic Levels:           0  
  Clock Path Skew:        0.000ns (DCD - SCD - CPR)
    Destination Clock Delay (DCD):    1.211ns
    Source Clock Delay      (SCD):    0.913ns
    Clock Pessimism Removal (CPR):    0.298ns

    Location             Delay type                Incr(ns)  Path(ns)    Netlist Resource(s)
  -------------------------------------------------------------------    -------------------
                         (clock clk_fpga_0 rise edge)
                                                      0.000     0.000 r  
    PS7_X0Y0             PS7                          0.000     0.000 r  design_1_i/processing_system7_0/inst/PS7_i/FCLKCLK[0]
                         net (fo=1, routed)           0.310     0.310    design_1_i/processing_system7_0/inst/FCLK_CLK_unbuffered[0]
    BUFGCTRL_X0Y16       BUFG (Prop_bufg_I_O)         0.026     0.336 r  design_1_i/processing_system7_0/inst/buffer_fclk_clk_0.FCLK_CLK_0_BUFG/O
                         net (fo=2232, routed)        0.577     0.913    design_1_i/proc_sys_reset_0/U0/EXT_LPF/ACTIVE_LOW_EXT.ACT_LO_EXT/dest_clk
    SLICE_X31Y99         FDRE                                         r  design_1_i/proc_sys_reset_0/U0/EXT_LPF/ACTIVE_LOW_EXT.ACT_LO_EXT/syncstages_ff_reg[0]/C
  -------------------------------------------------------------------    -------------------
    SLICE_X31Y99         FDRE (Prop_fdre_C_Q)         0.141     1.054 r  design_1_i/proc_sys_reset_0/U0/EXT_LPF/ACTIVE_LOW_EXT.ACT_LO_EXT/syncstages_ff_reg[0]/Q
                         net (fo=1, routed)           0.055     1.109    design_1_i/proc_sys_reset_0/U0/EXT_LPF/ACTIVE_LOW_EXT.ACT_LO_EXT/syncstages_ff[0]
    SLICE_X31Y99         FDRE                                         r  design_1_i/proc_sys_reset_0/U0/EXT_LPF/ACTIVE_LOW_EXT.ACT_LO_EXT/syncstages_ff_reg[1]/D
  -------------------------------------------------------------------    -------------------

                         (clock clk_fpga_0 rise edge)
                                                      0.000     0.000 r  
    PS7_X0Y0             PS7                          0.000     0.000 r  design_1_i/processing_system7_0/inst/PS7_i/FCLKCLK[0]
                         net (fo=1, routed)           0.337     0.337    design_1_i/processing_system7_0/inst/FCLK_CLK_unbuffered[0]
    BUFGCTRL_X0Y16       BUFG (Prop_bufg_I_O)         0.029     0.366 r  design_1_i/processing_system7_0/inst/buffer_fclk_clk_0.FCLK_CLK_0_BUFG/O
                         net (fo=2232, routed)        0.845     1.211    design_1_i/proc_sys_reset_0/U0/EXT_LPF/ACTIVE_LOW_EXT.ACT_LO_EXT/dest_clk
    SLICE_X31Y99         FDRE                                         r  design_1_i/proc_sys_reset_0/U0/EXT_LPF/ACTIVE_LOW_EXT.ACT_LO_EXT/syncstages_ff_reg[1]/C
                         clock pessimism             -0.298     0.913    
    SLICE_X31Y99         FDRE (Hold_fdre_C_D)         0.075     0.988    design_1_i/proc_sys_reset_0/U0/EXT_LPF/ACTIVE_LOW_EXT.ACT_LO_EXT/syncstages_ff_reg[1]
  -------------------------------------------------------------------
                         required time                         -0.988    
                         arrival time                           1.109    
  -------------------------------------------------------------------
                         slack                                  0.121    

Slack (MET) :             0.127ns  (arrival time - required time)
  Source:                 design_1_i/axi_protocol_convert_0/inst/gen_axilite.gen_b2s_conv.axilite_b2s/RD.r_channel_0/r_arid_r_reg[2]/C
                            (rising edge-triggered cell FDRE clocked by clk_fpga_0  {rise@0.000ns fall@10.000ns period=20.000ns})
  Destination:            design_1_i/axi_protocol_convert_0/inst/gen_axilite.gen_b2s_conv.axilite_b2s/RD.r_channel_0/transaction_fifo_0/memory_reg[31][3]_srl32/D
                            (rising edge-triggered cell SRLC32E clocked by clk_fpga_0  {rise@0.000ns fall@10.000ns period=20.000ns})
  Path Group:             clk_fpga_0
  Path Type:              Hold (Min at Fast Process Corner)
  Requirement:            0.000ns  (clk_fpga_0 rise@0.000ns - clk_fpga_0 rise@0.000ns)
  Data Path Delay:        0.251ns  (logic 0.141ns (56.078%)  route 0.110ns (43.922%))
  Logic Levels:           0  
  Clock Path Skew:        0.015ns (DCD - SCD - CPR)
    Destination Clock Delay (DCD):    1.204ns
    Source Clock Delay      (SCD):    0.905ns
    Clock Pessimism Removal (CPR):    0.284ns

    Location             Delay type                Incr(ns)  Path(ns)    Netlist Resource(s)
  -------------------------------------------------------------------    -------------------
                         (clock clk_fpga_0 rise edge)
                                                      0.000     0.000 r  
    PS7_X0Y0             PS7                          0.000     0.000 r  design_1_i/processing_system7_0/inst/PS7_i/FCLKCLK[0]
                         net (fo=1, routed)           0.310     0.310    design_1_i/processing_system7_0/inst/FCLK_CLK_unbuffered[0]
    BUFGCTRL_X0Y16       BUFG (Prop_bufg_I_O)         0.026     0.336 r  design_1_i/processing_system7_0/inst/buffer_fclk_clk_0.FCLK_CLK_0_BUFG/O
                         net (fo=2232, routed)        0.569     0.905    design_1_i/axi_protocol_convert_0/inst/gen_axilite.gen_b2s_conv.axilite_b2s/RD.r_channel_0/aclk
    SLICE_X27Y85         FDRE                                         r  design_1_i/axi_protocol_convert_0/inst/gen_axilite.gen_b2s_conv.axilite_b2s/RD.r_channel_0/r_arid_r_reg[2]/C
  -------------------------------------------------------------------    -------------------
    SLICE_X27Y85         FDRE (Prop_fdre_C_Q)         0.141     1.046 r  design_1_i/axi_protocol_convert_0/inst/gen_axilite.gen_b2s_conv.axilite_b2s/RD.r_channel_0/r_arid_r_reg[2]/Q
                         net (fo=1, routed)           0.110     1.156    design_1_i/axi_protocol_convert_0/inst/gen_axilite.gen_b2s_conv.axilite_b2s/RD.r_channel_0/transaction_fifo_0/in[3]
    SLICE_X26Y86         SRLC32E                                      r  design_1_i/axi_protocol_convert_0/inst/gen_axilite.gen_b2s_conv.axilite_b2s/RD.r_channel_0/transaction_fifo_0/memory_reg[31][3]_srl32/D
  -------------------------------------------------------------------    -------------------

                         (clock clk_fpga_0 rise edge)
                                                      0.000     0.000 r  
    PS7_X0Y0             PS7                          0.000     0.000 r  design_1_i/processing_system7_0/inst/PS7_i/FCLKCLK[0]
                         net (fo=1, routed)           0.337     0.337    design_1_i/processing_system7_0/inst/FCLK_CLK_unbuffered[0]
    BUFGCTRL_X0Y16       BUFG (Prop_bufg_I_O)         0.029     0.366 r  design_1_i/processing_system7_0/inst/buffer_fclk_clk_0.FCLK_CLK_0_BUFG/O
                         net (fo=2232, routed)        0.838     1.204    design_1_i/axi_protocol_convert_0/inst/gen_axilite.gen_b2s_conv.axilite_b2s/RD.r_channel_0/transaction_fifo_0/aclk
    SLICE_X26Y86         SRLC32E                                      r  design_1_i/axi_protocol_convert_0/inst/gen_axilite.gen_b2s_conv.axilite_b2s/RD.r_channel_0/transaction_fifo_0/memory_reg[31][3]_srl32/CLK
                         clock pessimism             -0.284     0.920    
    SLICE_X26Y86         SRLC32E (Hold_srlc32e_CLK_D)
                                                      0.109     1.029    design_1_i/axi_protocol_convert_0/inst/gen_axilite.gen_b2s_conv.axilite_b2s/RD.r_channel_0/transaction_fifo_0/memory_reg[31][3]_srl32
  -------------------------------------------------------------------
                         required time                         -1.029    
                         arrival time                           1.156    
  -------------------------------------------------------------------
                         slack                                  0.127    

Slack (MET) :             0.129ns  (arrival time - required time)
  Source:                 design_1_i/axi_protocol_convert_0/inst/gen_axilite.gen_b2s_conv.axilite_b2s/SI_REG/aw.aw_pipe/skid_buffer_reg[56]/C
                            (rising edge-triggered cell FDRE clocked by clk_fpga_0  {rise@0.000ns fall@10.000ns period=20.000ns})
  Destination:            design_1_i/axi_protocol_convert_0/inst/gen_axilite.gen_b2s_conv.axilite_b2s/SI_REG/aw.aw_pipe/m_payload_i_reg[56]/D
                            (rising edge-triggered cell FDRE clocked by clk_fpga_0  {rise@0.000ns fall@10.000ns period=20.000ns})
  Path Group:             clk_fpga_0
  Path Type:              Hold (Min at Fast Process Corner)
  Requirement:            0.000ns  (clk_fpga_0 rise@0.000ns - clk_fpga_0 rise@0.000ns)
  Data Path Delay:        0.432ns  (logic 0.209ns (48.381%)  route 0.223ns (51.619%))
  Logic Levels:           1  (LUT3=1)
  Clock Path Skew:        0.183ns (DCD - SCD - CPR)
    Destination Clock Delay (DCD):    1.210ns
    Source Clock Delay      (SCD):    0.992ns
    Clock Pessimism Removal (CPR):    0.035ns

    Location             Delay type                Incr(ns)  Path(ns)    Netlist Resource(s)
  -------------------------------------------------------------------    -------------------
                         (clock clk_fpga_0 rise edge)
                                                      0.000     0.000 r  
    PS7_X0Y0             PS7                          0.000     0.000 r  design_1_i/processing_system7_0/inst/PS7_i/FCLKCLK[0]
                         net (fo=1, routed)           0.310     0.310    design_1_i/processing_system7_0/inst/FCLK_CLK_unbuffered[0]
    BUFGCTRL_X0Y16       BUFG (Prop_bufg_I_O)         0.026     0.336 r  design_1_i/processing_system7_0/inst/buffer_fclk_clk_0.FCLK_CLK_0_BUFG/O
                         net (fo=2232, routed)        0.656     0.992    design_1_i/axi_protocol_convert_0/inst/gen_axilite.gen_b2s_conv.axilite_b2s/SI_REG/aw.aw_pipe/aclk
    SLICE_X26Y100        FDRE                                         r  design_1_i/axi_protocol_convert_0/inst/gen_axilite.gen_b2s_conv.axilite_b2s/SI_REG/aw.aw_pipe/skid_buffer_reg[56]/C
  -------------------------------------------------------------------    -------------------
    SLICE_X26Y100        FDRE (Prop_fdre_C_Q)         0.164     1.156 r  design_1_i/axi_protocol_convert_0/inst/gen_axilite.gen_b2s_conv.axilite_b2s/SI_REG/aw.aw_pipe/skid_buffer_reg[56]/Q
                         net (fo=1, routed)           0.223     1.379    design_1_i/axi_protocol_convert_0/inst/gen_axilite.gen_b2s_conv.axilite_b2s/SI_REG/aw.aw_pipe/skid_buffer_reg_n_0_[56]
    SLICE_X26Y98         LUT3 (Prop_lut3_I2_O)        0.045     1.424 r  design_1_i/axi_protocol_convert_0/inst/gen_axilite.gen_b2s_conv.axilite_b2s/SI_REG/aw.aw_pipe/m_payload_i[56]_i_1/O
                         net (fo=1, routed)           0.000     1.424    design_1_i/axi_protocol_convert_0/inst/gen_axilite.gen_b2s_conv.axilite_b2s/SI_REG/aw.aw_pipe/skid_buffer[56]
    SLICE_X26Y98         FDRE                                         r  design_1_i/axi_protocol_convert_0/inst/gen_axilite.gen_b2s_conv.axilite_b2s/SI_REG/aw.aw_pipe/m_payload_i_reg[56]/D
  -------------------------------------------------------------------    -------------------

                         (clock clk_fpga_0 rise edge)
                                                      0.000     0.000 r  
    PS7_X0Y0             PS7                          0.000     0.000 r  design_1_i/processing_system7_0/inst/PS7_i/FCLKCLK[0]
                         net (fo=1, routed)           0.337     0.337    design_1_i/processing_system7_0/inst/FCLK_CLK_unbuffered[0]
    BUFGCTRL_X0Y16       BUFG (Prop_bufg_I_O)         0.029     0.366 r  design_1_i/processing_system7_0/inst/buffer_fclk_clk_0.FCLK_CLK_0_BUFG/O
                         net (fo=2232, routed)        0.844     1.210    design_1_i/axi_protocol_convert_0/inst/gen_axilite.gen_b2s_conv.axilite_b2s/SI_REG/aw.aw_pipe/aclk
    SLICE_X26Y98         FDRE                                         r  design_1_i/axi_protocol_convert_0/inst/gen_axilite.gen_b2s_conv.axilite_b2s/SI_REG/aw.aw_pipe/m_payload_i_reg[56]/C
                         clock pessimism             -0.035     1.175    
    SLICE_X26Y98         FDRE (Hold_fdre_C_D)         0.120     1.295    design_1_i/axi_protocol_convert_0/inst/gen_axilite.gen_b2s_conv.axilite_b2s/SI_REG/aw.aw_pipe/m_payload_i_reg[56]
  -------------------------------------------------------------------
                         required time                         -1.295    
                         arrival time                           1.424    
  -------------------------------------------------------------------
                         slack                                  0.129    





Pulse Width Checks
--------------------------------------------------------------------------------------
Clock Name:         clk_fpga_0
Waveform(ns):       { 0.000 10.000 }
Period(ns):         20.000
Sources:            { design_1_i/processing_system7_0/inst/PS7_i/FCLKCLK[0] }

Check Type        Corner  Lib Pin      Reference Pin  Required(ns)  Actual(ns)  Slack(ns)  Location        Pin
Min Period        n/a     BUFG/I       n/a            1.592         20.000      18.408     BUFGCTRL_X0Y16  design_1_i/processing_system7_0/inst/buffer_fclk_clk_0.FCLK_CLK_0_BUFG/I
Min Period        n/a     FDRE/C       n/a            1.000         20.000      19.000     SLICE_X29Y95    design_1_i/axi_protocol_convert_0/inst/gen_axilite.gen_b2s_conv.axilite_b2s/areset_d1_reg/C
Min Period        n/a     FDRE/C       n/a            1.000         20.000      19.000     SLICE_X27Y85    design_1_i/axi_protocol_convert_0/inst/gen_axilite.gen_b2s_conv.axilite_b2s/RD.ar_channel_0/s_arid_r_reg[0]/C
Min Period        n/a     FDRE/C       n/a            1.000         20.000      19.000     SLICE_X26Y91    design_1_i/axi_protocol_convert_0/inst/gen_axilite.gen_b2s_conv.axilite_b2s/RD.ar_channel_0/s_arid_r_reg[10]/C
Min Period        n/a     FDRE/C       n/a            1.000         20.000      19.000     SLICE_X28Y90    design_1_i/axi_protocol_convert_0/inst/gen_axilite.gen_b2s_conv.axilite_b2s/RD.ar_channel_0/s_arid_r_reg[11]/C
Min Period        n/a     FDRE/C       n/a            1.000         20.000      19.000     SLICE_X28Y85    design_1_i/axi_protocol_convert_0/inst/gen_axilite.gen_b2s_conv.axilite_b2s/RD.ar_channel_0/s_arid_r_reg[1]/C
Min Period        n/a     FDRE/C       n/a            1.000         20.000      19.000     SLICE_X27Y85    design_1_i/axi_protocol_convert_0/inst/gen_axilite.gen_b2s_conv.axilite_b2s/RD.ar_channel_0/s_arid_r_reg[2]/C
Min Period        n/a     FDRE/C       n/a            1.000         20.000      19.000     SLICE_X28Y85    design_1_i/axi_protocol_convert_0/inst/gen_axilite.gen_b2s_conv.axilite_b2s/RD.ar_channel_0/s_arid_r_reg[3]/C
Min Period        n/a     FDRE/C       n/a            1.000         20.000      19.000     SLICE_X28Y83    design_1_i/axi_protocol_convert_0/inst/gen_axilite.gen_b2s_conv.axilite_b2s/RD.ar_channel_0/s_arid_r_reg[4]/C
Min Period        n/a     FDRE/C       n/a            1.000         20.000      19.000     SLICE_X28Y90    design_1_i/axi_protocol_convert_0/inst/gen_axilite.gen_b2s_conv.axilite_b2s/RD.ar_channel_0/s_arid_r_reg[5]/C
Low Pulse Width   Slow    SRLC32E/CLK  n/a            0.854         10.000      9.146      SLICE_X34Y76    design_1_i/axi_protocol_convert_0/inst/gen_axilite.gen_b2s_conv.axilite_b2s/RD.r_channel_0/rd_data_fifo_0/memory_reg[31][0]_srl32/CLK
Low Pulse Width   Fast    SRLC32E/CLK  n/a            0.854         10.000      9.146      SLICE_X34Y76    design_1_i/axi_protocol_convert_0/inst/gen_axilite.gen_b2s_conv.axilite_b2s/RD.r_channel_0/rd_data_fifo_0/memory_reg[31][0]_srl32/CLK
Low Pulse Width   Slow    SRLC32E/CLK  n/a            0.854         10.000      9.146      SLICE_X34Y76    design_1_i/axi_protocol_convert_0/inst/gen_axilite.gen_b2s_conv.axilite_b2s/RD.r_channel_0/rd_data_fifo_0/memory_reg[31][10]_srl32/CLK
Low Pulse Width   Fast    SRLC32E/CLK  n/a            0.854         10.000      9.146      SLICE_X34Y76    design_1_i/axi_protocol_convert_0/inst/gen_axilite.gen_b2s_conv.axilite_b2s/RD.r_channel_0/rd_data_fifo_0/memory_reg[31][10]_srl32/CLK
Low Pulse Width   Slow    SRLC32E/CLK  n/a            0.854         10.000      9.146      SLICE_X26Y76    design_1_i/axi_protocol_convert_0/inst/gen_axilite.gen_b2s_conv.axilite_b2s/RD.r_channel_0/rd_data_fifo_0/memory_reg[31][11]_srl32/CLK
Low Pulse Width   Fast    SRLC32E/CLK  n/a            0.854         10.000      9.146      SLICE_X26Y76    design_1_i/axi_protocol_convert_0/inst/gen_axilite.gen_b2s_conv.axilite_b2s/RD.r_channel_0/rd_data_fifo_0/memory_reg[31][11]_srl32/CLK
Low Pulse Width   Slow    SRLC32E/CLK  n/a            0.854         10.000      9.146      SLICE_X26Y76    design_1_i/axi_protocol_convert_0/inst/gen_axilite.gen_b2s_conv.axilite_b2s/RD.r_channel_0/rd_data_fifo_0/memory_reg[31][12]_srl32/CLK
Low Pulse Width   Fast    SRLC32E/CLK  n/a            0.854         10.000      9.146      SLICE_X26Y76    design_1_i/axi_protocol_convert_0/inst/gen_axilite.gen_b2s_conv.axilite_b2s/RD.r_channel_0/rd_data_fifo_0/memory_reg[31][12]_srl32/CLK
Low Pulse Width   Slow    SRLC32E/CLK  n/a            0.854         10.000      9.146      SLICE_X30Y78    design_1_i/axi_protocol_convert_0/inst/gen_axilite.gen_b2s_conv.axilite_b2s/RD.r_channel_0/rd_data_fifo_0/memory_reg[31][13]_srl32/CLK
Low Pulse Width   Fast    SRLC32E/CLK  n/a            0.854         10.000      9.146      SLICE_X30Y78    design_1_i/axi_protocol_convert_0/inst/gen_axilite.gen_b2s_conv.axilite_b2s/RD.r_channel_0/rd_data_fifo_0/memory_reg[31][13]_srl32/CLK
High Pulse Width  Slow    SRLC32E/CLK  n/a            0.854         10.000      9.146      SLICE_X34Y76    design_1_i/axi_protocol_convert_0/inst/gen_axilite.gen_b2s_conv.axilite_b2s/RD.r_channel_0/rd_data_fifo_0/memory_reg[31][0]_srl32/CLK
High Pulse Width  Fast    SRLC32E/CLK  n/a            0.854         10.000      9.146      SLICE_X34Y76    design_1_i/axi_protocol_convert_0/inst/gen_axilite.gen_b2s_conv.axilite_b2s/RD.r_channel_0/rd_data_fifo_0/memory_reg[31][0]_srl32/CLK
High Pulse Width  Slow    SRLC32E/CLK  n/a            0.854         10.000      9.146      SLICE_X34Y76    design_1_i/axi_protocol_convert_0/inst/gen_axilite.gen_b2s_conv.axilite_b2s/RD.r_channel_0/rd_data_fifo_0/memory_reg[31][10]_srl32/CLK
High Pulse Width  Fast    SRLC32E/CLK  n/a            0.854         10.000      9.146      SLICE_X34Y76    design_1_i/axi_protocol_convert_0/inst/gen_axilite.gen_b2s_conv.axilite_b2s/RD.r_channel_0/rd_data_fifo_0/memory_reg[31][10]_srl32/CLK
High Pulse Width  Slow    SRLC32E/CLK  n/a            0.854         10.000      9.146      SLICE_X26Y76    design_1_i/axi_protocol_convert_0/inst/gen_axilite.gen_b2s_conv.axilite_b2s/RD.r_channel_0/rd_data_fifo_0/memory_reg[31][11]_srl32/CLK
High Pulse Width  Fast    SRLC32E/CLK  n/a            0.854         10.000      9.146      SLICE_X26Y76    design_1_i/axi_protocol_convert_0/inst/gen_axilite.gen_b2s_conv.axilite_b2s/RD.r_channel_0/rd_data_fifo_0/memory_reg[31][11]_srl32/CLK
High Pulse Width  Slow    SRLC32E/CLK  n/a            0.854         10.000      9.146      SLICE_X26Y76    design_1_i/axi_protocol_convert_0/inst/gen_axilite.gen_b2s_conv.axilite_b2s/RD.r_channel_0/rd_data_fifo_0/memory_reg[31][12]_srl32/CLK
High Pulse Width  Fast    SRLC32E/CLK  n/a            0.854         10.000      9.146      SLICE_X26Y76    design_1_i/axi_protocol_convert_0/inst/gen_axilite.gen_b2s_conv.axilite_b2s/RD.r_channel_0/rd_data_fifo_0/memory_reg[31][12]_srl32/CLK
High Pulse Width  Slow    SRLC32E/CLK  n/a            0.854         10.000      9.146      SLICE_X30Y78    design_1_i/axi_protocol_convert_0/inst/gen_axilite.gen_b2s_conv.axilite_b2s/RD.r_channel_0/rd_data_fifo_0/memory_reg[31][13]_srl32/CLK
High Pulse Width  Fast    SRLC32E/CLK  n/a            0.854         10.000      9.146      SLICE_X30Y78    design_1_i/axi_protocol_convert_0/inst/gen_axilite.gen_b2s_conv.axilite_b2s/RD.r_channel_0/rd_data_fifo_0/memory_reg[31][13]_srl32/CLK



---------------------------------------------------------------------------------------------------
Path Group:  **async_default**
From Clock:  clk_fpga_0
  To Clock:  clk_fpga_0

Setup :            0  Failing Endpoints,  Worst Slack        5.435ns,  Total Violation        0.000ns
Hold  :            0  Failing Endpoints,  Worst Slack        0.538ns,  Total Violation        0.000ns
---------------------------------------------------------------------------------------------------


Max Delay Paths
--------------------------------------------------------------------------------------
Slack (MET) :             5.435ns  (required time - arrival time)
  Source:                 design_1_i/proc_sys_reset_0/U0/ACTIVE_LOW_PR_OUT_DFF[0].FDRE_PER_N/C
                            (rising edge-triggered cell FDRE clocked by clk_fpga_0  {rise@0.000ns fall@10.000ns period=20.000ns})
  Destination:            design_1_i/syst_array_axil_0/inst/u_syst_array_axil/a_reg_reg[5][31]_rep/CLR
                            (recovery check against rising-edge clock clk_fpga_0  {rise@0.000ns fall@10.000ns period=20.000ns})
  Path Group:             **async_default**
  Path Type:              Recovery (Max at Slow Process Corner)
  Requirement:            20.000ns  (clk_fpga_0 rise@20.000ns - clk_fpga_0 rise@0.000ns)
  Data Path Delay:        14.085ns  (logic 0.484ns (3.436%)  route 13.601ns (96.564%))
  Logic Levels:           1  (LUT1=1)
  Clock Path Skew:        0.080ns (DCD - SCD + CPR)
    Destination Clock Delay (DCD):    2.481ns = ( 22.481 - 20.000 ) 
    Source Clock Delay      (SCD):    2.510ns
    Clock Pessimism Removal (CPR):    0.109ns
  Clock Uncertainty:      0.302ns  ((TSJ^2 + TIJ^2)^1/2 + DJ) / 2 + PE
    Total System Jitter     (TSJ):    0.071ns
    Total Input Jitter      (TIJ):    0.600ns
    Discrete Jitter          (DJ):    0.000ns
    Phase Error              (PE):    0.000ns

    Location             Delay type                Incr(ns)  Path(ns)    Netlist Resource(s)
  -------------------------------------------------------------------    -------------------
                         (clock clk_fpga_0 rise edge)
                                                      0.000     0.000 r  
    PS7_X0Y0             PS7                          0.000     0.000 r  design_1_i/processing_system7_0/inst/PS7_i/FCLKCLK[0]
                         net (fo=1, routed)           0.994     0.994    design_1_i/processing_system7_0/inst/FCLK_CLK_unbuffered[0]
    BUFGCTRL_X0Y16       BUFG (Prop_bufg_I_O)         0.085     1.079 r  design_1_i/processing_system7_0/inst/buffer_fclk_clk_0.FCLK_CLK_0_BUFG/O
                         net (fo=2232, routed)        1.431     2.510    design_1_i/proc_sys_reset_0/U0/slowest_sync_clk
    SLICE_X31Y96         FDRE                                         r  design_1_i/proc_sys_reset_0/U0/ACTIVE_LOW_PR_OUT_DFF[0].FDRE_PER_N/C
  -------------------------------------------------------------------    -------------------
    SLICE_X31Y96         FDRE (Prop_fdre_C_Q)         0.379     2.889 r  design_1_i/proc_sys_reset_0/U0/ACTIVE_LOW_PR_OUT_DFF[0].FDRE_PER_N/Q
                         net (fo=4, routed)           0.411     3.300    design_1_i/syst_array_axil_0/inst/rst_n
    SLICE_X31Y96         LUT1 (Prop_lut1_I0_O)        0.105     3.405 f  design_1_i/syst_array_axil_0/inst/idle_i_2/O
                         net (fo=1707, routed)       13.190    16.595    design_1_i/syst_array_axil_0/inst/u_syst_array_axil/en_d_reg
    SLICE_X94Y110        FDCE                                         f  design_1_i/syst_array_axil_0/inst/u_syst_array_axil/a_reg_reg[5][31]_rep/CLR
  -------------------------------------------------------------------    -------------------

                         (clock clk_fpga_0 rise edge)
                                                     20.000    20.000 r  
    PS7_X0Y0             PS7                          0.000    20.000 r  design_1_i/processing_system7_0/inst/PS7_i/FCLKCLK[0]
                         net (fo=1, routed)           0.905    20.906    design_1_i/processing_system7_0/inst/FCLK_CLK_unbuffered[0]
    BUFGCTRL_X0Y16       BUFG (Prop_bufg_I_O)         0.077    20.983 r  design_1_i/processing_system7_0/inst/buffer_fclk_clk_0.FCLK_CLK_0_BUFG/O
                         net (fo=2232, routed)        1.499    22.481    design_1_i/syst_array_axil_0/inst/u_syst_array_axil/clk
    SLICE_X94Y110        FDCE                                         r  design_1_i/syst_array_axil_0/inst/u_syst_array_axil/a_reg_reg[5][31]_rep/C
                         clock pessimism              0.109    22.590    
                         clock uncertainty           -0.302    22.288    
    SLICE_X94Y110        FDCE (Recov_fdce_C_CLR)     -0.258    22.030    design_1_i/syst_array_axil_0/inst/u_syst_array_axil/a_reg_reg[5][31]_rep
  -------------------------------------------------------------------
                         required time                         22.030    
                         arrival time                         -16.595    
  -------------------------------------------------------------------
                         slack                                  5.435    

Slack (MET) :             5.435ns  (required time - arrival time)
  Source:                 design_1_i/proc_sys_reset_0/U0/ACTIVE_LOW_PR_OUT_DFF[0].FDRE_PER_N/C
                            (rising edge-triggered cell FDRE clocked by clk_fpga_0  {rise@0.000ns fall@10.000ns period=20.000ns})
  Destination:            design_1_i/syst_array_axil_0/inst/u_syst_array_axil/a_reg_reg[5][31]_rep__0/CLR
                            (recovery check against rising-edge clock clk_fpga_0  {rise@0.000ns fall@10.000ns period=20.000ns})
  Path Group:             **async_default**
  Path Type:              Recovery (Max at Slow Process Corner)
  Requirement:            20.000ns  (clk_fpga_0 rise@20.000ns - clk_fpga_0 rise@0.000ns)
  Data Path Delay:        14.085ns  (logic 0.484ns (3.436%)  route 13.601ns (96.564%))
  Logic Levels:           1  (LUT1=1)
  Clock Path Skew:        0.080ns (DCD - SCD + CPR)
    Destination Clock Delay (DCD):    2.481ns = ( 22.481 - 20.000 ) 
    Source Clock Delay      (SCD):    2.510ns
    Clock Pessimism Removal (CPR):    0.109ns
  Clock Uncertainty:      0.302ns  ((TSJ^2 + TIJ^2)^1/2 + DJ) / 2 + PE
    Total System Jitter     (TSJ):    0.071ns
    Total Input Jitter      (TIJ):    0.600ns
    Discrete Jitter          (DJ):    0.000ns
    Phase Error              (PE):    0.000ns

    Location             Delay type                Incr(ns)  Path(ns)    Netlist Resource(s)
  -------------------------------------------------------------------    -------------------
                         (clock clk_fpga_0 rise edge)
                                                      0.000     0.000 r  
    PS7_X0Y0             PS7                          0.000     0.000 r  design_1_i/processing_system7_0/inst/PS7_i/FCLKCLK[0]
                         net (fo=1, routed)           0.994     0.994    design_1_i/processing_system7_0/inst/FCLK_CLK_unbuffered[0]
    BUFGCTRL_X0Y16       BUFG (Prop_bufg_I_O)         0.085     1.079 r  design_1_i/processing_system7_0/inst/buffer_fclk_clk_0.FCLK_CLK_0_BUFG/O
                         net (fo=2232, routed)        1.431     2.510    design_1_i/proc_sys_reset_0/U0/slowest_sync_clk
    SLICE_X31Y96         FDRE                                         r  design_1_i/proc_sys_reset_0/U0/ACTIVE_LOW_PR_OUT_DFF[0].FDRE_PER_N/C
  -------------------------------------------------------------------    -------------------
    SLICE_X31Y96         FDRE (Prop_fdre_C_Q)         0.379     2.889 r  design_1_i/proc_sys_reset_0/U0/ACTIVE_LOW_PR_OUT_DFF[0].FDRE_PER_N/Q
                         net (fo=4, routed)           0.411     3.300    design_1_i/syst_array_axil_0/inst/rst_n
    SLICE_X31Y96         LUT1 (Prop_lut1_I0_O)        0.105     3.405 f  design_1_i/syst_array_axil_0/inst/idle_i_2/O
                         net (fo=1707, routed)       13.190    16.595    design_1_i/syst_array_axil_0/inst/u_syst_array_axil/en_d_reg
    SLICE_X94Y110        FDCE                                         f  design_1_i/syst_array_axil_0/inst/u_syst_array_axil/a_reg_reg[5][31]_rep__0/CLR
  -------------------------------------------------------------------    -------------------

                         (clock clk_fpga_0 rise edge)
                                                     20.000    20.000 r  
    PS7_X0Y0             PS7                          0.000    20.000 r  design_1_i/processing_system7_0/inst/PS7_i/FCLKCLK[0]
                         net (fo=1, routed)           0.905    20.906    design_1_i/processing_system7_0/inst/FCLK_CLK_unbuffered[0]
    BUFGCTRL_X0Y16       BUFG (Prop_bufg_I_O)         0.077    20.983 r  design_1_i/processing_system7_0/inst/buffer_fclk_clk_0.FCLK_CLK_0_BUFG/O
                         net (fo=2232, routed)        1.499    22.481    design_1_i/syst_array_axil_0/inst/u_syst_array_axil/clk
    SLICE_X94Y110        FDCE                                         r  design_1_i/syst_array_axil_0/inst/u_syst_array_axil/a_reg_reg[5][31]_rep__0/C
                         clock pessimism              0.109    22.590    
                         clock uncertainty           -0.302    22.288    
    SLICE_X94Y110        FDCE (Recov_fdce_C_CLR)     -0.258    22.030    design_1_i/syst_array_axil_0/inst/u_syst_array_axil/a_reg_reg[5][31]_rep__0
  -------------------------------------------------------------------
                         required time                         22.030    
                         arrival time                         -16.595    
  -------------------------------------------------------------------
                         slack                                  5.435    

Slack (MET) :             5.435ns  (required time - arrival time)
  Source:                 design_1_i/proc_sys_reset_0/U0/ACTIVE_LOW_PR_OUT_DFF[0].FDRE_PER_N/C
                            (rising edge-triggered cell FDRE clocked by clk_fpga_0  {rise@0.000ns fall@10.000ns period=20.000ns})
  Destination:            design_1_i/syst_array_axil_0/inst/u_syst_array_axil/a_reg_reg[5][31]_rep__1/CLR
                            (recovery check against rising-edge clock clk_fpga_0  {rise@0.000ns fall@10.000ns period=20.000ns})
  Path Group:             **async_default**
  Path Type:              Recovery (Max at Slow Process Corner)
  Requirement:            20.000ns  (clk_fpga_0 rise@20.000ns - clk_fpga_0 rise@0.000ns)
  Data Path Delay:        14.085ns  (logic 0.484ns (3.436%)  route 13.601ns (96.564%))
  Logic Levels:           1  (LUT1=1)
  Clock Path Skew:        0.080ns (DCD - SCD + CPR)
    Destination Clock Delay (DCD):    2.481ns = ( 22.481 - 20.000 ) 
    Source Clock Delay      (SCD):    2.510ns
    Clock Pessimism Removal (CPR):    0.109ns
  Clock Uncertainty:      0.302ns  ((TSJ^2 + TIJ^2)^1/2 + DJ) / 2 + PE
    Total System Jitter     (TSJ):    0.071ns
    Total Input Jitter      (TIJ):    0.600ns
    Discrete Jitter          (DJ):    0.000ns
    Phase Error              (PE):    0.000ns

    Location             Delay type                Incr(ns)  Path(ns)    Netlist Resource(s)
  -------------------------------------------------------------------    -------------------
                         (clock clk_fpga_0 rise edge)
                                                      0.000     0.000 r  
    PS7_X0Y0             PS7                          0.000     0.000 r  design_1_i/processing_system7_0/inst/PS7_i/FCLKCLK[0]
                         net (fo=1, routed)           0.994     0.994    design_1_i/processing_system7_0/inst/FCLK_CLK_unbuffered[0]
    BUFGCTRL_X0Y16       BUFG (Prop_bufg_I_O)         0.085     1.079 r  design_1_i/processing_system7_0/inst/buffer_fclk_clk_0.FCLK_CLK_0_BUFG/O
                         net (fo=2232, routed)        1.431     2.510    design_1_i/proc_sys_reset_0/U0/slowest_sync_clk
    SLICE_X31Y96         FDRE                                         r  design_1_i/proc_sys_reset_0/U0/ACTIVE_LOW_PR_OUT_DFF[0].FDRE_PER_N/C
  -------------------------------------------------------------------    -------------------
    SLICE_X31Y96         FDRE (Prop_fdre_C_Q)         0.379     2.889 r  design_1_i/proc_sys_reset_0/U0/ACTIVE_LOW_PR_OUT_DFF[0].FDRE_PER_N/Q
                         net (fo=4, routed)           0.411     3.300    design_1_i/syst_array_axil_0/inst/rst_n
    SLICE_X31Y96         LUT1 (Prop_lut1_I0_O)        0.105     3.405 f  design_1_i/syst_array_axil_0/inst/idle_i_2/O
                         net (fo=1707, routed)       13.190    16.595    design_1_i/syst_array_axil_0/inst/u_syst_array_axil/en_d_reg
    SLICE_X94Y110        FDCE                                         f  design_1_i/syst_array_axil_0/inst/u_syst_array_axil/a_reg_reg[5][31]_rep__1/CLR
  -------------------------------------------------------------------    -------------------

                         (clock clk_fpga_0 rise edge)
                                                     20.000    20.000 r  
    PS7_X0Y0             PS7                          0.000    20.000 r  design_1_i/processing_system7_0/inst/PS7_i/FCLKCLK[0]
                         net (fo=1, routed)           0.905    20.906    design_1_i/processing_system7_0/inst/FCLK_CLK_unbuffered[0]
    BUFGCTRL_X0Y16       BUFG (Prop_bufg_I_O)         0.077    20.983 r  design_1_i/processing_system7_0/inst/buffer_fclk_clk_0.FCLK_CLK_0_BUFG/O
                         net (fo=2232, routed)        1.499    22.481    design_1_i/syst_array_axil_0/inst/u_syst_array_axil/clk
    SLICE_X94Y110        FDCE                                         r  design_1_i/syst_array_axil_0/inst/u_syst_array_axil/a_reg_reg[5][31]_rep__1/C
                         clock pessimism              0.109    22.590    
                         clock uncertainty           -0.302    22.288    
    SLICE_X94Y110        FDCE (Recov_fdce_C_CLR)     -0.258    22.030    design_1_i/syst_array_axil_0/inst/u_syst_array_axil/a_reg_reg[5][31]_rep__1
  -------------------------------------------------------------------
                         required time                         22.030    
                         arrival time                         -16.595    
  -------------------------------------------------------------------
                         slack                                  5.435    

Slack (MET) :             5.566ns  (required time - arrival time)
  Source:                 design_1_i/proc_sys_reset_0/U0/ACTIVE_LOW_PR_OUT_DFF[0].FDRE_PER_N/C
                            (rising edge-triggered cell FDRE clocked by clk_fpga_0  {rise@0.000ns fall@10.000ns period=20.000ns})
  Destination:            design_1_i/syst_array_axil_0/inst/u_syst_array_axil/a_reg_reg[5][31]_rep__2/CLR
                            (recovery check against rising-edge clock clk_fpga_0  {rise@0.000ns fall@10.000ns period=20.000ns})
  Path Group:             **async_default**
  Path Type:              Recovery (Max at Slow Process Corner)
  Requirement:            20.000ns  (clk_fpga_0 rise@20.000ns - clk_fpga_0 rise@0.000ns)
  Data Path Delay:        13.882ns  (logic 0.484ns (3.487%)  route 13.398ns (96.513%))
  Logic Levels:           1  (LUT1=1)
  Clock Path Skew:        0.081ns (DCD - SCD + CPR)
    Destination Clock Delay (DCD):    2.482ns = ( 22.482 - 20.000 ) 
    Source Clock Delay      (SCD):    2.510ns
    Clock Pessimism Removal (CPR):    0.109ns
  Clock Uncertainty:      0.302ns  ((TSJ^2 + TIJ^2)^1/2 + DJ) / 2 + PE
    Total System Jitter     (TSJ):    0.071ns
    Total Input Jitter      (TIJ):    0.600ns
    Discrete Jitter          (DJ):    0.000ns
    Phase Error              (PE):    0.000ns

    Location             Delay type                Incr(ns)  Path(ns)    Netlist Resource(s)
  -------------------------------------------------------------------    -------------------
                         (clock clk_fpga_0 rise edge)
                                                      0.000     0.000 r  
    PS7_X0Y0             PS7                          0.000     0.000 r  design_1_i/processing_system7_0/inst/PS7_i/FCLKCLK[0]
                         net (fo=1, routed)           0.994     0.994    design_1_i/processing_system7_0/inst/FCLK_CLK_unbuffered[0]
    BUFGCTRL_X0Y16       BUFG (Prop_bufg_I_O)         0.085     1.079 r  design_1_i/processing_system7_0/inst/buffer_fclk_clk_0.FCLK_CLK_0_BUFG/O
                         net (fo=2232, routed)        1.431     2.510    design_1_i/proc_sys_reset_0/U0/slowest_sync_clk
    SLICE_X31Y96         FDRE                                         r  design_1_i/proc_sys_reset_0/U0/ACTIVE_LOW_PR_OUT_DFF[0].FDRE_PER_N/C
  -------------------------------------------------------------------    -------------------
    SLICE_X31Y96         FDRE (Prop_fdre_C_Q)         0.379     2.889 r  design_1_i/proc_sys_reset_0/U0/ACTIVE_LOW_PR_OUT_DFF[0].FDRE_PER_N/Q
                         net (fo=4, routed)           0.411     3.300    design_1_i/syst_array_axil_0/inst/rst_n
    SLICE_X31Y96         LUT1 (Prop_lut1_I0_O)        0.105     3.405 f  design_1_i/syst_array_axil_0/inst/idle_i_2/O
                         net (fo=1707, routed)       12.987    16.392    design_1_i/syst_array_axil_0/inst/u_syst_array_axil/en_d_reg
    SLICE_X93Y105        FDCE                                         f  design_1_i/syst_array_axil_0/inst/u_syst_array_axil/a_reg_reg[5][31]_rep__2/CLR
  -------------------------------------------------------------------    -------------------

                         (clock clk_fpga_0 rise edge)
                                                     20.000    20.000 r  
    PS7_X0Y0             PS7                          0.000    20.000 r  design_1_i/processing_system7_0/inst/PS7_i/FCLKCLK[0]
                         net (fo=1, routed)           0.905    20.906    design_1_i/processing_system7_0/inst/FCLK_CLK_unbuffered[0]
    BUFGCTRL_X0Y16       BUFG (Prop_bufg_I_O)         0.077    20.983 r  design_1_i/processing_system7_0/inst/buffer_fclk_clk_0.FCLK_CLK_0_BUFG/O
                         net (fo=2232, routed)        1.500    22.482    design_1_i/syst_array_axil_0/inst/u_syst_array_axil/clk
    SLICE_X93Y105        FDCE                                         r  design_1_i/syst_array_axil_0/inst/u_syst_array_axil/a_reg_reg[5][31]_rep__2/C
                         clock pessimism              0.109    22.591    
                         clock uncertainty           -0.302    22.289    
    SLICE_X93Y105        FDCE (Recov_fdce_C_CLR)     -0.331    21.958    design_1_i/syst_array_axil_0/inst/u_syst_array_axil/a_reg_reg[5][31]_rep__2
  -------------------------------------------------------------------
                         required time                         21.958    
                         arrival time                         -16.392    
  -------------------------------------------------------------------
                         slack                                  5.566    

Slack (MET) :             5.624ns  (required time - arrival time)
  Source:                 design_1_i/proc_sys_reset_0/U0/ACTIVE_LOW_PR_OUT_DFF[0].FDRE_PER_N/C
                            (rising edge-triggered cell FDRE clocked by clk_fpga_0  {rise@0.000ns fall@10.000ns period=20.000ns})
  Destination:            design_1_i/syst_array_axil_0/inst/u_syst_array_axil/a_reg_reg[6][14]_rep/CLR
                            (recovery check against rising-edge clock clk_fpga_0  {rise@0.000ns fall@10.000ns period=20.000ns})
  Path Group:             **async_default**
  Path Type:              Recovery (Max at Slow Process Corner)
  Requirement:            20.000ns  (clk_fpga_0 rise@20.000ns - clk_fpga_0 rise@0.000ns)
  Data Path Delay:        13.669ns  (logic 0.484ns (3.541%)  route 13.185ns (96.459%))
  Logic Levels:           1  (LUT1=1)
  Clock Path Skew:        -0.074ns (DCD - SCD + CPR)
    Destination Clock Delay (DCD):    2.328ns = ( 22.328 - 20.000 ) 
    Source Clock Delay      (SCD):    2.510ns
    Clock Pessimism Removal (CPR):    0.109ns
  Clock Uncertainty:      0.302ns  ((TSJ^2 + TIJ^2)^1/2 + DJ) / 2 + PE
    Total System Jitter     (TSJ):    0.071ns
    Total Input Jitter      (TIJ):    0.600ns
    Discrete Jitter          (DJ):    0.000ns
    Phase Error              (PE):    0.000ns

    Location             Delay type                Incr(ns)  Path(ns)    Netlist Resource(s)
  -------------------------------------------------------------------    -------------------
                         (clock clk_fpga_0 rise edge)
                                                      0.000     0.000 r  
    PS7_X0Y0             PS7                          0.000     0.000 r  design_1_i/processing_system7_0/inst/PS7_i/FCLKCLK[0]
                         net (fo=1, routed)           0.994     0.994    design_1_i/processing_system7_0/inst/FCLK_CLK_unbuffered[0]
    BUFGCTRL_X0Y16       BUFG (Prop_bufg_I_O)         0.085     1.079 r  design_1_i/processing_system7_0/inst/buffer_fclk_clk_0.FCLK_CLK_0_BUFG/O
                         net (fo=2232, routed)        1.431     2.510    design_1_i/proc_sys_reset_0/U0/slowest_sync_clk
    SLICE_X31Y96         FDRE                                         r  design_1_i/proc_sys_reset_0/U0/ACTIVE_LOW_PR_OUT_DFF[0].FDRE_PER_N/C
  -------------------------------------------------------------------    -------------------
    SLICE_X31Y96         FDRE (Prop_fdre_C_Q)         0.379     2.889 r  design_1_i/proc_sys_reset_0/U0/ACTIVE_LOW_PR_OUT_DFF[0].FDRE_PER_N/Q
                         net (fo=4, routed)           0.411     3.300    design_1_i/syst_array_axil_0/inst/rst_n
    SLICE_X31Y96         LUT1 (Prop_lut1_I0_O)        0.105     3.405 f  design_1_i/syst_array_axil_0/inst/idle_i_2/O
                         net (fo=1707, routed)       12.773    16.179    design_1_i/syst_array_axil_0/inst/u_syst_array_axil/en_d_reg
    SLICE_X93Y93         FDCE                                         f  design_1_i/syst_array_axil_0/inst/u_syst_array_axil/a_reg_reg[6][14]_rep/CLR
  -------------------------------------------------------------------    -------------------

                         (clock clk_fpga_0 rise edge)
                                                     20.000    20.000 r  
    PS7_X0Y0             PS7                          0.000    20.000 r  design_1_i/processing_system7_0/inst/PS7_i/FCLKCLK[0]
                         net (fo=1, routed)           0.905    20.906    design_1_i/processing_system7_0/inst/FCLK_CLK_unbuffered[0]
    BUFGCTRL_X0Y16       BUFG (Prop_bufg_I_O)         0.077    20.983 r  design_1_i/processing_system7_0/inst/buffer_fclk_clk_0.FCLK_CLK_0_BUFG/O
                         net (fo=2232, routed)        1.345    22.328    design_1_i/syst_array_axil_0/inst/u_syst_array_axil/clk
    SLICE_X93Y93         FDCE                                         r  design_1_i/syst_array_axil_0/inst/u_syst_array_axil/a_reg_reg[6][14]_rep/C
                         clock pessimism              0.109    22.436    
                         clock uncertainty           -0.302    22.134    
    SLICE_X93Y93         FDCE (Recov_fdce_C_CLR)     -0.331    21.803    design_1_i/syst_array_axil_0/inst/u_syst_array_axil/a_reg_reg[6][14]_rep
  -------------------------------------------------------------------
                         required time                         21.803    
                         arrival time                         -16.179    
  -------------------------------------------------------------------
                         slack                                  5.624    

Slack (MET) :             5.655ns  (required time - arrival time)
  Source:                 design_1_i/proc_sys_reset_0/U0/ACTIVE_LOW_PR_OUT_DFF[0].FDRE_PER_N/C
                            (rising edge-triggered cell FDRE clocked by clk_fpga_0  {rise@0.000ns fall@10.000ns period=20.000ns})
  Destination:            design_1_i/syst_array_axil_0/inst/u_syst_array_axil/a_reg_reg[5][31]_rep__5/CLR
                            (recovery check against rising-edge clock clk_fpga_0  {rise@0.000ns fall@10.000ns period=20.000ns})
  Path Group:             **async_default**
  Path Type:              Recovery (Max at Slow Process Corner)
  Requirement:            20.000ns  (clk_fpga_0 rise@20.000ns - clk_fpga_0 rise@0.000ns)
  Data Path Delay:        13.866ns  (logic 0.484ns (3.491%)  route 13.382ns (96.509%))
  Logic Levels:           1  (LUT1=1)
  Clock Path Skew:        0.081ns (DCD - SCD + CPR)
    Destination Clock Delay (DCD):    2.482ns = ( 22.482 - 20.000 ) 
    Source Clock Delay      (SCD):    2.510ns
    Clock Pessimism Removal (CPR):    0.109ns
  Clock Uncertainty:      0.302ns  ((TSJ^2 + TIJ^2)^1/2 + DJ) / 2 + PE
    Total System Jitter     (TSJ):    0.071ns
    Total Input Jitter      (TIJ):    0.600ns
    Discrete Jitter          (DJ):    0.000ns
    Phase Error              (PE):    0.000ns

    Location             Delay type                Incr(ns)  Path(ns)    Netlist Resource(s)
  -------------------------------------------------------------------    -------------------
                         (clock clk_fpga_0 rise edge)
                                                      0.000     0.000 r  
    PS7_X0Y0             PS7                          0.000     0.000 r  design_1_i/processing_system7_0/inst/PS7_i/FCLKCLK[0]
                         net (fo=1, routed)           0.994     0.994    design_1_i/processing_system7_0/inst/FCLK_CLK_unbuffered[0]
    BUFGCTRL_X0Y16       BUFG (Prop_bufg_I_O)         0.085     1.079 r  design_1_i/processing_system7_0/inst/buffer_fclk_clk_0.FCLK_CLK_0_BUFG/O
                         net (fo=2232, routed)        1.431     2.510    design_1_i/proc_sys_reset_0/U0/slowest_sync_clk
    SLICE_X31Y96         FDRE                                         r  design_1_i/proc_sys_reset_0/U0/ACTIVE_LOW_PR_OUT_DFF[0].FDRE_PER_N/C
  -------------------------------------------------------------------    -------------------
    SLICE_X31Y96         FDRE (Prop_fdre_C_Q)         0.379     2.889 r  design_1_i/proc_sys_reset_0/U0/ACTIVE_LOW_PR_OUT_DFF[0].FDRE_PER_N/Q
                         net (fo=4, routed)           0.411     3.300    design_1_i/syst_array_axil_0/inst/rst_n
    SLICE_X31Y96         LUT1 (Prop_lut1_I0_O)        0.105     3.405 f  design_1_i/syst_array_axil_0/inst/idle_i_2/O
                         net (fo=1707, routed)       12.970    16.376    design_1_i/syst_array_axil_0/inst/u_syst_array_axil/en_d_reg
    SLICE_X94Y108        FDCE                                         f  design_1_i/syst_array_axil_0/inst/u_syst_array_axil/a_reg_reg[5][31]_rep__5/CLR
  -------------------------------------------------------------------    -------------------

                         (clock clk_fpga_0 rise edge)
                                                     20.000    20.000 r  
    PS7_X0Y0             PS7                          0.000    20.000 r  design_1_i/processing_system7_0/inst/PS7_i/FCLKCLK[0]
                         net (fo=1, routed)           0.905    20.906    design_1_i/processing_system7_0/inst/FCLK_CLK_unbuffered[0]
    BUFGCTRL_X0Y16       BUFG (Prop_bufg_I_O)         0.077    20.983 r  design_1_i/processing_system7_0/inst/buffer_fclk_clk_0.FCLK_CLK_0_BUFG/O
                         net (fo=2232, routed)        1.500    22.482    design_1_i/syst_array_axil_0/inst/u_syst_array_axil/clk
    SLICE_X94Y108        FDCE                                         r  design_1_i/syst_array_axil_0/inst/u_syst_array_axil/a_reg_reg[5][31]_rep__5/C
                         clock pessimism              0.109    22.591    
                         clock uncertainty           -0.302    22.289    
    SLICE_X94Y108        FDCE (Recov_fdce_C_CLR)     -0.258    22.031    design_1_i/syst_array_axil_0/inst/u_syst_array_axil/a_reg_reg[5][31]_rep__5
  -------------------------------------------------------------------
                         required time                         22.031    
                         arrival time                         -16.376    
  -------------------------------------------------------------------
                         slack                                  5.655    

Slack (MET) :             5.774ns  (required time - arrival time)
  Source:                 design_1_i/proc_sys_reset_0/U0/ACTIVE_LOW_PR_OUT_DFF[0].FDRE_PER_N/C
                            (rising edge-triggered cell FDRE clocked by clk_fpga_0  {rise@0.000ns fall@10.000ns period=20.000ns})
  Destination:            design_1_i/syst_array_axil_0/inst/u_syst_array_axil/a_reg_reg[5][31]_rep__3/CLR
                            (recovery check against rising-edge clock clk_fpga_0  {rise@0.000ns fall@10.000ns period=20.000ns})
  Path Group:             **async_default**
  Path Type:              Recovery (Max at Slow Process Corner)
  Requirement:            20.000ns  (clk_fpga_0 rise@20.000ns - clk_fpga_0 rise@0.000ns)
  Data Path Delay:        13.748ns  (logic 0.484ns (3.520%)  route 13.264ns (96.480%))
  Logic Levels:           1  (LUT1=1)
  Clock Path Skew:        0.082ns (DCD - SCD + CPR)
    Destination Clock Delay (DCD):    2.483ns = ( 22.483 - 20.000 ) 
    Source Clock Delay      (SCD):    2.510ns
    Clock Pessimism Removal (CPR):    0.109ns
  Clock Uncertainty:      0.302ns  ((TSJ^2 + TIJ^2)^1/2 + DJ) / 2 + PE
    Total System Jitter     (TSJ):    0.071ns
    Total Input Jitter      (TIJ):    0.600ns
    Discrete Jitter          (DJ):    0.000ns
    Phase Error              (PE):    0.000ns

    Location             Delay type                Incr(ns)  Path(ns)    Netlist Resource(s)
  -------------------------------------------------------------------    -------------------
                         (clock clk_fpga_0 rise edge)
                                                      0.000     0.000 r  
    PS7_X0Y0             PS7                          0.000     0.000 r  design_1_i/processing_system7_0/inst/PS7_i/FCLKCLK[0]
                         net (fo=1, routed)           0.994     0.994    design_1_i/processing_system7_0/inst/FCLK_CLK_unbuffered[0]
    BUFGCTRL_X0Y16       BUFG (Prop_bufg_I_O)         0.085     1.079 r  design_1_i/processing_system7_0/inst/buffer_fclk_clk_0.FCLK_CLK_0_BUFG/O
                         net (fo=2232, routed)        1.431     2.510    design_1_i/proc_sys_reset_0/U0/slowest_sync_clk
    SLICE_X31Y96         FDRE                                         r  design_1_i/proc_sys_reset_0/U0/ACTIVE_LOW_PR_OUT_DFF[0].FDRE_PER_N/C
  -------------------------------------------------------------------    -------------------
    SLICE_X31Y96         FDRE (Prop_fdre_C_Q)         0.379     2.889 r  design_1_i/proc_sys_reset_0/U0/ACTIVE_LOW_PR_OUT_DFF[0].FDRE_PER_N/Q
                         net (fo=4, routed)           0.411     3.300    design_1_i/syst_array_axil_0/inst/rst_n
    SLICE_X31Y96         LUT1 (Prop_lut1_I0_O)        0.105     3.405 f  design_1_i/syst_array_axil_0/inst/idle_i_2/O
                         net (fo=1707, routed)       12.853    16.258    design_1_i/syst_array_axil_0/inst/u_syst_array_axil/en_d_reg
    SLICE_X94Y107        FDCE                                         f  design_1_i/syst_array_axil_0/inst/u_syst_array_axil/a_reg_reg[5][31]_rep__3/CLR
  -------------------------------------------------------------------    -------------------

                         (clock clk_fpga_0 rise edge)
                                                     20.000    20.000 r  
    PS7_X0Y0             PS7                          0.000    20.000 r  design_1_i/processing_system7_0/inst/PS7_i/FCLKCLK[0]
                         net (fo=1, routed)           0.905    20.906    design_1_i/processing_system7_0/inst/FCLK_CLK_unbuffered[0]
    BUFGCTRL_X0Y16       BUFG (Prop_bufg_I_O)         0.077    20.983 r  design_1_i/processing_system7_0/inst/buffer_fclk_clk_0.FCLK_CLK_0_BUFG/O
                         net (fo=2232, routed)        1.501    22.483    design_1_i/syst_array_axil_0/inst/u_syst_array_axil/clk
    SLICE_X94Y107        FDCE                                         r  design_1_i/syst_array_axil_0/inst/u_syst_array_axil/a_reg_reg[5][31]_rep__3/C
                         clock pessimism              0.109    22.592    
                         clock uncertainty           -0.302    22.290    
    SLICE_X94Y107        FDCE (Recov_fdce_C_CLR)     -0.258    22.032    design_1_i/syst_array_axil_0/inst/u_syst_array_axil/a_reg_reg[5][31]_rep__3
  -------------------------------------------------------------------
                         required time                         22.032    
                         arrival time                         -16.258    
  -------------------------------------------------------------------
                         slack                                  5.774    

Slack (MET) :             5.774ns  (required time - arrival time)
  Source:                 design_1_i/proc_sys_reset_0/U0/ACTIVE_LOW_PR_OUT_DFF[0].FDRE_PER_N/C
                            (rising edge-triggered cell FDRE clocked by clk_fpga_0  {rise@0.000ns fall@10.000ns period=20.000ns})
  Destination:            design_1_i/syst_array_axil_0/inst/u_syst_array_axil/a_reg_reg[5][31]_rep__4/CLR
                            (recovery check against rising-edge clock clk_fpga_0  {rise@0.000ns fall@10.000ns period=20.000ns})
  Path Group:             **async_default**
  Path Type:              Recovery (Max at Slow Process Corner)
  Requirement:            20.000ns  (clk_fpga_0 rise@20.000ns - clk_fpga_0 rise@0.000ns)
  Data Path Delay:        13.748ns  (logic 0.484ns (3.520%)  route 13.264ns (96.480%))
  Logic Levels:           1  (LUT1=1)
  Clock Path Skew:        0.082ns (DCD - SCD + CPR)
    Destination Clock Delay (DCD):    2.483ns = ( 22.483 - 20.000 ) 
    Source Clock Delay      (SCD):    2.510ns
    Clock Pessimism Removal (CPR):    0.109ns
  Clock Uncertainty:      0.302ns  ((TSJ^2 + TIJ^2)^1/2 + DJ) / 2 + PE
    Total System Jitter     (TSJ):    0.071ns
    Total Input Jitter      (TIJ):    0.600ns
    Discrete Jitter          (DJ):    0.000ns
    Phase Error              (PE):    0.000ns

    Location             Delay type                Incr(ns)  Path(ns)    Netlist Resource(s)
  -------------------------------------------------------------------    -------------------
                         (clock clk_fpga_0 rise edge)
                                                      0.000     0.000 r  
    PS7_X0Y0             PS7                          0.000     0.000 r  design_1_i/processing_system7_0/inst/PS7_i/FCLKCLK[0]
                         net (fo=1, routed)           0.994     0.994    design_1_i/processing_system7_0/inst/FCLK_CLK_unbuffered[0]
    BUFGCTRL_X0Y16       BUFG (Prop_bufg_I_O)         0.085     1.079 r  design_1_i/processing_system7_0/inst/buffer_fclk_clk_0.FCLK_CLK_0_BUFG/O
                         net (fo=2232, routed)        1.431     2.510    design_1_i/proc_sys_reset_0/U0/slowest_sync_clk
    SLICE_X31Y96         FDRE                                         r  design_1_i/proc_sys_reset_0/U0/ACTIVE_LOW_PR_OUT_DFF[0].FDRE_PER_N/C
  -------------------------------------------------------------------    -------------------
    SLICE_X31Y96         FDRE (Prop_fdre_C_Q)         0.379     2.889 r  design_1_i/proc_sys_reset_0/U0/ACTIVE_LOW_PR_OUT_DFF[0].FDRE_PER_N/Q
                         net (fo=4, routed)           0.411     3.300    design_1_i/syst_array_axil_0/inst/rst_n
    SLICE_X31Y96         LUT1 (Prop_lut1_I0_O)        0.105     3.405 f  design_1_i/syst_array_axil_0/inst/idle_i_2/O
                         net (fo=1707, routed)       12.853    16.258    design_1_i/syst_array_axil_0/inst/u_syst_array_axil/en_d_reg
    SLICE_X94Y107        FDCE                                         f  design_1_i/syst_array_axil_0/inst/u_syst_array_axil/a_reg_reg[5][31]_rep__4/CLR
  -------------------------------------------------------------------    -------------------

                         (clock clk_fpga_0 rise edge)
                                                     20.000    20.000 r  
    PS7_X0Y0             PS7                          0.000    20.000 r  design_1_i/processing_system7_0/inst/PS7_i/FCLKCLK[0]
                         net (fo=1, routed)           0.905    20.906    design_1_i/processing_system7_0/inst/FCLK_CLK_unbuffered[0]
    BUFGCTRL_X0Y16       BUFG (Prop_bufg_I_O)         0.077    20.983 r  design_1_i/processing_system7_0/inst/buffer_fclk_clk_0.FCLK_CLK_0_BUFG/O
                         net (fo=2232, routed)        1.501    22.483    design_1_i/syst_array_axil_0/inst/u_syst_array_axil/clk
    SLICE_X94Y107        FDCE                                         r  design_1_i/syst_array_axil_0/inst/u_syst_array_axil/a_reg_reg[5][31]_rep__4/C
                         clock pessimism              0.109    22.592    
                         clock uncertainty           -0.302    22.290    
    SLICE_X94Y107        FDCE (Recov_fdce_C_CLR)     -0.258    22.032    design_1_i/syst_array_axil_0/inst/u_syst_array_axil/a_reg_reg[5][31]_rep__4
  -------------------------------------------------------------------
                         required time                         22.032    
                         arrival time                         -16.258    
  -------------------------------------------------------------------
                         slack                                  5.774    

Slack (MET) :             5.927ns  (required time - arrival time)
  Source:                 design_1_i/proc_sys_reset_0/U0/ACTIVE_LOW_PR_OUT_DFF[0].FDRE_PER_N/C
                            (rising edge-triggered cell FDRE clocked by clk_fpga_0  {rise@0.000ns fall@10.000ns period=20.000ns})
  Destination:            design_1_i/syst_array_axil_0/inst/u_syst_array_axil/a_reg_reg[9][31]_rep__3/CLR
                            (recovery check against rising-edge clock clk_fpga_0  {rise@0.000ns fall@10.000ns period=20.000ns})
  Path Group:             **async_default**
  Path Type:              Recovery (Max at Slow Process Corner)
  Requirement:            20.000ns  (clk_fpga_0 rise@20.000ns - clk_fpga_0 rise@0.000ns)
  Data Path Delay:        13.595ns  (logic 0.484ns (3.560%)  route 13.111ns (96.440%))
  Logic Levels:           1  (LUT1=1)
  Clock Path Skew:        0.082ns (DCD - SCD + CPR)
    Destination Clock Delay (DCD):    2.483ns = ( 22.483 - 20.000 ) 
    Source Clock Delay      (SCD):    2.510ns
    Clock Pessimism Removal (CPR):    0.109ns
  Clock Uncertainty:      0.302ns  ((TSJ^2 + TIJ^2)^1/2 + DJ) / 2 + PE
    Total System Jitter     (TSJ):    0.071ns
    Total Input Jitter      (TIJ):    0.600ns
    Discrete Jitter          (DJ):    0.000ns
    Phase Error              (PE):    0.000ns

    Location             Delay type                Incr(ns)  Path(ns)    Netlist Resource(s)
  -------------------------------------------------------------------    -------------------
                         (clock clk_fpga_0 rise edge)
                                                      0.000     0.000 r  
    PS7_X0Y0             PS7                          0.000     0.000 r  design_1_i/processing_system7_0/inst/PS7_i/FCLKCLK[0]
                         net (fo=1, routed)           0.994     0.994    design_1_i/processing_system7_0/inst/FCLK_CLK_unbuffered[0]
    BUFGCTRL_X0Y16       BUFG (Prop_bufg_I_O)         0.085     1.079 r  design_1_i/processing_system7_0/inst/buffer_fclk_clk_0.FCLK_CLK_0_BUFG/O
                         net (fo=2232, routed)        1.431     2.510    design_1_i/proc_sys_reset_0/U0/slowest_sync_clk
    SLICE_X31Y96         FDRE                                         r  design_1_i/proc_sys_reset_0/U0/ACTIVE_LOW_PR_OUT_DFF[0].FDRE_PER_N/C
  -------------------------------------------------------------------    -------------------
    SLICE_X31Y96         FDRE (Prop_fdre_C_Q)         0.379     2.889 r  design_1_i/proc_sys_reset_0/U0/ACTIVE_LOW_PR_OUT_DFF[0].FDRE_PER_N/Q
                         net (fo=4, routed)           0.411     3.300    design_1_i/syst_array_axil_0/inst/rst_n
    SLICE_X31Y96         LUT1 (Prop_lut1_I0_O)        0.105     3.405 f  design_1_i/syst_array_axil_0/inst/idle_i_2/O
                         net (fo=1707, routed)       12.700    16.105    design_1_i/syst_array_axil_0/inst/u_syst_array_axil/en_d_reg
    SLICE_X94Y105        FDCE                                         f  design_1_i/syst_array_axil_0/inst/u_syst_array_axil/a_reg_reg[9][31]_rep__3/CLR
  -------------------------------------------------------------------    -------------------

                         (clock clk_fpga_0 rise edge)
                                                     20.000    20.000 r  
    PS7_X0Y0             PS7                          0.000    20.000 r  design_1_i/processing_system7_0/inst/PS7_i/FCLKCLK[0]
                         net (fo=1, routed)           0.905    20.906    design_1_i/processing_system7_0/inst/FCLK_CLK_unbuffered[0]
    BUFGCTRL_X0Y16       BUFG (Prop_bufg_I_O)         0.077    20.983 r  design_1_i/processing_system7_0/inst/buffer_fclk_clk_0.FCLK_CLK_0_BUFG/O
                         net (fo=2232, routed)        1.501    22.483    design_1_i/syst_array_axil_0/inst/u_syst_array_axil/clk
    SLICE_X94Y105        FDCE                                         r  design_1_i/syst_array_axil_0/inst/u_syst_array_axil/a_reg_reg[9][31]_rep__3/C
                         clock pessimism              0.109    22.592    
                         clock uncertainty           -0.302    22.290    
    SLICE_X94Y105        FDCE (Recov_fdce_C_CLR)     -0.258    22.032    design_1_i/syst_array_axil_0/inst/u_syst_array_axil/a_reg_reg[9][31]_rep__3
  -------------------------------------------------------------------
                         required time                         22.032    
                         arrival time                         -16.105    
  -------------------------------------------------------------------
                         slack                                  5.927    

Slack (MET) :             5.927ns  (required time - arrival time)
  Source:                 design_1_i/proc_sys_reset_0/U0/ACTIVE_LOW_PR_OUT_DFF[0].FDRE_PER_N/C
                            (rising edge-triggered cell FDRE clocked by clk_fpga_0  {rise@0.000ns fall@10.000ns period=20.000ns})
  Destination:            design_1_i/syst_array_axil_0/inst/u_syst_array_axil/a_reg_reg[9][31]_rep__4/CLR
                            (recovery check against rising-edge clock clk_fpga_0  {rise@0.000ns fall@10.000ns period=20.000ns})
  Path Group:             **async_default**
  Path Type:              Recovery (Max at Slow Process Corner)
  Requirement:            20.000ns  (clk_fpga_0 rise@20.000ns - clk_fpga_0 rise@0.000ns)
  Data Path Delay:        13.595ns  (logic 0.484ns (3.560%)  route 13.111ns (96.440%))
  Logic Levels:           1  (LUT1=1)
  Clock Path Skew:        0.082ns (DCD - SCD + CPR)
    Destination Clock Delay (DCD):    2.483ns = ( 22.483 - 20.000 ) 
    Source Clock Delay      (SCD):    2.510ns
    Clock Pessimism Removal (CPR):    0.109ns
  Clock Uncertainty:      0.302ns  ((TSJ^2 + TIJ^2)^1/2 + DJ) / 2 + PE
    Total System Jitter     (TSJ):    0.071ns
    Total Input Jitter      (TIJ):    0.600ns
    Discrete Jitter          (DJ):    0.000ns
    Phase Error              (PE):    0.000ns

    Location             Delay type                Incr(ns)  Path(ns)    Netlist Resource(s)
  -------------------------------------------------------------------    -------------------
                         (clock clk_fpga_0 rise edge)
                                                      0.000     0.000 r  
    PS7_X0Y0             PS7                          0.000     0.000 r  design_1_i/processing_system7_0/inst/PS7_i/FCLKCLK[0]
                         net (fo=1, routed)           0.994     0.994    design_1_i/processing_system7_0/inst/FCLK_CLK_unbuffered[0]
    BUFGCTRL_X0Y16       BUFG (Prop_bufg_I_O)         0.085     1.079 r  design_1_i/processing_system7_0/inst/buffer_fclk_clk_0.FCLK_CLK_0_BUFG/O
                         net (fo=2232, routed)        1.431     2.510    design_1_i/proc_sys_reset_0/U0/slowest_sync_clk
    SLICE_X31Y96         FDRE                                         r  design_1_i/proc_sys_reset_0/U0/ACTIVE_LOW_PR_OUT_DFF[0].FDRE_PER_N/C
  -------------------------------------------------------------------    -------------------
    SLICE_X31Y96         FDRE (Prop_fdre_C_Q)         0.379     2.889 r  design_1_i/proc_sys_reset_0/U0/ACTIVE_LOW_PR_OUT_DFF[0].FDRE_PER_N/Q
                         net (fo=4, routed)           0.411     3.300    design_1_i/syst_array_axil_0/inst/rst_n
    SLICE_X31Y96         LUT1 (Prop_lut1_I0_O)        0.105     3.405 f  design_1_i/syst_array_axil_0/inst/idle_i_2/O
                         net (fo=1707, routed)       12.700    16.105    design_1_i/syst_array_axil_0/inst/u_syst_array_axil/en_d_reg
    SLICE_X94Y105        FDCE                                         f  design_1_i/syst_array_axil_0/inst/u_syst_array_axil/a_reg_reg[9][31]_rep__4/CLR
  -------------------------------------------------------------------    -------------------

                         (clock clk_fpga_0 rise edge)
                                                     20.000    20.000 r  
    PS7_X0Y0             PS7                          0.000    20.000 r  design_1_i/processing_system7_0/inst/PS7_i/FCLKCLK[0]
                         net (fo=1, routed)           0.905    20.906    design_1_i/processing_system7_0/inst/FCLK_CLK_unbuffered[0]
    BUFGCTRL_X0Y16       BUFG (Prop_bufg_I_O)         0.077    20.983 r  design_1_i/processing_system7_0/inst/buffer_fclk_clk_0.FCLK_CLK_0_BUFG/O
                         net (fo=2232, routed)        1.501    22.483    design_1_i/syst_array_axil_0/inst/u_syst_array_axil/clk
    SLICE_X94Y105        FDCE                                         r  design_1_i/syst_array_axil_0/inst/u_syst_array_axil/a_reg_reg[9][31]_rep__4/C
                         clock pessimism              0.109    22.592    
                         clock uncertainty           -0.302    22.290    
    SLICE_X94Y105        FDCE (Recov_fdce_C_CLR)     -0.258    22.032    design_1_i/syst_array_axil_0/inst/u_syst_array_axil/a_reg_reg[9][31]_rep__4
  -------------------------------------------------------------------
                         required time                         22.032    
                         arrival time                         -16.105    
  -------------------------------------------------------------------
                         slack                                  5.927    





Min Delay Paths
--------------------------------------------------------------------------------------
Slack (MET) :             0.538ns  (arrival time - required time)
  Source:                 design_1_i/proc_sys_reset_0/U0/ACTIVE_LOW_PR_OUT_DFF[0].FDRE_PER_N/C
                            (rising edge-triggered cell FDRE clocked by clk_fpga_0  {rise@0.000ns fall@10.000ns period=20.000ns})
  Destination:            design_1_i/syst_array_axil_0/inst/u_syst_array_axil/a_reg_reg[11][31]_rep__0/CLR
                            (removal check against rising-edge clock clk_fpga_0  {rise@0.000ns fall@10.000ns period=20.000ns})
  Path Group:             **async_default**
  Path Type:              Removal (Min at Fast Process Corner)
  Requirement:            0.000ns  (clk_fpga_0 rise@0.000ns - clk_fpga_0 rise@0.000ns)
  Data Path Delay:        0.802ns  (logic 0.186ns (23.205%)  route 0.616ns (76.795%))
  Logic Levels:           1  (LUT1=1)
  Clock Path Skew:        0.330ns (DCD - SCD - CPR)
    Destination Clock Delay (DCD):    1.277ns
    Source Clock Delay      (SCD):    0.912ns
    Clock Pessimism Removal (CPR):    0.035ns

    Location             Delay type                Incr(ns)  Path(ns)    Netlist Resource(s)
  -------------------------------------------------------------------    -------------------
                         (clock clk_fpga_0 rise edge)
                                                      0.000     0.000 r  
    PS7_X0Y0             PS7                          0.000     0.000 r  design_1_i/processing_system7_0/inst/PS7_i/FCLKCLK[0]
                         net (fo=1, routed)           0.310     0.310    design_1_i/processing_system7_0/inst/FCLK_CLK_unbuffered[0]
    BUFGCTRL_X0Y16       BUFG (Prop_bufg_I_O)         0.026     0.336 r  design_1_i/processing_system7_0/inst/buffer_fclk_clk_0.FCLK_CLK_0_BUFG/O
                         net (fo=2232, routed)        0.576     0.912    design_1_i/proc_sys_reset_0/U0/slowest_sync_clk
    SLICE_X31Y96         FDRE                                         r  design_1_i/proc_sys_reset_0/U0/ACTIVE_LOW_PR_OUT_DFF[0].FDRE_PER_N/C
  -------------------------------------------------------------------    -------------------
    SLICE_X31Y96         FDRE (Prop_fdre_C_Q)         0.141     1.053 r  design_1_i/proc_sys_reset_0/U0/ACTIVE_LOW_PR_OUT_DFF[0].FDRE_PER_N/Q
                         net (fo=4, routed)           0.169     1.222    design_1_i/syst_array_axil_0/inst/rst_n
    SLICE_X31Y96         LUT1 (Prop_lut1_I0_O)        0.045     1.267 f  design_1_i/syst_array_axil_0/inst/idle_i_2/O
                         net (fo=1707, routed)        0.446     1.713    design_1_i/syst_array_axil_0/inst/u_syst_array_axil/en_d_reg
    SLICE_X36Y100        FDCE                                         f  design_1_i/syst_array_axil_0/inst/u_syst_array_axil/a_reg_reg[11][31]_rep__0/CLR
  -------------------------------------------------------------------    -------------------

                         (clock clk_fpga_0 rise edge)
                                                      0.000     0.000 r  
    PS7_X0Y0             PS7                          0.000     0.000 r  design_1_i/processing_system7_0/inst/PS7_i/FCLKCLK[0]
                         net (fo=1, routed)           0.337     0.337    design_1_i/processing_system7_0/inst/FCLK_CLK_unbuffered[0]
    BUFGCTRL_X0Y16       BUFG (Prop_bufg_I_O)         0.029     0.366 r  design_1_i/processing_system7_0/inst/buffer_fclk_clk_0.FCLK_CLK_0_BUFG/O
                         net (fo=2232, routed)        0.911     1.277    design_1_i/syst_array_axil_0/inst/u_syst_array_axil/clk
    SLICE_X36Y100        FDCE                                         r  design_1_i/syst_array_axil_0/inst/u_syst_array_axil/a_reg_reg[11][31]_rep__0/C
                         clock pessimism             -0.035     1.242    
    SLICE_X36Y100        FDCE (Remov_fdce_C_CLR)     -0.067     1.175    design_1_i/syst_array_axil_0/inst/u_syst_array_axil/a_reg_reg[11][31]_rep__0
  -------------------------------------------------------------------
                         required time                         -1.175    
                         arrival time                           1.713    
  -------------------------------------------------------------------
                         slack                                  0.538    

Slack (MET) :             0.710ns  (arrival time - required time)
  Source:                 design_1_i/proc_sys_reset_0/U0/ACTIVE_LOW_PR_OUT_DFF[0].FDRE_PER_N/C
                            (rising edge-triggered cell FDRE clocked by clk_fpga_0  {rise@0.000ns fall@10.000ns period=20.000ns})
  Destination:            design_1_i/syst_array_axil_0/inst/u_syst_array_axil/a_reg_reg[11][31]_rep/CLR
                            (removal check against rising-edge clock clk_fpga_0  {rise@0.000ns fall@10.000ns period=20.000ns})
  Path Group:             **async_default**
  Path Type:              Removal (Min at Fast Process Corner)
  Requirement:            0.000ns  (clk_fpga_0 rise@0.000ns - clk_fpga_0 rise@0.000ns)
  Data Path Delay:        0.973ns  (logic 0.186ns (19.126%)  route 0.787ns (80.874%))
  Logic Levels:           1  (LUT1=1)
  Clock Path Skew:        0.329ns (DCD - SCD - CPR)
    Destination Clock Delay (DCD):    1.276ns
    Source Clock Delay      (SCD):    0.912ns
    Clock Pessimism Removal (CPR):    0.035ns

    Location             Delay type                Incr(ns)  Path(ns)    Netlist Resource(s)
  -------------------------------------------------------------------    -------------------
                         (clock clk_fpga_0 rise edge)
                                                      0.000     0.000 r  
    PS7_X0Y0             PS7                          0.000     0.000 r  design_1_i/processing_system7_0/inst/PS7_i/FCLKCLK[0]
                         net (fo=1, routed)           0.310     0.310    design_1_i/processing_system7_0/inst/FCLK_CLK_unbuffered[0]
    BUFGCTRL_X0Y16       BUFG (Prop_bufg_I_O)         0.026     0.336 r  design_1_i/processing_system7_0/inst/buffer_fclk_clk_0.FCLK_CLK_0_BUFG/O
                         net (fo=2232, routed)        0.576     0.912    design_1_i/proc_sys_reset_0/U0/slowest_sync_clk
    SLICE_X31Y96         FDRE                                         r  design_1_i/proc_sys_reset_0/U0/ACTIVE_LOW_PR_OUT_DFF[0].FDRE_PER_N/C
  -------------------------------------------------------------------    -------------------
    SLICE_X31Y96         FDRE (Prop_fdre_C_Q)         0.141     1.053 r  design_1_i/proc_sys_reset_0/U0/ACTIVE_LOW_PR_OUT_DFF[0].FDRE_PER_N/Q
                         net (fo=4, routed)           0.169     1.222    design_1_i/syst_array_axil_0/inst/rst_n
    SLICE_X31Y96         LUT1 (Prop_lut1_I0_O)        0.045     1.267 f  design_1_i/syst_array_axil_0/inst/idle_i_2/O
                         net (fo=1707, routed)        0.617     1.884    design_1_i/syst_array_axil_0/inst/u_syst_array_axil/en_d_reg
    SLICE_X36Y103        FDCE                                         f  design_1_i/syst_array_axil_0/inst/u_syst_array_axil/a_reg_reg[11][31]_rep/CLR
  -------------------------------------------------------------------    -------------------

                         (clock clk_fpga_0 rise edge)
                                                      0.000     0.000 r  
    PS7_X0Y0             PS7                          0.000     0.000 r  design_1_i/processing_system7_0/inst/PS7_i/FCLKCLK[0]
                         net (fo=1, routed)           0.337     0.337    design_1_i/processing_system7_0/inst/FCLK_CLK_unbuffered[0]
    BUFGCTRL_X0Y16       BUFG (Prop_bufg_I_O)         0.029     0.366 r  design_1_i/processing_system7_0/inst/buffer_fclk_clk_0.FCLK_CLK_0_BUFG/O
                         net (fo=2232, routed)        0.910     1.276    design_1_i/syst_array_axil_0/inst/u_syst_array_axil/clk
    SLICE_X36Y103        FDCE                                         r  design_1_i/syst_array_axil_0/inst/u_syst_array_axil/a_reg_reg[11][31]_rep/C
                         clock pessimism             -0.035     1.241    
    SLICE_X36Y103        FDCE (Remov_fdce_C_CLR)     -0.067     1.174    design_1_i/syst_array_axil_0/inst/u_syst_array_axil/a_reg_reg[11][31]_rep
  -------------------------------------------------------------------
                         required time                         -1.174    
                         arrival time                           1.884    
  -------------------------------------------------------------------
                         slack                                  0.710    

Slack (MET) :             0.710ns  (arrival time - required time)
  Source:                 design_1_i/proc_sys_reset_0/U0/ACTIVE_LOW_PR_OUT_DFF[0].FDRE_PER_N/C
                            (rising edge-triggered cell FDRE clocked by clk_fpga_0  {rise@0.000ns fall@10.000ns period=20.000ns})
  Destination:            design_1_i/syst_array_axil_0/inst/u_syst_array_axil/a_reg_reg[11][31]_rep__3/CLR
                            (removal check against rising-edge clock clk_fpga_0  {rise@0.000ns fall@10.000ns period=20.000ns})
  Path Group:             **async_default**
  Path Type:              Removal (Min at Fast Process Corner)
  Requirement:            0.000ns  (clk_fpga_0 rise@0.000ns - clk_fpga_0 rise@0.000ns)
  Data Path Delay:        0.973ns  (logic 0.186ns (19.126%)  route 0.787ns (80.874%))
  Logic Levels:           1  (LUT1=1)
  Clock Path Skew:        0.329ns (DCD - SCD - CPR)
    Destination Clock Delay (DCD):    1.276ns
    Source Clock Delay      (SCD):    0.912ns
    Clock Pessimism Removal (CPR):    0.035ns

    Location             Delay type                Incr(ns)  Path(ns)    Netlist Resource(s)
  -------------------------------------------------------------------    -------------------
                         (clock clk_fpga_0 rise edge)
                                                      0.000     0.000 r  
    PS7_X0Y0             PS7                          0.000     0.000 r  design_1_i/processing_system7_0/inst/PS7_i/FCLKCLK[0]
                         net (fo=1, routed)           0.310     0.310    design_1_i/processing_system7_0/inst/FCLK_CLK_unbuffered[0]
    BUFGCTRL_X0Y16       BUFG (Prop_bufg_I_O)         0.026     0.336 r  design_1_i/processing_system7_0/inst/buffer_fclk_clk_0.FCLK_CLK_0_BUFG/O
                         net (fo=2232, routed)        0.576     0.912    design_1_i/proc_sys_reset_0/U0/slowest_sync_clk
    SLICE_X31Y96         FDRE                                         r  design_1_i/proc_sys_reset_0/U0/ACTIVE_LOW_PR_OUT_DFF[0].FDRE_PER_N/C
  -------------------------------------------------------------------    -------------------
    SLICE_X31Y96         FDRE (Prop_fdre_C_Q)         0.141     1.053 r  design_1_i/proc_sys_reset_0/U0/ACTIVE_LOW_PR_OUT_DFF[0].FDRE_PER_N/Q
                         net (fo=4, routed)           0.169     1.222    design_1_i/syst_array_axil_0/inst/rst_n
    SLICE_X31Y96         LUT1 (Prop_lut1_I0_O)        0.045     1.267 f  design_1_i/syst_array_axil_0/inst/idle_i_2/O
                         net (fo=1707, routed)        0.617     1.884    design_1_i/syst_array_axil_0/inst/u_syst_array_axil/en_d_reg
    SLICE_X36Y103        FDCE                                         f  design_1_i/syst_array_axil_0/inst/u_syst_array_axil/a_reg_reg[11][31]_rep__3/CLR
  -------------------------------------------------------------------    -------------------

                         (clock clk_fpga_0 rise edge)
                                                      0.000     0.000 r  
    PS7_X0Y0             PS7                          0.000     0.000 r  design_1_i/processing_system7_0/inst/PS7_i/FCLKCLK[0]
                         net (fo=1, routed)           0.337     0.337    design_1_i/processing_system7_0/inst/FCLK_CLK_unbuffered[0]
    BUFGCTRL_X0Y16       BUFG (Prop_bufg_I_O)         0.029     0.366 r  design_1_i/processing_system7_0/inst/buffer_fclk_clk_0.FCLK_CLK_0_BUFG/O
                         net (fo=2232, routed)        0.910     1.276    design_1_i/syst_array_axil_0/inst/u_syst_array_axil/clk
    SLICE_X36Y103        FDCE                                         r  design_1_i/syst_array_axil_0/inst/u_syst_array_axil/a_reg_reg[11][31]_rep__3/C
                         clock pessimism             -0.035     1.241    
    SLICE_X36Y103        FDCE (Remov_fdce_C_CLR)     -0.067     1.174    design_1_i/syst_array_axil_0/inst/u_syst_array_axil/a_reg_reg[11][31]_rep__3
  -------------------------------------------------------------------
                         required time                         -1.174    
                         arrival time                           1.884    
  -------------------------------------------------------------------
                         slack                                  0.710    

Slack (MET) :             0.768ns  (arrival time - required time)
  Source:                 design_1_i/proc_sys_reset_0/U0/ACTIVE_LOW_PR_OUT_DFF[0].FDRE_PER_N/C
                            (rising edge-triggered cell FDRE clocked by clk_fpga_0  {rise@0.000ns fall@10.000ns period=20.000ns})
  Destination:            design_1_i/syst_array_axil_0/inst/u_syst_array_axil/a_reg_reg[11][31]_rep__2/CLR
                            (removal check against rising-edge clock clk_fpga_0  {rise@0.000ns fall@10.000ns period=20.000ns})
  Path Group:             **async_default**
  Path Type:              Removal (Min at Fast Process Corner)
  Requirement:            0.000ns  (clk_fpga_0 rise@0.000ns - clk_fpga_0 rise@0.000ns)
  Data Path Delay:        0.715ns  (logic 0.186ns (26.029%)  route 0.529ns (73.971%))
  Logic Levels:           1  (LUT1=1)
  Clock Path Skew:        0.014ns (DCD - SCD - CPR)
    Destination Clock Delay (DCD):    1.190ns
    Source Clock Delay      (SCD):    0.912ns
    Clock Pessimism Removal (CPR):    0.264ns

    Location             Delay type                Incr(ns)  Path(ns)    Netlist Resource(s)
  -------------------------------------------------------------------    -------------------
                         (clock clk_fpga_0 rise edge)
                                                      0.000     0.000 r  
    PS7_X0Y0             PS7                          0.000     0.000 r  design_1_i/processing_system7_0/inst/PS7_i/FCLKCLK[0]
                         net (fo=1, routed)           0.310     0.310    design_1_i/processing_system7_0/inst/FCLK_CLK_unbuffered[0]
    BUFGCTRL_X0Y16       BUFG (Prop_bufg_I_O)         0.026     0.336 r  design_1_i/processing_system7_0/inst/buffer_fclk_clk_0.FCLK_CLK_0_BUFG/O
                         net (fo=2232, routed)        0.576     0.912    design_1_i/proc_sys_reset_0/U0/slowest_sync_clk
    SLICE_X31Y96         FDRE                                         r  design_1_i/proc_sys_reset_0/U0/ACTIVE_LOW_PR_OUT_DFF[0].FDRE_PER_N/C
  -------------------------------------------------------------------    -------------------
    SLICE_X31Y96         FDRE (Prop_fdre_C_Q)         0.141     1.053 r  design_1_i/proc_sys_reset_0/U0/ACTIVE_LOW_PR_OUT_DFF[0].FDRE_PER_N/Q
                         net (fo=4, routed)           0.169     1.222    design_1_i/syst_array_axil_0/inst/rst_n
    SLICE_X31Y96         LUT1 (Prop_lut1_I0_O)        0.045     1.267 f  design_1_i/syst_array_axil_0/inst/idle_i_2/O
                         net (fo=1707, routed)        0.359     1.626    design_1_i/syst_array_axil_0/inst/u_syst_array_axil/en_d_reg
    SLICE_X36Y96         FDCE                                         f  design_1_i/syst_array_axil_0/inst/u_syst_array_axil/a_reg_reg[11][31]_rep__2/CLR
  -------------------------------------------------------------------    -------------------

                         (clock clk_fpga_0 rise edge)
                                                      0.000     0.000 r  
    PS7_X0Y0             PS7                          0.000     0.000 r  design_1_i/processing_system7_0/inst/PS7_i/FCLKCLK[0]
                         net (fo=1, routed)           0.337     0.337    design_1_i/processing_system7_0/inst/FCLK_CLK_unbuffered[0]
    BUFGCTRL_X0Y16       BUFG (Prop_bufg_I_O)         0.029     0.366 r  design_1_i/processing_system7_0/inst/buffer_fclk_clk_0.FCLK_CLK_0_BUFG/O
                         net (fo=2232, routed)        0.824     1.190    design_1_i/syst_array_axil_0/inst/u_syst_array_axil/clk
    SLICE_X36Y96         FDCE                                         r  design_1_i/syst_array_axil_0/inst/u_syst_array_axil/a_reg_reg[11][31]_rep__2/C
                         clock pessimism             -0.264     0.926    
    SLICE_X36Y96         FDCE (Remov_fdce_C_CLR)     -0.067     0.859    design_1_i/syst_array_axil_0/inst/u_syst_array_axil/a_reg_reg[11][31]_rep__2
  -------------------------------------------------------------------
                         required time                         -0.859    
                         arrival time                           1.626    
  -------------------------------------------------------------------
                         slack                                  0.768    

Slack (MET) :             0.791ns  (arrival time - required time)
  Source:                 design_1_i/proc_sys_reset_0/U0/ACTIVE_LOW_PR_OUT_DFF[0].FDRE_PER_N/C
                            (rising edge-triggered cell FDRE clocked by clk_fpga_0  {rise@0.000ns fall@10.000ns period=20.000ns})
  Destination:            design_1_i/syst_array_axil_0/inst/u_syst_array_axil/u_axil_wr/idle_reg/PRE
                            (removal check against rising-edge clock clk_fpga_0  {rise@0.000ns fall@10.000ns period=20.000ns})
  Path Group:             **async_default**
  Path Type:              Removal (Min at Fast Process Corner)
  Requirement:            0.000ns  (clk_fpga_0 rise@0.000ns - clk_fpga_0 rise@0.000ns)
  Data Path Delay:        0.735ns  (logic 0.186ns (25.293%)  route 0.549ns (74.707%))
  Logic Levels:           1  (LUT1=1)
  Clock Path Skew:        0.015ns (DCD - SCD - CPR)
    Destination Clock Delay (DCD):    1.191ns
    Source Clock Delay      (SCD):    0.912ns
    Clock Pessimism Removal (CPR):    0.264ns

    Location             Delay type                Incr(ns)  Path(ns)    Netlist Resource(s)
  -------------------------------------------------------------------    -------------------
                         (clock clk_fpga_0 rise edge)
                                                      0.000     0.000 r  
    PS7_X0Y0             PS7                          0.000     0.000 r  design_1_i/processing_system7_0/inst/PS7_i/FCLKCLK[0]
                         net (fo=1, routed)           0.310     0.310    design_1_i/processing_system7_0/inst/FCLK_CLK_unbuffered[0]
    BUFGCTRL_X0Y16       BUFG (Prop_bufg_I_O)         0.026     0.336 r  design_1_i/processing_system7_0/inst/buffer_fclk_clk_0.FCLK_CLK_0_BUFG/O
                         net (fo=2232, routed)        0.576     0.912    design_1_i/proc_sys_reset_0/U0/slowest_sync_clk
    SLICE_X31Y96         FDRE                                         r  design_1_i/proc_sys_reset_0/U0/ACTIVE_LOW_PR_OUT_DFF[0].FDRE_PER_N/C
  -------------------------------------------------------------------    -------------------
    SLICE_X31Y96         FDRE (Prop_fdre_C_Q)         0.141     1.053 r  design_1_i/proc_sys_reset_0/U0/ACTIVE_LOW_PR_OUT_DFF[0].FDRE_PER_N/Q
                         net (fo=4, routed)           0.169     1.222    design_1_i/syst_array_axil_0/inst/rst_n
    SLICE_X31Y96         LUT1 (Prop_lut1_I0_O)        0.045     1.267 f  design_1_i/syst_array_axil_0/inst/idle_i_2/O
                         net (fo=1707, routed)        0.380     1.647    design_1_i/syst_array_axil_0/inst/u_syst_array_axil/u_axil_wr/en_d_reg_0
    SLICE_X32Y94         FDPE                                         f  design_1_i/syst_array_axil_0/inst/u_syst_array_axil/u_axil_wr/idle_reg/PRE
  -------------------------------------------------------------------    -------------------

                         (clock clk_fpga_0 rise edge)
                                                      0.000     0.000 r  
    PS7_X0Y0             PS7                          0.000     0.000 r  design_1_i/processing_system7_0/inst/PS7_i/FCLKCLK[0]
                         net (fo=1, routed)           0.337     0.337    design_1_i/processing_system7_0/inst/FCLK_CLK_unbuffered[0]
    BUFGCTRL_X0Y16       BUFG (Prop_bufg_I_O)         0.029     0.366 r  design_1_i/processing_system7_0/inst/buffer_fclk_clk_0.FCLK_CLK_0_BUFG/O
                         net (fo=2232, routed)        0.825     1.191    design_1_i/syst_array_axil_0/inst/u_syst_array_axil/u_axil_wr/clk
    SLICE_X32Y94         FDPE                                         r  design_1_i/syst_array_axil_0/inst/u_syst_array_axil/u_axil_wr/idle_reg/C
                         clock pessimism             -0.264     0.927    
    SLICE_X32Y94         FDPE (Remov_fdpe_C_PRE)     -0.071     0.856    design_1_i/syst_array_axil_0/inst/u_syst_array_axil/u_axil_wr/idle_reg
  -------------------------------------------------------------------
                         required time                         -0.856    
                         arrival time                           1.647    
  -------------------------------------------------------------------
                         slack                                  0.791    

Slack (MET) :             0.820ns  (arrival time - required time)
  Source:                 design_1_i/proc_sys_reset_0/U0/ACTIVE_LOW_PR_OUT_DFF[0].FDRE_PER_N/C
                            (rising edge-triggered cell FDRE clocked by clk_fpga_0  {rise@0.000ns fall@10.000ns period=20.000ns})
  Destination:            design_1_i/syst_array_axil_0/inst/u_syst_array_axil/a_reg_reg[11][31]_rep__1/CLR
                            (removal check against rising-edge clock clk_fpga_0  {rise@0.000ns fall@10.000ns period=20.000ns})
  Path Group:             **async_default**
  Path Type:              Removal (Min at Fast Process Corner)
  Requirement:            0.000ns  (clk_fpga_0 rise@0.000ns - clk_fpga_0 rise@0.000ns)
  Data Path Delay:        0.767ns  (logic 0.186ns (24.237%)  route 0.581ns (75.763%))
  Logic Levels:           1  (LUT1=1)
  Clock Path Skew:        0.014ns (DCD - SCD - CPR)
    Destination Clock Delay (DCD):    1.190ns
    Source Clock Delay      (SCD):    0.912ns
    Clock Pessimism Removal (CPR):    0.264ns

    Location             Delay type                Incr(ns)  Path(ns)    Netlist Resource(s)
  -------------------------------------------------------------------    -------------------
                         (clock clk_fpga_0 rise edge)
                                                      0.000     0.000 r  
    PS7_X0Y0             PS7                          0.000     0.000 r  design_1_i/processing_system7_0/inst/PS7_i/FCLKCLK[0]
                         net (fo=1, routed)           0.310     0.310    design_1_i/processing_system7_0/inst/FCLK_CLK_unbuffered[0]
    BUFGCTRL_X0Y16       BUFG (Prop_bufg_I_O)         0.026     0.336 r  design_1_i/processing_system7_0/inst/buffer_fclk_clk_0.FCLK_CLK_0_BUFG/O
                         net (fo=2232, routed)        0.576     0.912    design_1_i/proc_sys_reset_0/U0/slowest_sync_clk
    SLICE_X31Y96         FDRE                                         r  design_1_i/proc_sys_reset_0/U0/ACTIVE_LOW_PR_OUT_DFF[0].FDRE_PER_N/C
  -------------------------------------------------------------------    -------------------
    SLICE_X31Y96         FDRE (Prop_fdre_C_Q)         0.141     1.053 r  design_1_i/proc_sys_reset_0/U0/ACTIVE_LOW_PR_OUT_DFF[0].FDRE_PER_N/Q
                         net (fo=4, routed)           0.169     1.222    design_1_i/syst_array_axil_0/inst/rst_n
    SLICE_X31Y96         LUT1 (Prop_lut1_I0_O)        0.045     1.267 f  design_1_i/syst_array_axil_0/inst/idle_i_2/O
                         net (fo=1707, routed)        0.412     1.679    design_1_i/syst_array_axil_0/inst/u_syst_array_axil/en_d_reg
    SLICE_X36Y95         FDCE                                         f  design_1_i/syst_array_axil_0/inst/u_syst_array_axil/a_reg_reg[11][31]_rep__1/CLR
  -------------------------------------------------------------------    -------------------

                         (clock clk_fpga_0 rise edge)
                                                      0.000     0.000 r  
    PS7_X0Y0             PS7                          0.000     0.000 r  design_1_i/processing_system7_0/inst/PS7_i/FCLKCLK[0]
                         net (fo=1, routed)           0.337     0.337    design_1_i/processing_system7_0/inst/FCLK_CLK_unbuffered[0]
    BUFGCTRL_X0Y16       BUFG (Prop_bufg_I_O)         0.029     0.366 r  design_1_i/processing_system7_0/inst/buffer_fclk_clk_0.FCLK_CLK_0_BUFG/O
                         net (fo=2232, routed)        0.824     1.190    design_1_i/syst_array_axil_0/inst/u_syst_array_axil/clk
    SLICE_X36Y95         FDCE                                         r  design_1_i/syst_array_axil_0/inst/u_syst_array_axil/a_reg_reg[11][31]_rep__1/C
                         clock pessimism             -0.264     0.926    
    SLICE_X36Y95         FDCE (Remov_fdce_C_CLR)     -0.067     0.859    design_1_i/syst_array_axil_0/inst/u_syst_array_axil/a_reg_reg[11][31]_rep__1
  -------------------------------------------------------------------
                         required time                         -0.859    
                         arrival time                           1.679    
  -------------------------------------------------------------------
                         slack                                  0.820    

Slack (MET) :             0.826ns  (arrival time - required time)
  Source:                 design_1_i/proc_sys_reset_0/U0/ACTIVE_LOW_PR_OUT_DFF[0].FDRE_PER_N/C
                            (rising edge-triggered cell FDRE clocked by clk_fpga_0  {rise@0.000ns fall@10.000ns period=20.000ns})
  Destination:            design_1_i/syst_array_axil_0/inst/u_syst_array_axil/a_reg_reg[11][31]_rep__4/CLR
                            (removal check against rising-edge clock clk_fpga_0  {rise@0.000ns fall@10.000ns period=20.000ns})
  Path Group:             **async_default**
  Path Type:              Removal (Min at Fast Process Corner)
  Requirement:            0.000ns  (clk_fpga_0 rise@0.000ns - clk_fpga_0 rise@0.000ns)
  Data Path Delay:        1.089ns  (logic 0.186ns (17.085%)  route 0.903ns (82.915%))
  Logic Levels:           1  (LUT1=1)
  Clock Path Skew:        0.329ns (DCD - SCD - CPR)
    Destination Clock Delay (DCD):    1.276ns
    Source Clock Delay      (SCD):    0.912ns
    Clock Pessimism Removal (CPR):    0.035ns

    Location             Delay type                Incr(ns)  Path(ns)    Netlist Resource(s)
  -------------------------------------------------------------------    -------------------
                         (clock clk_fpga_0 rise edge)
                                                      0.000     0.000 r  
    PS7_X0Y0             PS7                          0.000     0.000 r  design_1_i/processing_system7_0/inst/PS7_i/FCLKCLK[0]
                         net (fo=1, routed)           0.310     0.310    design_1_i/processing_system7_0/inst/FCLK_CLK_unbuffered[0]
    BUFGCTRL_X0Y16       BUFG (Prop_bufg_I_O)         0.026     0.336 r  design_1_i/processing_system7_0/inst/buffer_fclk_clk_0.FCLK_CLK_0_BUFG/O
                         net (fo=2232, routed)        0.576     0.912    design_1_i/proc_sys_reset_0/U0/slowest_sync_clk
    SLICE_X31Y96         FDRE                                         r  design_1_i/proc_sys_reset_0/U0/ACTIVE_LOW_PR_OUT_DFF[0].FDRE_PER_N/C
  -------------------------------------------------------------------    -------------------
    SLICE_X31Y96         FDRE (Prop_fdre_C_Q)         0.141     1.053 r  design_1_i/proc_sys_reset_0/U0/ACTIVE_LOW_PR_OUT_DFF[0].FDRE_PER_N/Q
                         net (fo=4, routed)           0.169     1.222    design_1_i/syst_array_axil_0/inst/rst_n
    SLICE_X31Y96         LUT1 (Prop_lut1_I0_O)        0.045     1.267 f  design_1_i/syst_array_axil_0/inst/idle_i_2/O
                         net (fo=1707, routed)        0.734     2.000    design_1_i/syst_array_axil_0/inst/u_syst_array_axil/en_d_reg
    SLICE_X36Y105        FDCE                                         f  design_1_i/syst_array_axil_0/inst/u_syst_array_axil/a_reg_reg[11][31]_rep__4/CLR
  -------------------------------------------------------------------    -------------------

                         (clock clk_fpga_0 rise edge)
                                                      0.000     0.000 r  
    PS7_X0Y0             PS7                          0.000     0.000 r  design_1_i/processing_system7_0/inst/PS7_i/FCLKCLK[0]
                         net (fo=1, routed)           0.337     0.337    design_1_i/processing_system7_0/inst/FCLK_CLK_unbuffered[0]
    BUFGCTRL_X0Y16       BUFG (Prop_bufg_I_O)         0.029     0.366 r  design_1_i/processing_system7_0/inst/buffer_fclk_clk_0.FCLK_CLK_0_BUFG/O
                         net (fo=2232, routed)        0.910     1.276    design_1_i/syst_array_axil_0/inst/u_syst_array_axil/clk
    SLICE_X36Y105        FDCE                                         r  design_1_i/syst_array_axil_0/inst/u_syst_array_axil/a_reg_reg[11][31]_rep__4/C
                         clock pessimism             -0.035     1.241    
    SLICE_X36Y105        FDCE (Remov_fdce_C_CLR)     -0.067     1.174    design_1_i/syst_array_axil_0/inst/u_syst_array_axil/a_reg_reg[11][31]_rep__4
  -------------------------------------------------------------------
                         required time                         -1.174    
                         arrival time                           2.000    
  -------------------------------------------------------------------
                         slack                                  0.826    

Slack (MET) :             0.826ns  (arrival time - required time)
  Source:                 design_1_i/proc_sys_reset_0/U0/ACTIVE_LOW_PR_OUT_DFF[0].FDRE_PER_N/C
                            (rising edge-triggered cell FDRE clocked by clk_fpga_0  {rise@0.000ns fall@10.000ns period=20.000ns})
  Destination:            design_1_i/syst_array_axil_0/inst/u_syst_array_axil/a_reg_reg[11][31]_rep__5/CLR
                            (removal check against rising-edge clock clk_fpga_0  {rise@0.000ns fall@10.000ns period=20.000ns})
  Path Group:             **async_default**
  Path Type:              Removal (Min at Fast Process Corner)
  Requirement:            0.000ns  (clk_fpga_0 rise@0.000ns - clk_fpga_0 rise@0.000ns)
  Data Path Delay:        1.089ns  (logic 0.186ns (17.085%)  route 0.903ns (82.915%))
  Logic Levels:           1  (LUT1=1)
  Clock Path Skew:        0.329ns (DCD - SCD - CPR)
    Destination Clock Delay (DCD):    1.276ns
    Source Clock Delay      (SCD):    0.912ns
    Clock Pessimism Removal (CPR):    0.035ns

    Location             Delay type                Incr(ns)  Path(ns)    Netlist Resource(s)
  -------------------------------------------------------------------    -------------------
                         (clock clk_fpga_0 rise edge)
                                                      0.000     0.000 r  
    PS7_X0Y0             PS7                          0.000     0.000 r  design_1_i/processing_system7_0/inst/PS7_i/FCLKCLK[0]
                         net (fo=1, routed)           0.310     0.310    design_1_i/processing_system7_0/inst/FCLK_CLK_unbuffered[0]
    BUFGCTRL_X0Y16       BUFG (Prop_bufg_I_O)         0.026     0.336 r  design_1_i/processing_system7_0/inst/buffer_fclk_clk_0.FCLK_CLK_0_BUFG/O
                         net (fo=2232, routed)        0.576     0.912    design_1_i/proc_sys_reset_0/U0/slowest_sync_clk
    SLICE_X31Y96         FDRE                                         r  design_1_i/proc_sys_reset_0/U0/ACTIVE_LOW_PR_OUT_DFF[0].FDRE_PER_N/C
  -------------------------------------------------------------------    -------------------
    SLICE_X31Y96         FDRE (Prop_fdre_C_Q)         0.141     1.053 r  design_1_i/proc_sys_reset_0/U0/ACTIVE_LOW_PR_OUT_DFF[0].FDRE_PER_N/Q
                         net (fo=4, routed)           0.169     1.222    design_1_i/syst_array_axil_0/inst/rst_n
    SLICE_X31Y96         LUT1 (Prop_lut1_I0_O)        0.045     1.267 f  design_1_i/syst_array_axil_0/inst/idle_i_2/O
                         net (fo=1707, routed)        0.734     2.000    design_1_i/syst_array_axil_0/inst/u_syst_array_axil/en_d_reg
    SLICE_X36Y105        FDCE                                         f  design_1_i/syst_array_axil_0/inst/u_syst_array_axil/a_reg_reg[11][31]_rep__5/CLR
  -------------------------------------------------------------------    -------------------

                         (clock clk_fpga_0 rise edge)
                                                      0.000     0.000 r  
    PS7_X0Y0             PS7                          0.000     0.000 r  design_1_i/processing_system7_0/inst/PS7_i/FCLKCLK[0]
                         net (fo=1, routed)           0.337     0.337    design_1_i/processing_system7_0/inst/FCLK_CLK_unbuffered[0]
    BUFGCTRL_X0Y16       BUFG (Prop_bufg_I_O)         0.029     0.366 r  design_1_i/processing_system7_0/inst/buffer_fclk_clk_0.FCLK_CLK_0_BUFG/O
                         net (fo=2232, routed)        0.910     1.276    design_1_i/syst_array_axil_0/inst/u_syst_array_axil/clk
    SLICE_X36Y105        FDCE                                         r  design_1_i/syst_array_axil_0/inst/u_syst_array_axil/a_reg_reg[11][31]_rep__5/C
                         clock pessimism             -0.035     1.241    
    SLICE_X36Y105        FDCE (Remov_fdce_C_CLR)     -0.067     1.174    design_1_i/syst_array_axil_0/inst/u_syst_array_axil/a_reg_reg[11][31]_rep__5
  -------------------------------------------------------------------
                         required time                         -1.174    
                         arrival time                           2.000    
  -------------------------------------------------------------------
                         slack                                  0.826    

Slack (MET) :             0.882ns  (arrival time - required time)
  Source:                 design_1_i/proc_sys_reset_0/U0/ACTIVE_LOW_PR_OUT_DFF[0].FDRE_PER_N/C
                            (rising edge-triggered cell FDRE clocked by clk_fpga_0  {rise@0.000ns fall@10.000ns period=20.000ns})
  Destination:            design_1_i/syst_array_axil_0/inst/u_syst_array_axil/a_reg_reg[15][12]/CLR
                            (removal check against rising-edge clock clk_fpga_0  {rise@0.000ns fall@10.000ns period=20.000ns})
  Path Group:             **async_default**
  Path Type:              Removal (Min at Fast Process Corner)
  Requirement:            0.000ns  (clk_fpga_0 rise@0.000ns - clk_fpga_0 rise@0.000ns)
  Data Path Delay:        1.073ns  (logic 0.186ns (17.335%)  route 0.887ns (82.665%))
  Logic Levels:           1  (LUT1=1)
  Clock Path Skew:        0.283ns (DCD - SCD - CPR)
    Destination Clock Delay (DCD):    1.225ns
    Source Clock Delay      (SCD):    0.912ns
    Clock Pessimism Removal (CPR):    0.030ns

    Location             Delay type                Incr(ns)  Path(ns)    Netlist Resource(s)
  -------------------------------------------------------------------    -------------------
                         (clock clk_fpga_0 rise edge)
                                                      0.000     0.000 r  
    PS7_X0Y0             PS7                          0.000     0.000 r  design_1_i/processing_system7_0/inst/PS7_i/FCLKCLK[0]
                         net (fo=1, routed)           0.310     0.310    design_1_i/processing_system7_0/inst/FCLK_CLK_unbuffered[0]
    BUFGCTRL_X0Y16       BUFG (Prop_bufg_I_O)         0.026     0.336 r  design_1_i/processing_system7_0/inst/buffer_fclk_clk_0.FCLK_CLK_0_BUFG/O
                         net (fo=2232, routed)        0.576     0.912    design_1_i/proc_sys_reset_0/U0/slowest_sync_clk
    SLICE_X31Y96         FDRE                                         r  design_1_i/proc_sys_reset_0/U0/ACTIVE_LOW_PR_OUT_DFF[0].FDRE_PER_N/C
  -------------------------------------------------------------------    -------------------
    SLICE_X31Y96         FDRE (Prop_fdre_C_Q)         0.141     1.053 r  design_1_i/proc_sys_reset_0/U0/ACTIVE_LOW_PR_OUT_DFF[0].FDRE_PER_N/Q
                         net (fo=4, routed)           0.169     1.222    design_1_i/syst_array_axil_0/inst/rst_n
    SLICE_X31Y96         LUT1 (Prop_lut1_I0_O)        0.045     1.267 f  design_1_i/syst_array_axil_0/inst/idle_i_2/O
                         net (fo=1707, routed)        0.718     1.985    design_1_i/syst_array_axil_0/inst/u_syst_array_axil/en_d_reg
    SLICE_X28Y47         FDCE                                         f  design_1_i/syst_array_axil_0/inst/u_syst_array_axil/a_reg_reg[15][12]/CLR
  -------------------------------------------------------------------    -------------------

                         (clock clk_fpga_0 rise edge)
                                                      0.000     0.000 r  
    PS7_X0Y0             PS7                          0.000     0.000 r  design_1_i/processing_system7_0/inst/PS7_i/FCLKCLK[0]
                         net (fo=1, routed)           0.337     0.337    design_1_i/processing_system7_0/inst/FCLK_CLK_unbuffered[0]
    BUFGCTRL_X0Y16       BUFG (Prop_bufg_I_O)         0.029     0.366 r  design_1_i/processing_system7_0/inst/buffer_fclk_clk_0.FCLK_CLK_0_BUFG/O
                         net (fo=2232, routed)        0.859     1.225    design_1_i/syst_array_axil_0/inst/u_syst_array_axil/clk
    SLICE_X28Y47         FDCE                                         r  design_1_i/syst_array_axil_0/inst/u_syst_array_axil/a_reg_reg[15][12]/C
                         clock pessimism             -0.030     1.195    
    SLICE_X28Y47         FDCE (Remov_fdce_C_CLR)     -0.092     1.103    design_1_i/syst_array_axil_0/inst/u_syst_array_axil/a_reg_reg[15][12]
  -------------------------------------------------------------------
                         required time                         -1.103    
                         arrival time                           1.985    
  -------------------------------------------------------------------
                         slack                                  0.882    

Slack (MET) :             0.889ns  (arrival time - required time)
  Source:                 design_1_i/proc_sys_reset_0/U0/ACTIVE_LOW_PR_OUT_DFF[0].FDRE_PER_N/C
                            (rising edge-triggered cell FDRE clocked by clk_fpga_0  {rise@0.000ns fall@10.000ns period=20.000ns})
  Destination:            design_1_i/syst_array_axil_0/inst/u_syst_array_axil/a_reg_reg[15][13]/CLR
                            (removal check against rising-edge clock clk_fpga_0  {rise@0.000ns fall@10.000ns period=20.000ns})
  Path Group:             **async_default**
  Path Type:              Removal (Min at Fast Process Corner)
  Requirement:            0.000ns  (clk_fpga_0 rise@0.000ns - clk_fpga_0 rise@0.000ns)
  Data Path Delay:        1.106ns  (logic 0.186ns (16.817%)  route 0.920ns (83.183%))
  Logic Levels:           1  (LUT1=1)
  Clock Path Skew:        0.284ns (DCD - SCD - CPR)
    Destination Clock Delay (DCD):    1.226ns
    Source Clock Delay      (SCD):    0.912ns
    Clock Pessimism Removal (CPR):    0.030ns

    Location             Delay type                Incr(ns)  Path(ns)    Netlist Resource(s)
  -------------------------------------------------------------------    -------------------
                         (clock clk_fpga_0 rise edge)
                                                      0.000     0.000 r  
    PS7_X0Y0             PS7                          0.000     0.000 r  design_1_i/processing_system7_0/inst/PS7_i/FCLKCLK[0]
                         net (fo=1, routed)           0.310     0.310    design_1_i/processing_system7_0/inst/FCLK_CLK_unbuffered[0]
    BUFGCTRL_X0Y16       BUFG (Prop_bufg_I_O)         0.026     0.336 r  design_1_i/processing_system7_0/inst/buffer_fclk_clk_0.FCLK_CLK_0_BUFG/O
                         net (fo=2232, routed)        0.576     0.912    design_1_i/proc_sys_reset_0/U0/slowest_sync_clk
    SLICE_X31Y96         FDRE                                         r  design_1_i/proc_sys_reset_0/U0/ACTIVE_LOW_PR_OUT_DFF[0].FDRE_PER_N/C
  -------------------------------------------------------------------    -------------------
    SLICE_X31Y96         FDRE (Prop_fdre_C_Q)         0.141     1.053 r  design_1_i/proc_sys_reset_0/U0/ACTIVE_LOW_PR_OUT_DFF[0].FDRE_PER_N/Q
                         net (fo=4, routed)           0.169     1.222    design_1_i/syst_array_axil_0/inst/rst_n
    SLICE_X31Y96         LUT1 (Prop_lut1_I0_O)        0.045     1.267 f  design_1_i/syst_array_axil_0/inst/idle_i_2/O
                         net (fo=1707, routed)        0.751     2.018    design_1_i/syst_array_axil_0/inst/u_syst_array_axil/en_d_reg
    SLICE_X26Y47         FDCE                                         f  design_1_i/syst_array_axil_0/inst/u_syst_array_axil/a_reg_reg[15][13]/CLR
  -------------------------------------------------------------------    -------------------

                         (clock clk_fpga_0 rise edge)
                                                      0.000     0.000 r  
    PS7_X0Y0             PS7                          0.000     0.000 r  design_1_i/processing_system7_0/inst/PS7_i/FCLKCLK[0]
                         net (fo=1, routed)           0.337     0.337    design_1_i/processing_system7_0/inst/FCLK_CLK_unbuffered[0]
    BUFGCTRL_X0Y16       BUFG (Prop_bufg_I_O)         0.029     0.366 r  design_1_i/processing_system7_0/inst/buffer_fclk_clk_0.FCLK_CLK_0_BUFG/O
                         net (fo=2232, routed)        0.860     1.226    design_1_i/syst_array_axil_0/inst/u_syst_array_axil/clk
    SLICE_X26Y47         FDCE                                         r  design_1_i/syst_array_axil_0/inst/u_syst_array_axil/a_reg_reg[15][13]/C
                         clock pessimism             -0.030     1.196    
    SLICE_X26Y47         FDCE (Remov_fdce_C_CLR)     -0.067     1.129    design_1_i/syst_array_axil_0/inst/u_syst_array_axil/a_reg_reg[15][13]
  -------------------------------------------------------------------
                         required time                         -1.129    
                         arrival time                           2.018    
  -------------------------------------------------------------------
                         slack                                  0.889    





--------------------------------------------------------------------------------------
Path Group:  (none)
From Clock:  
  To Clock:  clk_fpga_0

Max Delay             1 Endpoint
Min Delay             1 Endpoint
--------------------------------------------------------------------------------------


Max Delay Paths
--------------------------------------------------------------------------------------
Slack:                    inf
  Source:                 design_1_i/processing_system7_0/inst/PS7_i/FCLKRESETN[0]
                            (internal pin)
  Destination:            design_1_i/proc_sys_reset_0/U0/EXT_LPF/ACTIVE_LOW_EXT.ACT_LO_EXT/syncstages_ff_reg[0]/D
                            (rising edge-triggered cell FDRE clocked by clk_fpga_0  {rise@0.000ns fall@10.000ns period=20.000ns})
  Path Group:             (none)
  Path Type:              Setup (Max at Slow Process Corner)
  Data Path Delay:        1.658ns  (logic 0.105ns (6.334%)  route 1.553ns (93.666%))
  Logic Levels:           1  (LUT1=1)
  Clock Uncertainty:      0.301ns  ((TSJ^2 + TIJ^2)^1/2 + DJ) / 2 + PE
    Total System Jitter     (TSJ):    0.050ns
    Total Input Jitter      (TIJ):    0.600ns
    Discrete Jitter          (DJ):    0.000ns
    Phase Error              (PE):    0.000ns
  Timing Exception:       False Path

    Location             Delay type                Incr(ns)  Path(ns)    Netlist Resource(s)
  -------------------------------------------------------------------    -------------------
    PS7_X0Y0             PS7                          0.000     0.000 f  design_1_i/processing_system7_0/inst/PS7_i/FCLKRESETN[0]
                         net (fo=1, routed)           1.097     1.097    design_1_i/proc_sys_reset_0/U0/EXT_LPF/ext_reset_in
    SLICE_X29Y97         LUT1 (Prop_lut1_I0_O)        0.105     1.202 r  design_1_i/proc_sys_reset_0/U0/EXT_LPF/ACTIVE_LOW_EXT.ACT_LO_EXT_i_1/O
                         net (fo=1, routed)           0.456     1.658    design_1_i/proc_sys_reset_0/U0/EXT_LPF/ACTIVE_LOW_EXT.ACT_LO_EXT/src_in
    SLICE_X31Y99         FDRE                                         r  design_1_i/proc_sys_reset_0/U0/EXT_LPF/ACTIVE_LOW_EXT.ACT_LO_EXT/syncstages_ff_reg[0]/D
  -------------------------------------------------------------------    -------------------

                         (clock clk_fpga_0 rise edge)
                                                      0.000     0.000 r  
    PS7_X0Y0             PS7                          0.000     0.000 r  design_1_i/processing_system7_0/inst/PS7_i/FCLKCLK[0]
                         net (fo=1, routed)           0.905     0.905    design_1_i/processing_system7_0/inst/FCLK_CLK_unbuffered[0]
    BUFGCTRL_X0Y16       BUFG (Prop_bufg_I_O)         0.077     0.982 r  design_1_i/processing_system7_0/inst/buffer_fclk_clk_0.FCLK_CLK_0_BUFG/O
                         net (fo=2232, routed)        1.276     2.259    design_1_i/proc_sys_reset_0/U0/EXT_LPF/ACTIVE_LOW_EXT.ACT_LO_EXT/dest_clk
    SLICE_X31Y99         FDRE                                         r  design_1_i/proc_sys_reset_0/U0/EXT_LPF/ACTIVE_LOW_EXT.ACT_LO_EXT/syncstages_ff_reg[0]/C





Min Delay Paths
--------------------------------------------------------------------------------------
Slack:                    inf
  Source:                 design_1_i/processing_system7_0/inst/PS7_i/FCLKRESETN[0]
                            (internal pin)
  Destination:            design_1_i/proc_sys_reset_0/U0/EXT_LPF/ACTIVE_LOW_EXT.ACT_LO_EXT/syncstages_ff_reg[0]/D
                            (rising edge-triggered cell FDRE clocked by clk_fpga_0  {rise@0.000ns fall@10.000ns period=20.000ns})
  Path Group:             (none)
  Path Type:              Hold (Min at Fast Process Corner)
  Data Path Delay:        0.722ns  (logic 0.045ns (6.234%)  route 0.677ns (93.766%))
  Logic Levels:           1  (LUT1=1)
  Clock Uncertainty:      0.301ns  ((TSJ^2 + TIJ^2)^1/2 + DJ) / 2 + PE
    Total System Jitter     (TSJ):    0.050ns
    Total Input Jitter      (TIJ):    0.600ns
    Discrete Jitter          (DJ):    0.000ns
    Phase Error              (PE):    0.000ns
  Timing Exception:       False Path

    Location             Delay type                Incr(ns)  Path(ns)    Netlist Resource(s)
  -------------------------------------------------------------------    -------------------
    PS7_X0Y0             PS7                          0.000     0.000 f  design_1_i/processing_system7_0/inst/PS7_i/FCLKRESETN[0]
                         net (fo=1, routed)           0.478     0.478    design_1_i/proc_sys_reset_0/U0/EXT_LPF/ext_reset_in
    SLICE_X29Y97         LUT1 (Prop_lut1_I0_O)        0.045     0.523 r  design_1_i/proc_sys_reset_0/U0/EXT_LPF/ACTIVE_LOW_EXT.ACT_LO_EXT_i_1/O
                         net (fo=1, routed)           0.199     0.722    design_1_i/proc_sys_reset_0/U0/EXT_LPF/ACTIVE_LOW_EXT.ACT_LO_EXT/src_in
    SLICE_X31Y99         FDRE                                         r  design_1_i/proc_sys_reset_0/U0/EXT_LPF/ACTIVE_LOW_EXT.ACT_LO_EXT/syncstages_ff_reg[0]/D
  -------------------------------------------------------------------    -------------------

                         (clock clk_fpga_0 rise edge)
                                                      0.000     0.000 r  
    PS7_X0Y0             PS7                          0.000     0.000 r  design_1_i/processing_system7_0/inst/PS7_i/FCLKCLK[0]
                         net (fo=1, routed)           0.337     0.337    design_1_i/processing_system7_0/inst/FCLK_CLK_unbuffered[0]
    BUFGCTRL_X0Y16       BUFG (Prop_bufg_I_O)         0.029     0.366 r  design_1_i/processing_system7_0/inst/buffer_fclk_clk_0.FCLK_CLK_0_BUFG/O
                         net (fo=2232, routed)        0.845     1.211    design_1_i/proc_sys_reset_0/U0/EXT_LPF/ACTIVE_LOW_EXT.ACT_LO_EXT/dest_clk
    SLICE_X31Y99         FDRE                                         r  design_1_i/proc_sys_reset_0/U0/EXT_LPF/ACTIVE_LOW_EXT.ACT_LO_EXT/syncstages_ff_reg[0]/C





