Copyright 1986-2022 Xilinx, Inc. All Rights Reserved. Copyright 2022-2025 Advanced Micro Devices, Inc. All Rights Reserved.
------------------------------------------------------------------------------------------------------------------------------------------------------------------------------------------------------------------------------------
| Tool Version : Vivado v.2025.1 (lin64) Build 6140274 Wed May 21 22:58:25 MDT 2025
| Date         : Fri May 15 15:21:54 2026
| Host         : ilya-B550-GAMING-X-V2 running 64-bit Ubuntu 22.04.5 LTS
| Command      : report_timing_summary -max_paths 10 -routable_nets -report_unconstrained -file fpga_top_timing_summary_routed.rpt -pb fpga_top_timing_summary_routed.pb -rpx fpga_top_timing_summary_routed.rpx -warn_on_violation
| Design       : fpga_top
| Device       : 7z020-clg400
| Speed File   : -2  PRODUCTION 1.12 2019-11-22
| Design State : Routed
------------------------------------------------------------------------------------------------------------------------------------------------------------------------------------------------------------------------------------

Timing Summary Report

------------------------------------------------------------------------------------------------
| Timer Settings
| --------------
------------------------------------------------------------------------------------------------

  Enable Multi Corner Analysis               :  Yes
  Enable Pessimism Removal                   :  Yes
  Pessimism Removal Resolution               :  Nearest Common Node
  Enable Input Delay Default Clock           :  No
  Enable Preset / Clear Arcs                 :  No
  Disable Flight Delays                      :  No
  Ignore I/O Paths                           :  No
  Timing Early Launch at Borrowing Latches   :  No
  Borrow Time for Max Delay Exceptions       :  Yes
  Merge Timing Exceptions                    :  Yes
  Inter-SLR Compensation                     :  Conservative

  Corner  Analyze    Analyze    
  Name    Max Paths  Min Paths  
  ------  ---------  ---------  
  Slow    Yes        Yes        
  Fast    Yes        Yes        


------------------------------------------------------------------------------------------------
| Report Methodology
| ------------------
------------------------------------------------------------------------------------------------

No report available as report_methodology has not been run prior. Run report_methodology on the current design for the summary of methodology violations.



check_timing report

Table of Contents
-----------------
1. checking no_clock (0)
2. checking constant_clock (0)
3. checking pulse_width_clock (0)
4. checking unconstrained_internal_endpoints (0)
5. checking no_input_delay (1)
6. checking no_output_delay (4)
7. checking multiple_clock (0)
8. checking generated_clocks (0)
9. checking loops (0)
10. checking partial_input_delay (0)
11. checking partial_output_delay (0)
12. checking latch_loops (0)

1. checking no_clock (0)
------------------------
 There are 0 register/latch pins with no clock.


2. checking constant_clock (0)
------------------------------
 There are 0 register/latch pins with constant_clock.


3. checking pulse_width_clock (0)
---------------------------------
 There are 0 register/latch pins which need pulse_width check


4. checking unconstrained_internal_endpoints (0)
------------------------------------------------
 There are 0 pins that are not constrained for maximum delay.

 There are 0 pins that are not constrained for maximum delay due to constant clock.


5. checking no_input_delay (1)
------------------------------
 There are 0 input ports with no input delay specified.

 There is 1 input port with no input delay but user has a false path constraint. (MEDIUM)


6. checking no_output_delay (4)
-------------------------------
 There are 0 ports with no output delay specified.

 There are 4 ports with no output delay but user has a false path constraint (MEDIUM)

 There are 0 ports with no output delay but with a timing clock defined on it or propagating through it


7. checking multiple_clock (0)
------------------------------
 There are 0 register/latch pins with multiple clocks.


8. checking generated_clocks (0)
--------------------------------
 There are 0 generated clocks that are not connected to a clock source.


9. checking loops (0)
---------------------
 There are 0 combinational loops in the design.


10. checking partial_input_delay (0)
------------------------------------
 There are 0 input ports with partial input delay specified.


11. checking partial_output_delay (0)
-------------------------------------
 There are 0 ports with partial output delay specified.


12. checking latch_loops (0)
----------------------------
 There are 0 combinational latch loops in the design through latch input



------------------------------------------------------------------------------------------------
| Design Timing Summary
| ---------------------
------------------------------------------------------------------------------------------------

    WNS(ns)      TNS(ns)  TNS Failing Endpoints  TNS Total Endpoints      WHS(ns)      THS(ns)  THS Failing Endpoints  THS Total Endpoints     WPWS(ns)     TPWS(ns)  TPWS Failing Endpoints  TPWS Total Endpoints  
    -------      -------  ---------------------  -------------------      -------      -------  ---------------------  -------------------     --------     --------  ----------------------  --------------------  
     17.762        0.000                      0                   53        0.301        0.000                      0                   53        9.500        0.000                       0                    29  


All user specified timing constraints are met.


------------------------------------------------------------------------------------------------
| Clock Summary
| -------------
------------------------------------------------------------------------------------------------

Clock  Waveform(ns)       Period(ns)      Frequency(MHz)
-----  ------------       ----------      --------------
clk    {0.000 10.000}     20.000          50.000          


------------------------------------------------------------------------------------------------
| Intra Clock Table
| -----------------
------------------------------------------------------------------------------------------------

Clock             WNS(ns)      TNS(ns)  TNS Failing Endpoints  TNS Total Endpoints      WHS(ns)      THS(ns)  THS Failing Endpoints  THS Total Endpoints     WPWS(ns)     TPWS(ns)  TPWS Failing Endpoints  TPWS Total Endpoints  
-----             -------      -------  ---------------------  -------------------      -------      -------  ---------------------  -------------------     --------     --------  ----------------------  --------------------  
clk                17.762        0.000                      0                   27        0.301        0.000                      0                   27        9.500        0.000                       0                    29  


------------------------------------------------------------------------------------------------
| Inter Clock Table
| -----------------
------------------------------------------------------------------------------------------------

From Clock    To Clock          WNS(ns)      TNS(ns)  TNS Failing Endpoints  TNS Total Endpoints      WHS(ns)      THS(ns)  THS Failing Endpoints  THS Total Endpoints  
----------    --------          -------      -------  ---------------------  -------------------      -------      -------  ---------------------  -------------------  


------------------------------------------------------------------------------------------------
| Other Path Groups Table
| -----------------------
------------------------------------------------------------------------------------------------

Path Group         From Clock         To Clock               WNS(ns)      TNS(ns)  TNS Failing Endpoints  TNS Total Endpoints      WHS(ns)      THS(ns)  THS Failing Endpoints  THS Total Endpoints  
----------         ----------         --------               -------      -------  ---------------------  -------------------      -------      -------  ---------------------  -------------------  
**async_default**  clk                clk                     17.764        0.000                      0                   26        0.683        0.000                      0                   26  


------------------------------------------------------------------------------------------------
| User Ignored Path Table
| -----------------------
------------------------------------------------------------------------------------------------

Path Group    From Clock    To Clock    
----------    ----------    --------    
(none)        clk                         
(none)                      clk           


------------------------------------------------------------------------------------------------
| Unconstrained Path Table
| ------------------------
------------------------------------------------------------------------------------------------

Path Group    From Clock    To Clock    
----------    ----------    --------    


------------------------------------------------------------------------------------------------
| Timing Details
| --------------
------------------------------------------------------------------------------------------------


---------------------------------------------------------------------------------------------------
From Clock:  clk
  To Clock:  clk

Setup :            0  Failing Endpoints,  Worst Slack       17.762ns,  Total Violation        0.000ns
Hold  :            0  Failing Endpoints,  Worst Slack        0.301ns,  Total Violation        0.000ns
PW    :            0  Failing Endpoints,  Worst Slack        9.500ns,  Total Violation        0.000ns
---------------------------------------------------------------------------------------------------


Max Delay Paths
--------------------------------------------------------------------------------------
Slack (MET) :             17.762ns  (required time - arrival time)
  Source:                 u_cnt/o_cnt_reg[1]/C
                            (rising edge-triggered cell FDPE clocked by clk  {rise@0.000ns fall@10.000ns period=20.000ns})
  Destination:            u_cnt/o_cnt_reg[25]/D
                            (rising edge-triggered cell FDPE clocked by clk  {rise@0.000ns fall@10.000ns period=20.000ns})
  Path Group:             clk
  Path Type:              Setup (Max at Slow Process Corner)
  Requirement:            20.000ns  (clk rise@20.000ns - clk rise@0.000ns)
  Data Path Delay:        2.236ns  (logic 1.696ns (75.835%)  route 0.540ns (24.165%))
  Logic Levels:           8  (CARRY4=7 LUT1=1)
  Clock Path Skew:        -0.025ns (DCD - SCD + CPR)
    Destination Clock Delay (DCD):    4.214ns = ( 24.214 - 20.000 ) 
    Source Clock Delay      (SCD):    4.710ns
    Clock Pessimism Removal (CPR):    0.471ns
  Clock Uncertainty:      0.035ns  ((TSJ^2 + TIJ^2)^1/2 + DJ) / 2 + PE
    Total System Jitter     (TSJ):    0.071ns
    Total Input Jitter      (TIJ):    0.000ns
    Discrete Jitter          (DJ):    0.000ns
    Phase Error              (PE):    0.000ns

    Location             Delay type                Incr(ns)  Path(ns)    Netlist Resource(s)
  -------------------------------------------------------------------    -------------------
                         (clock clk rise edge)        0.000     0.000 r  
    K17                                               0.000     0.000 r  clk (IN)
                         net (fo=0)                   0.000     0.000    clk
    K17                  IBUF (Prop_ibuf_I_O)         0.892     0.892 r  clk_IBUF_inst/O
                         net (fo=1, routed)           2.160     3.052    clk_IBUF
    BUFGCTRL_X0Y16       BUFG (Prop_bufg_I_O)         0.085     3.137 r  clk_IBUF_BUFG_inst/O
                         net (fo=28, routed)          1.573     4.710    u_cnt/clk
    SLICE_X113Y89        FDPE                                         r  u_cnt/o_cnt_reg[1]/C
  -------------------------------------------------------------------    -------------------
    SLICE_X113Y89        FDPE (Prop_fdpe_C_Q)         0.379     5.089 f  u_cnt/o_cnt_reg[1]/Q
                         net (fo=1, routed)           0.540     5.629    u_cnt/o_cnt_reg_n_0_[1]
    SLICE_X113Y89        LUT1 (Prop_lut1_I0_O)        0.105     5.734 r  u_cnt/o_cnt[0]_i_5/O
                         net (fo=1, routed)           0.000     5.734    u_cnt/o_cnt[0]_i_5_n_0
    SLICE_X113Y89        CARRY4 (Prop_carry4_S[1]_CO[3])
                                                      0.457     6.191 r  u_cnt/o_cnt_reg[0]_i_1/CO[3]
                         net (fo=1, routed)           0.000     6.191    u_cnt/o_cnt_reg[0]_i_1_n_0
    SLICE_X113Y90        CARRY4 (Prop_carry4_CI_CO[3])
                                                      0.098     6.289 r  u_cnt/o_cnt_reg[4]_i_1/CO[3]
                         net (fo=1, routed)           0.000     6.289    u_cnt/o_cnt_reg[4]_i_1_n_0
    SLICE_X113Y91        CARRY4 (Prop_carry4_CI_CO[3])
                                                      0.098     6.387 r  u_cnt/o_cnt_reg[8]_i_1/CO[3]
                         net (fo=1, routed)           0.000     6.387    u_cnt/o_cnt_reg[8]_i_1_n_0
    SLICE_X113Y92        CARRY4 (Prop_carry4_CI_CO[3])
                                                      0.098     6.485 r  u_cnt/o_cnt_reg[12]_i_1/CO[3]
                         net (fo=1, routed)           0.000     6.485    u_cnt/o_cnt_reg[12]_i_1_n_0
    SLICE_X113Y93        CARRY4 (Prop_carry4_CI_CO[3])
                                                      0.098     6.583 r  u_cnt/o_cnt_reg[16]_i_1/CO[3]
                         net (fo=1, routed)           0.000     6.583    u_cnt/o_cnt_reg[16]_i_1_n_0
    SLICE_X113Y94        CARRY4 (Prop_carry4_CI_CO[3])
                                                      0.098     6.681 r  u_cnt/o_cnt_reg[20]_i_1/CO[3]
                         net (fo=1, routed)           0.000     6.681    u_cnt/o_cnt_reg[20]_i_1_n_0
    SLICE_X113Y95        CARRY4 (Prop_carry4_CI_O[1])
                                                      0.265     6.946 r  u_cnt/o_cnt_reg[24]_i_1/O[1]
                         net (fo=1, routed)           0.000     6.946    u_cnt/o_cnt_reg[24]_i_1_n_6
    SLICE_X113Y95        FDPE                                         r  u_cnt/o_cnt_reg[25]/D
  -------------------------------------------------------------------    -------------------

                         (clock clk rise edge)       20.000    20.000 r  
    K17                                               0.000    20.000 r  clk (IN)
                         net (fo=0)                   0.000    20.000    clk
    K17                  IBUF (Prop_ibuf_I_O)         0.761    20.761 r  clk_IBUF_inst/O
                         net (fo=1, routed)           1.961    22.722    clk_IBUF
    BUFGCTRL_X0Y16       BUFG (Prop_bufg_I_O)         0.077    22.799 r  clk_IBUF_BUFG_inst/O
                         net (fo=28, routed)          1.415    24.214    u_cnt/clk
    SLICE_X113Y95        FDPE                                         r  u_cnt/o_cnt_reg[25]/C
                         clock pessimism              0.471    24.685    
                         clock uncertainty           -0.035    24.649    
    SLICE_X113Y95        FDPE (Setup_fdpe_C_D)        0.059    24.708    u_cnt/o_cnt_reg[25]
  -------------------------------------------------------------------
                         required time                         24.708    
                         arrival time                          -6.946    
  -------------------------------------------------------------------
                         slack                                 17.762    

Slack (MET) :             17.846ns  (required time - arrival time)
  Source:                 u_cnt/o_cnt_reg[1]/C
                            (rising edge-triggered cell FDPE clocked by clk  {rise@0.000ns fall@10.000ns period=20.000ns})
  Destination:            u_cnt/o_cnt_reg[24]/D
                            (rising edge-triggered cell FDPE clocked by clk  {rise@0.000ns fall@10.000ns period=20.000ns})
  Path Group:             clk
  Path Type:              Setup (Max at Slow Process Corner)
  Requirement:            20.000ns  (clk rise@20.000ns - clk rise@0.000ns)
  Data Path Delay:        2.152ns  (logic 1.612ns (74.892%)  route 0.540ns (25.108%))
  Logic Levels:           8  (CARRY4=7 LUT1=1)
  Clock Path Skew:        -0.025ns (DCD - SCD + CPR)
    Destination Clock Delay (DCD):    4.214ns = ( 24.214 - 20.000 ) 
    Source Clock Delay      (SCD):    4.710ns
    Clock Pessimism Removal (CPR):    0.471ns
  Clock Uncertainty:      0.035ns  ((TSJ^2 + TIJ^2)^1/2 + DJ) / 2 + PE
    Total System Jitter     (TSJ):    0.071ns
    Total Input Jitter      (TIJ):    0.000ns
    Discrete Jitter          (DJ):    0.000ns
    Phase Error              (PE):    0.000ns

    Location             Delay type                Incr(ns)  Path(ns)    Netlist Resource(s)
  -------------------------------------------------------------------    -------------------
                         (clock clk rise edge)        0.000     0.000 r  
    K17                                               0.000     0.000 r  clk (IN)
                         net (fo=0)                   0.000     0.000    clk
    K17                  IBUF (Prop_ibuf_I_O)         0.892     0.892 r  clk_IBUF_inst/O
                         net (fo=1, routed)           2.160     3.052    clk_IBUF
    BUFGCTRL_X0Y16       BUFG (Prop_bufg_I_O)         0.085     3.137 r  clk_IBUF_BUFG_inst/O
                         net (fo=28, routed)          1.573     4.710    u_cnt/clk
    SLICE_X113Y89        FDPE                                         r  u_cnt/o_cnt_reg[1]/C
  -------------------------------------------------------------------    -------------------
    SLICE_X113Y89        FDPE (Prop_fdpe_C_Q)         0.379     5.089 f  u_cnt/o_cnt_reg[1]/Q
                         net (fo=1, routed)           0.540     5.629    u_cnt/o_cnt_reg_n_0_[1]
    SLICE_X113Y89        LUT1 (Prop_lut1_I0_O)        0.105     5.734 r  u_cnt/o_cnt[0]_i_5/O
                         net (fo=1, routed)           0.000     5.734    u_cnt/o_cnt[0]_i_5_n_0
    SLICE_X113Y89        CARRY4 (Prop_carry4_S[1]_CO[3])
                                                      0.457     6.191 r  u_cnt/o_cnt_reg[0]_i_1/CO[3]
                         net (fo=1, routed)           0.000     6.191    u_cnt/o_cnt_reg[0]_i_1_n_0
    SLICE_X113Y90        CARRY4 (Prop_carry4_CI_CO[3])
                                                      0.098     6.289 r  u_cnt/o_cnt_reg[4]_i_1/CO[3]
                         net (fo=1, routed)           0.000     6.289    u_cnt/o_cnt_reg[4]_i_1_n_0
    SLICE_X113Y91        CARRY4 (Prop_carry4_CI_CO[3])
                                                      0.098     6.387 r  u_cnt/o_cnt_reg[8]_i_1/CO[3]
                         net (fo=1, routed)           0.000     6.387    u_cnt/o_cnt_reg[8]_i_1_n_0
    SLICE_X113Y92        CARRY4 (Prop_carry4_CI_CO[3])
                                                      0.098     6.485 r  u_cnt/o_cnt_reg[12]_i_1/CO[3]
                         net (fo=1, routed)           0.000     6.485    u_cnt/o_cnt_reg[12]_i_1_n_0
    SLICE_X113Y93        CARRY4 (Prop_carry4_CI_CO[3])
                                                      0.098     6.583 r  u_cnt/o_cnt_reg[16]_i_1/CO[3]
                         net (fo=1, routed)           0.000     6.583    u_cnt/o_cnt_reg[16]_i_1_n_0
    SLICE_X113Y94        CARRY4 (Prop_carry4_CI_CO[3])
                                                      0.098     6.681 r  u_cnt/o_cnt_reg[20]_i_1/CO[3]
                         net (fo=1, routed)           0.000     6.681    u_cnt/o_cnt_reg[20]_i_1_n_0
    SLICE_X113Y95        CARRY4 (Prop_carry4_CI_O[0])
                                                      0.181     6.862 r  u_cnt/o_cnt_reg[24]_i_1/O[0]
                         net (fo=1, routed)           0.000     6.862    u_cnt/o_cnt_reg[24]_i_1_n_7
    SLICE_X113Y95        FDPE                                         r  u_cnt/o_cnt_reg[24]/D
  -------------------------------------------------------------------    -------------------

                         (clock clk rise edge)       20.000    20.000 r  
    K17                                               0.000    20.000 r  clk (IN)
                         net (fo=0)                   0.000    20.000    clk
    K17                  IBUF (Prop_ibuf_I_O)         0.761    20.761 r  clk_IBUF_inst/O
                         net (fo=1, routed)           1.961    22.722    clk_IBUF
    BUFGCTRL_X0Y16       BUFG (Prop_bufg_I_O)         0.077    22.799 r  clk_IBUF_BUFG_inst/O
                         net (fo=28, routed)          1.415    24.214    u_cnt/clk
    SLICE_X113Y95        FDPE                                         r  u_cnt/o_cnt_reg[24]/C
                         clock pessimism              0.471    24.685    
                         clock uncertainty           -0.035    24.649    
    SLICE_X113Y95        FDPE (Setup_fdpe_C_D)        0.059    24.708    u_cnt/o_cnt_reg[24]
  -------------------------------------------------------------------
                         required time                         24.708    
                         arrival time                          -6.862    
  -------------------------------------------------------------------
                         slack                                 17.846    

Slack (MET) :             17.860ns  (required time - arrival time)
  Source:                 u_cnt/o_cnt_reg[1]/C
                            (rising edge-triggered cell FDPE clocked by clk  {rise@0.000ns fall@10.000ns period=20.000ns})
  Destination:            u_cnt/o_cnt_reg[21]/D
                            (rising edge-triggered cell FDPE clocked by clk  {rise@0.000ns fall@10.000ns period=20.000ns})
  Path Group:             clk
  Path Type:              Setup (Max at Slow Process Corner)
  Requirement:            20.000ns  (clk rise@20.000ns - clk rise@0.000ns)
  Data Path Delay:        2.138ns  (logic 1.598ns (74.727%)  route 0.540ns (25.273%))
  Logic Levels:           7  (CARRY4=6 LUT1=1)
  Clock Path Skew:        -0.025ns (DCD - SCD + CPR)
    Destination Clock Delay (DCD):    4.214ns = ( 24.214 - 20.000 ) 
    Source Clock Delay      (SCD):    4.710ns
    Clock Pessimism Removal (CPR):    0.471ns
  Clock Uncertainty:      0.035ns  ((TSJ^2 + TIJ^2)^1/2 + DJ) / 2 + PE
    Total System Jitter     (TSJ):    0.071ns
    Total Input Jitter      (TIJ):    0.000ns
    Discrete Jitter          (DJ):    0.000ns
    Phase Error              (PE):    0.000ns

    Location             Delay type                Incr(ns)  Path(ns)    Netlist Resource(s)
  -------------------------------------------------------------------    -------------------
                         (clock clk rise edge)        0.000     0.000 r  
    K17                                               0.000     0.000 r  clk (IN)
                         net (fo=0)                   0.000     0.000    clk
    K17                  IBUF (Prop_ibuf_I_O)         0.892     0.892 r  clk_IBUF_inst/O
                         net (fo=1, routed)           2.160     3.052    clk_IBUF
    BUFGCTRL_X0Y16       BUFG (Prop_bufg_I_O)         0.085     3.137 r  clk_IBUF_BUFG_inst/O
                         net (fo=28, routed)          1.573     4.710    u_cnt/clk
    SLICE_X113Y89        FDPE                                         r  u_cnt/o_cnt_reg[1]/C
  -------------------------------------------------------------------    -------------------
    SLICE_X113Y89        FDPE (Prop_fdpe_C_Q)         0.379     5.089 f  u_cnt/o_cnt_reg[1]/Q
                         net (fo=1, routed)           0.540     5.629    u_cnt/o_cnt_reg_n_0_[1]
    SLICE_X113Y89        LUT1 (Prop_lut1_I0_O)        0.105     5.734 r  u_cnt/o_cnt[0]_i_5/O
                         net (fo=1, routed)           0.000     5.734    u_cnt/o_cnt[0]_i_5_n_0
    SLICE_X113Y89        CARRY4 (Prop_carry4_S[1]_CO[3])
                                                      0.457     6.191 r  u_cnt/o_cnt_reg[0]_i_1/CO[3]
                         net (fo=1, routed)           0.000     6.191    u_cnt/o_cnt_reg[0]_i_1_n_0
    SLICE_X113Y90        CARRY4 (Prop_carry4_CI_CO[3])
                                                      0.098     6.289 r  u_cnt/o_cnt_reg[4]_i_1/CO[3]
                         net (fo=1, routed)           0.000     6.289    u_cnt/o_cnt_reg[4]_i_1_n_0
    SLICE_X113Y91        CARRY4 (Prop_carry4_CI_CO[3])
                                                      0.098     6.387 r  u_cnt/o_cnt_reg[8]_i_1/CO[3]
                         net (fo=1, routed)           0.000     6.387    u_cnt/o_cnt_reg[8]_i_1_n_0
    SLICE_X113Y92        CARRY4 (Prop_carry4_CI_CO[3])
                                                      0.098     6.485 r  u_cnt/o_cnt_reg[12]_i_1/CO[3]
                         net (fo=1, routed)           0.000     6.485    u_cnt/o_cnt_reg[12]_i_1_n_0
    SLICE_X113Y93        CARRY4 (Prop_carry4_CI_CO[3])
                                                      0.098     6.583 r  u_cnt/o_cnt_reg[16]_i_1/CO[3]
                         net (fo=1, routed)           0.000     6.583    u_cnt/o_cnt_reg[16]_i_1_n_0
    SLICE_X113Y94        CARRY4 (Prop_carry4_CI_O[1])
                                                      0.265     6.848 r  u_cnt/o_cnt_reg[20]_i_1/O[1]
                         net (fo=1, routed)           0.000     6.848    u_cnt/o_cnt_reg[20]_i_1_n_6
    SLICE_X113Y94        FDPE                                         r  u_cnt/o_cnt_reg[21]/D
  -------------------------------------------------------------------    -------------------

                         (clock clk rise edge)       20.000    20.000 r  
    K17                                               0.000    20.000 r  clk (IN)
                         net (fo=0)                   0.000    20.000    clk
    K17                  IBUF (Prop_ibuf_I_O)         0.761    20.761 r  clk_IBUF_inst/O
                         net (fo=1, routed)           1.961    22.722    clk_IBUF
    BUFGCTRL_X0Y16       BUFG (Prop_bufg_I_O)         0.077    22.799 r  clk_IBUF_BUFG_inst/O
                         net (fo=28, routed)          1.415    24.214    u_cnt/clk
    SLICE_X113Y94        FDPE                                         r  u_cnt/o_cnt_reg[21]/C
                         clock pessimism              0.471    24.685    
                         clock uncertainty           -0.035    24.649    
    SLICE_X113Y94        FDPE (Setup_fdpe_C_D)        0.059    24.708    u_cnt/o_cnt_reg[21]
  -------------------------------------------------------------------
                         required time                         24.708    
                         arrival time                          -6.848    
  -------------------------------------------------------------------
                         slack                                 17.860    

Slack (MET) :             17.865ns  (required time - arrival time)
  Source:                 u_cnt/o_cnt_reg[1]/C
                            (rising edge-triggered cell FDPE clocked by clk  {rise@0.000ns fall@10.000ns period=20.000ns})
  Destination:            u_cnt/o_cnt_reg[23]/D
                            (rising edge-triggered cell FDPE clocked by clk  {rise@0.000ns fall@10.000ns period=20.000ns})
  Path Group:             clk
  Path Type:              Setup (Max at Slow Process Corner)
  Requirement:            20.000ns  (clk rise@20.000ns - clk rise@0.000ns)
  Data Path Delay:        2.133ns  (logic 1.593ns (74.668%)  route 0.540ns (25.332%))
  Logic Levels:           7  (CARRY4=6 LUT1=1)
  Clock Path Skew:        -0.025ns (DCD - SCD + CPR)
    Destination Clock Delay (DCD):    4.214ns = ( 24.214 - 20.000 ) 
    Source Clock Delay      (SCD):    4.710ns
    Clock Pessimism Removal (CPR):    0.471ns
  Clock Uncertainty:      0.035ns  ((TSJ^2 + TIJ^2)^1/2 + DJ) / 2 + PE
    Total System Jitter     (TSJ):    0.071ns
    Total Input Jitter      (TIJ):    0.000ns
    Discrete Jitter          (DJ):    0.000ns
    Phase Error              (PE):    0.000ns

    Location             Delay type                Incr(ns)  Path(ns)    Netlist Resource(s)
  -------------------------------------------------------------------    -------------------
                         (clock clk rise edge)        0.000     0.000 r  
    K17                                               0.000     0.000 r  clk (IN)
                         net (fo=0)                   0.000     0.000    clk
    K17                  IBUF (Prop_ibuf_I_O)         0.892     0.892 r  clk_IBUF_inst/O
                         net (fo=1, routed)           2.160     3.052    clk_IBUF
    BUFGCTRL_X0Y16       BUFG (Prop_bufg_I_O)         0.085     3.137 r  clk_IBUF_BUFG_inst/O
                         net (fo=28, routed)          1.573     4.710    u_cnt/clk
    SLICE_X113Y89        FDPE                                         r  u_cnt/o_cnt_reg[1]/C
  -------------------------------------------------------------------    -------------------
    SLICE_X113Y89        FDPE (Prop_fdpe_C_Q)         0.379     5.089 f  u_cnt/o_cnt_reg[1]/Q
                         net (fo=1, routed)           0.540     5.629    u_cnt/o_cnt_reg_n_0_[1]
    SLICE_X113Y89        LUT1 (Prop_lut1_I0_O)        0.105     5.734 r  u_cnt/o_cnt[0]_i_5/O
                         net (fo=1, routed)           0.000     5.734    u_cnt/o_cnt[0]_i_5_n_0
    SLICE_X113Y89        CARRY4 (Prop_carry4_S[1]_CO[3])
                                                      0.457     6.191 r  u_cnt/o_cnt_reg[0]_i_1/CO[3]
                         net (fo=1, routed)           0.000     6.191    u_cnt/o_cnt_reg[0]_i_1_n_0
    SLICE_X113Y90        CARRY4 (Prop_carry4_CI_CO[3])
                                                      0.098     6.289 r  u_cnt/o_cnt_reg[4]_i_1/CO[3]
                         net (fo=1, routed)           0.000     6.289    u_cnt/o_cnt_reg[4]_i_1_n_0
    SLICE_X113Y91        CARRY4 (Prop_carry4_CI_CO[3])
                                                      0.098     6.387 r  u_cnt/o_cnt_reg[8]_i_1/CO[3]
                         net (fo=1, routed)           0.000     6.387    u_cnt/o_cnt_reg[8]_i_1_n_0
    SLICE_X113Y92        CARRY4 (Prop_carry4_CI_CO[3])
                                                      0.098     6.485 r  u_cnt/o_cnt_reg[12]_i_1/CO[3]
                         net (fo=1, routed)           0.000     6.485    u_cnt/o_cnt_reg[12]_i_1_n_0
    SLICE_X113Y93        CARRY4 (Prop_carry4_CI_CO[3])
                                                      0.098     6.583 r  u_cnt/o_cnt_reg[16]_i_1/CO[3]
                         net (fo=1, routed)           0.000     6.583    u_cnt/o_cnt_reg[16]_i_1_n_0
    SLICE_X113Y94        CARRY4 (Prop_carry4_CI_O[3])
                                                      0.260     6.843 r  u_cnt/o_cnt_reg[20]_i_1/O[3]
                         net (fo=1, routed)           0.000     6.843    u_cnt/o_cnt_reg[20]_i_1_n_4
    SLICE_X113Y94        FDPE                                         r  u_cnt/o_cnt_reg[23]/D
  -------------------------------------------------------------------    -------------------

                         (clock clk rise edge)       20.000    20.000 r  
    K17                                               0.000    20.000 r  clk (IN)
                         net (fo=0)                   0.000    20.000    clk
    K17                  IBUF (Prop_ibuf_I_O)         0.761    20.761 r  clk_IBUF_inst/O
                         net (fo=1, routed)           1.961    22.722    clk_IBUF
    BUFGCTRL_X0Y16       BUFG (Prop_bufg_I_O)         0.077    22.799 r  clk_IBUF_BUFG_inst/O
                         net (fo=28, routed)          1.415    24.214    u_cnt/clk
    SLICE_X113Y94        FDPE                                         r  u_cnt/o_cnt_reg[23]/C
                         clock pessimism              0.471    24.685    
                         clock uncertainty           -0.035    24.649    
    SLICE_X113Y94        FDPE (Setup_fdpe_C_D)        0.059    24.708    u_cnt/o_cnt_reg[23]
  -------------------------------------------------------------------
                         required time                         24.708    
                         arrival time                          -6.843    
  -------------------------------------------------------------------
                         slack                                 17.865    

Slack (MET) :             17.925ns  (required time - arrival time)
  Source:                 u_cnt/o_cnt_reg[1]/C
                            (rising edge-triggered cell FDPE clocked by clk  {rise@0.000ns fall@10.000ns period=20.000ns})
  Destination:            u_cnt/o_cnt_reg[22]/D
                            (rising edge-triggered cell FDPE clocked by clk  {rise@0.000ns fall@10.000ns period=20.000ns})
  Path Group:             clk
  Path Type:              Setup (Max at Slow Process Corner)
  Requirement:            20.000ns  (clk rise@20.000ns - clk rise@0.000ns)
  Data Path Delay:        2.073ns  (logic 1.533ns (73.935%)  route 0.540ns (26.065%))
  Logic Levels:           7  (CARRY4=6 LUT1=1)
  Clock Path Skew:        -0.025ns (DCD - SCD + CPR)
    Destination Clock Delay (DCD):    4.214ns = ( 24.214 - 20.000 ) 
    Source Clock Delay      (SCD):    4.710ns
    Clock Pessimism Removal (CPR):    0.471ns
  Clock Uncertainty:      0.035ns  ((TSJ^2 + TIJ^2)^1/2 + DJ) / 2 + PE
    Total System Jitter     (TSJ):    0.071ns
    Total Input Jitter      (TIJ):    0.000ns
    Discrete Jitter          (DJ):    0.000ns
    Phase Error              (PE):    0.000ns

    Location             Delay type                Incr(ns)  Path(ns)    Netlist Resource(s)
  -------------------------------------------------------------------    -------------------
                         (clock clk rise edge)        0.000     0.000 r  
    K17                                               0.000     0.000 r  clk (IN)
                         net (fo=0)                   0.000     0.000    clk
    K17                  IBUF (Prop_ibuf_I_O)         0.892     0.892 r  clk_IBUF_inst/O
                         net (fo=1, routed)           2.160     3.052    clk_IBUF
    BUFGCTRL_X0Y16       BUFG (Prop_bufg_I_O)         0.085     3.137 r  clk_IBUF_BUFG_inst/O
                         net (fo=28, routed)          1.573     4.710    u_cnt/clk
    SLICE_X113Y89        FDPE                                         r  u_cnt/o_cnt_reg[1]/C
  -------------------------------------------------------------------    -------------------
    SLICE_X113Y89        FDPE (Prop_fdpe_C_Q)         0.379     5.089 f  u_cnt/o_cnt_reg[1]/Q
                         net (fo=1, routed)           0.540     5.629    u_cnt/o_cnt_reg_n_0_[1]
    SLICE_X113Y89        LUT1 (Prop_lut1_I0_O)        0.105     5.734 r  u_cnt/o_cnt[0]_i_5/O
                         net (fo=1, routed)           0.000     5.734    u_cnt/o_cnt[0]_i_5_n_0
    SLICE_X113Y89        CARRY4 (Prop_carry4_S[1]_CO[3])
                                                      0.457     6.191 r  u_cnt/o_cnt_reg[0]_i_1/CO[3]
                         net (fo=1, routed)           0.000     6.191    u_cnt/o_cnt_reg[0]_i_1_n_0
    SLICE_X113Y90        CARRY4 (Prop_carry4_CI_CO[3])
                                                      0.098     6.289 r  u_cnt/o_cnt_reg[4]_i_1/CO[3]
                         net (fo=1, routed)           0.000     6.289    u_cnt/o_cnt_reg[4]_i_1_n_0
    SLICE_X113Y91        CARRY4 (Prop_carry4_CI_CO[3])
                                                      0.098     6.387 r  u_cnt/o_cnt_reg[8]_i_1/CO[3]
                         net (fo=1, routed)           0.000     6.387    u_cnt/o_cnt_reg[8]_i_1_n_0
    SLICE_X113Y92        CARRY4 (Prop_carry4_CI_CO[3])
                                                      0.098     6.485 r  u_cnt/o_cnt_reg[12]_i_1/CO[3]
                         net (fo=1, routed)           0.000     6.485    u_cnt/o_cnt_reg[12]_i_1_n_0
    SLICE_X113Y93        CARRY4 (Prop_carry4_CI_CO[3])
                                                      0.098     6.583 r  u_cnt/o_cnt_reg[16]_i_1/CO[3]
                         net (fo=1, routed)           0.000     6.583    u_cnt/o_cnt_reg[16]_i_1_n_0
    SLICE_X113Y94        CARRY4 (Prop_carry4_CI_O[2])
                                                      0.200     6.783 r  u_cnt/o_cnt_reg[20]_i_1/O[2]
                         net (fo=1, routed)           0.000     6.783    u_cnt/o_cnt_reg[20]_i_1_n_5
    SLICE_X113Y94        FDPE                                         r  u_cnt/o_cnt_reg[22]/D
  -------------------------------------------------------------------    -------------------

                         (clock clk rise edge)       20.000    20.000 r  
    K17                                               0.000    20.000 r  clk (IN)
                         net (fo=0)                   0.000    20.000    clk
    K17                  IBUF (Prop_ibuf_I_O)         0.761    20.761 r  clk_IBUF_inst/O
                         net (fo=1, routed)           1.961    22.722    clk_IBUF
    BUFGCTRL_X0Y16       BUFG (Prop_bufg_I_O)         0.077    22.799 r  clk_IBUF_BUFG_inst/O
                         net (fo=28, routed)          1.415    24.214    u_cnt/clk
    SLICE_X113Y94        FDPE                                         r  u_cnt/o_cnt_reg[22]/C
                         clock pessimism              0.471    24.685    
                         clock uncertainty           -0.035    24.649    
    SLICE_X113Y94        FDPE (Setup_fdpe_C_D)        0.059    24.708    u_cnt/o_cnt_reg[22]
  -------------------------------------------------------------------
                         required time                         24.708    
                         arrival time                          -6.783    
  -------------------------------------------------------------------
                         slack                                 17.925    

Slack (MET) :             17.944ns  (required time - arrival time)
  Source:                 u_cnt/o_cnt_reg[1]/C
                            (rising edge-triggered cell FDPE clocked by clk  {rise@0.000ns fall@10.000ns period=20.000ns})
  Destination:            u_cnt/o_cnt_reg[20]/D
                            (rising edge-triggered cell FDPE clocked by clk  {rise@0.000ns fall@10.000ns period=20.000ns})
  Path Group:             clk
  Path Type:              Setup (Max at Slow Process Corner)
  Requirement:            20.000ns  (clk rise@20.000ns - clk rise@0.000ns)
  Data Path Delay:        2.054ns  (logic 1.514ns (73.694%)  route 0.540ns (26.306%))
  Logic Levels:           7  (CARRY4=6 LUT1=1)
  Clock Path Skew:        -0.025ns (DCD - SCD + CPR)
    Destination Clock Delay (DCD):    4.214ns = ( 24.214 - 20.000 ) 
    Source Clock Delay      (SCD):    4.710ns
    Clock Pessimism Removal (CPR):    0.471ns
  Clock Uncertainty:      0.035ns  ((TSJ^2 + TIJ^2)^1/2 + DJ) / 2 + PE
    Total System Jitter     (TSJ):    0.071ns
    Total Input Jitter      (TIJ):    0.000ns
    Discrete Jitter          (DJ):    0.000ns
    Phase Error              (PE):    0.000ns

    Location             Delay type                Incr(ns)  Path(ns)    Netlist Resource(s)
  -------------------------------------------------------------------    -------------------
                         (clock clk rise edge)        0.000     0.000 r  
    K17                                               0.000     0.000 r  clk (IN)
                         net (fo=0)                   0.000     0.000    clk
    K17                  IBUF (Prop_ibuf_I_O)         0.892     0.892 r  clk_IBUF_inst/O
                         net (fo=1, routed)           2.160     3.052    clk_IBUF
    BUFGCTRL_X0Y16       BUFG (Prop_bufg_I_O)         0.085     3.137 r  clk_IBUF_BUFG_inst/O
                         net (fo=28, routed)          1.573     4.710    u_cnt/clk
    SLICE_X113Y89        FDPE                                         r  u_cnt/o_cnt_reg[1]/C
  -------------------------------------------------------------------    -------------------
    SLICE_X113Y89        FDPE (Prop_fdpe_C_Q)         0.379     5.089 f  u_cnt/o_cnt_reg[1]/Q
                         net (fo=1, routed)           0.540     5.629    u_cnt/o_cnt_reg_n_0_[1]
    SLICE_X113Y89        LUT1 (Prop_lut1_I0_O)        0.105     5.734 r  u_cnt/o_cnt[0]_i_5/O
                         net (fo=1, routed)           0.000     5.734    u_cnt/o_cnt[0]_i_5_n_0
    SLICE_X113Y89        CARRY4 (Prop_carry4_S[1]_CO[3])
                                                      0.457     6.191 r  u_cnt/o_cnt_reg[0]_i_1/CO[3]
                         net (fo=1, routed)           0.000     6.191    u_cnt/o_cnt_reg[0]_i_1_n_0
    SLICE_X113Y90        CARRY4 (Prop_carry4_CI_CO[3])
                                                      0.098     6.289 r  u_cnt/o_cnt_reg[4]_i_1/CO[3]
                         net (fo=1, routed)           0.000     6.289    u_cnt/o_cnt_reg[4]_i_1_n_0
    SLICE_X113Y91        CARRY4 (Prop_carry4_CI_CO[3])
                                                      0.098     6.387 r  u_cnt/o_cnt_reg[8]_i_1/CO[3]
                         net (fo=1, routed)           0.000     6.387    u_cnt/o_cnt_reg[8]_i_1_n_0
    SLICE_X113Y92        CARRY4 (Prop_carry4_CI_CO[3])
                                                      0.098     6.485 r  u_cnt/o_cnt_reg[12]_i_1/CO[3]
                         net (fo=1, routed)           0.000     6.485    u_cnt/o_cnt_reg[12]_i_1_n_0
    SLICE_X113Y93        CARRY4 (Prop_carry4_CI_CO[3])
                                                      0.098     6.583 r  u_cnt/o_cnt_reg[16]_i_1/CO[3]
                         net (fo=1, routed)           0.000     6.583    u_cnt/o_cnt_reg[16]_i_1_n_0
    SLICE_X113Y94        CARRY4 (Prop_carry4_CI_O[0])
                                                      0.181     6.764 r  u_cnt/o_cnt_reg[20]_i_1/O[0]
                         net (fo=1, routed)           0.000     6.764    u_cnt/o_cnt_reg[20]_i_1_n_7
    SLICE_X113Y94        FDPE                                         r  u_cnt/o_cnt_reg[20]/D
  -------------------------------------------------------------------    -------------------

                         (clock clk rise edge)       20.000    20.000 r  
    K17                                               0.000    20.000 r  clk (IN)
                         net (fo=0)                   0.000    20.000    clk
    K17                  IBUF (Prop_ibuf_I_O)         0.761    20.761 r  clk_IBUF_inst/O
                         net (fo=1, routed)           1.961    22.722    clk_IBUF
    BUFGCTRL_X0Y16       BUFG (Prop_bufg_I_O)         0.077    22.799 r  clk_IBUF_BUFG_inst/O
                         net (fo=28, routed)          1.415    24.214    u_cnt/clk
    SLICE_X113Y94        FDPE                                         r  u_cnt/o_cnt_reg[20]/C
                         clock pessimism              0.471    24.685    
                         clock uncertainty           -0.035    24.649    
    SLICE_X113Y94        FDPE (Setup_fdpe_C_D)        0.059    24.708    u_cnt/o_cnt_reg[20]
  -------------------------------------------------------------------
                         required time                         24.708    
                         arrival time                          -6.764    
  -------------------------------------------------------------------
                         slack                                 17.944    

Slack (MET) :             17.958ns  (required time - arrival time)
  Source:                 u_cnt/o_cnt_reg[1]/C
                            (rising edge-triggered cell FDPE clocked by clk  {rise@0.000ns fall@10.000ns period=20.000ns})
  Destination:            u_cnt/o_cnt_reg[17]/D
                            (rising edge-triggered cell FDPE clocked by clk  {rise@0.000ns fall@10.000ns period=20.000ns})
  Path Group:             clk
  Path Type:              Setup (Max at Slow Process Corner)
  Requirement:            20.000ns  (clk rise@20.000ns - clk rise@0.000ns)
  Data Path Delay:        2.040ns  (logic 1.500ns (73.513%)  route 0.540ns (26.487%))
  Logic Levels:           6  (CARRY4=5 LUT1=1)
  Clock Path Skew:        -0.025ns (DCD - SCD + CPR)
    Destination Clock Delay (DCD):    4.214ns = ( 24.214 - 20.000 ) 
    Source Clock Delay      (SCD):    4.710ns
    Clock Pessimism Removal (CPR):    0.471ns
  Clock Uncertainty:      0.035ns  ((TSJ^2 + TIJ^2)^1/2 + DJ) / 2 + PE
    Total System Jitter     (TSJ):    0.071ns
    Total Input Jitter      (TIJ):    0.000ns
    Discrete Jitter          (DJ):    0.000ns
    Phase Error              (PE):    0.000ns

    Location             Delay type                Incr(ns)  Path(ns)    Netlist Resource(s)
  -------------------------------------------------------------------    -------------------
                         (clock clk rise edge)        0.000     0.000 r  
    K17                                               0.000     0.000 r  clk (IN)
                         net (fo=0)                   0.000     0.000    clk
    K17                  IBUF (Prop_ibuf_I_O)         0.892     0.892 r  clk_IBUF_inst/O
                         net (fo=1, routed)           2.160     3.052    clk_IBUF
    BUFGCTRL_X0Y16       BUFG (Prop_bufg_I_O)         0.085     3.137 r  clk_IBUF_BUFG_inst/O
                         net (fo=28, routed)          1.573     4.710    u_cnt/clk
    SLICE_X113Y89        FDPE                                         r  u_cnt/o_cnt_reg[1]/C
  -------------------------------------------------------------------    -------------------
    SLICE_X113Y89        FDPE (Prop_fdpe_C_Q)         0.379     5.089 f  u_cnt/o_cnt_reg[1]/Q
                         net (fo=1, routed)           0.540     5.629    u_cnt/o_cnt_reg_n_0_[1]
    SLICE_X113Y89        LUT1 (Prop_lut1_I0_O)        0.105     5.734 r  u_cnt/o_cnt[0]_i_5/O
                         net (fo=1, routed)           0.000     5.734    u_cnt/o_cnt[0]_i_5_n_0
    SLICE_X113Y89        CARRY4 (Prop_carry4_S[1]_CO[3])
                                                      0.457     6.191 r  u_cnt/o_cnt_reg[0]_i_1/CO[3]
                         net (fo=1, routed)           0.000     6.191    u_cnt/o_cnt_reg[0]_i_1_n_0
    SLICE_X113Y90        CARRY4 (Prop_carry4_CI_CO[3])
                                                      0.098     6.289 r  u_cnt/o_cnt_reg[4]_i_1/CO[3]
                         net (fo=1, routed)           0.000     6.289    u_cnt/o_cnt_reg[4]_i_1_n_0
    SLICE_X113Y91        CARRY4 (Prop_carry4_CI_CO[3])
                                                      0.098     6.387 r  u_cnt/o_cnt_reg[8]_i_1/CO[3]
                         net (fo=1, routed)           0.000     6.387    u_cnt/o_cnt_reg[8]_i_1_n_0
    SLICE_X113Y92        CARRY4 (Prop_carry4_CI_CO[3])
                                                      0.098     6.485 r  u_cnt/o_cnt_reg[12]_i_1/CO[3]
                         net (fo=1, routed)           0.000     6.485    u_cnt/o_cnt_reg[12]_i_1_n_0
    SLICE_X113Y93        CARRY4 (Prop_carry4_CI_O[1])
                                                      0.265     6.750 r  u_cnt/o_cnt_reg[16]_i_1/O[1]
                         net (fo=1, routed)           0.000     6.750    u_cnt/o_cnt_reg[16]_i_1_n_6
    SLICE_X113Y93        FDPE                                         r  u_cnt/o_cnt_reg[17]/D
  -------------------------------------------------------------------    -------------------

                         (clock clk rise edge)       20.000    20.000 r  
    K17                                               0.000    20.000 r  clk (IN)
                         net (fo=0)                   0.000    20.000    clk
    K17                  IBUF (Prop_ibuf_I_O)         0.761    20.761 r  clk_IBUF_inst/O
                         net (fo=1, routed)           1.961    22.722    clk_IBUF
    BUFGCTRL_X0Y16       BUFG (Prop_bufg_I_O)         0.077    22.799 r  clk_IBUF_BUFG_inst/O
                         net (fo=28, routed)          1.415    24.214    u_cnt/clk
    SLICE_X113Y93        FDPE                                         r  u_cnt/o_cnt_reg[17]/C
                         clock pessimism              0.471    24.685    
                         clock uncertainty           -0.035    24.649    
    SLICE_X113Y93        FDPE (Setup_fdpe_C_D)        0.059    24.708    u_cnt/o_cnt_reg[17]
  -------------------------------------------------------------------
                         required time                         24.708    
                         arrival time                          -6.750    
  -------------------------------------------------------------------
                         slack                                 17.958    

Slack (MET) :             17.963ns  (required time - arrival time)
  Source:                 u_cnt/o_cnt_reg[1]/C
                            (rising edge-triggered cell FDPE clocked by clk  {rise@0.000ns fall@10.000ns period=20.000ns})
  Destination:            u_cnt/o_cnt_reg[19]/D
                            (rising edge-triggered cell FDPE clocked by clk  {rise@0.000ns fall@10.000ns period=20.000ns})
  Path Group:             clk
  Path Type:              Setup (Max at Slow Process Corner)
  Requirement:            20.000ns  (clk rise@20.000ns - clk rise@0.000ns)
  Data Path Delay:        2.035ns  (logic 1.495ns (73.448%)  route 0.540ns (26.552%))
  Logic Levels:           6  (CARRY4=5 LUT1=1)
  Clock Path Skew:        -0.025ns (DCD - SCD + CPR)
    Destination Clock Delay (DCD):    4.214ns = ( 24.214 - 20.000 ) 
    Source Clock Delay      (SCD):    4.710ns
    Clock Pessimism Removal (CPR):    0.471ns
  Clock Uncertainty:      0.035ns  ((TSJ^2 + TIJ^2)^1/2 + DJ) / 2 + PE
    Total System Jitter     (TSJ):    0.071ns
    Total Input Jitter      (TIJ):    0.000ns
    Discrete Jitter          (DJ):    0.000ns
    Phase Error              (PE):    0.000ns

    Location             Delay type                Incr(ns)  Path(ns)    Netlist Resource(s)
  -------------------------------------------------------------------    -------------------
                         (clock clk rise edge)        0.000     0.000 r  
    K17                                               0.000     0.000 r  clk (IN)
                         net (fo=0)                   0.000     0.000    clk
    K17                  IBUF (Prop_ibuf_I_O)         0.892     0.892 r  clk_IBUF_inst/O
                         net (fo=1, routed)           2.160     3.052    clk_IBUF
    BUFGCTRL_X0Y16       BUFG (Prop_bufg_I_O)         0.085     3.137 r  clk_IBUF_BUFG_inst/O
                         net (fo=28, routed)          1.573     4.710    u_cnt/clk
    SLICE_X113Y89        FDPE                                         r  u_cnt/o_cnt_reg[1]/C
  -------------------------------------------------------------------    -------------------
    SLICE_X113Y89        FDPE (Prop_fdpe_C_Q)         0.379     5.089 f  u_cnt/o_cnt_reg[1]/Q
                         net (fo=1, routed)           0.540     5.629    u_cnt/o_cnt_reg_n_0_[1]
    SLICE_X113Y89        LUT1 (Prop_lut1_I0_O)        0.105     5.734 r  u_cnt/o_cnt[0]_i_5/O
                         net (fo=1, routed)           0.000     5.734    u_cnt/o_cnt[0]_i_5_n_0
    SLICE_X113Y89        CARRY4 (Prop_carry4_S[1]_CO[3])
                                                      0.457     6.191 r  u_cnt/o_cnt_reg[0]_i_1/CO[3]
                         net (fo=1, routed)           0.000     6.191    u_cnt/o_cnt_reg[0]_i_1_n_0
    SLICE_X113Y90        CARRY4 (Prop_carry4_CI_CO[3])
                                                      0.098     6.289 r  u_cnt/o_cnt_reg[4]_i_1/CO[3]
                         net (fo=1, routed)           0.000     6.289    u_cnt/o_cnt_reg[4]_i_1_n_0
    SLICE_X113Y91        CARRY4 (Prop_carry4_CI_CO[3])
                                                      0.098     6.387 r  u_cnt/o_cnt_reg[8]_i_1/CO[3]
                         net (fo=1, routed)           0.000     6.387    u_cnt/o_cnt_reg[8]_i_1_n_0
    SLICE_X113Y92        CARRY4 (Prop_carry4_CI_CO[3])
                                                      0.098     6.485 r  u_cnt/o_cnt_reg[12]_i_1/CO[3]
                         net (fo=1, routed)           0.000     6.485    u_cnt/o_cnt_reg[12]_i_1_n_0
    SLICE_X113Y93        CARRY4 (Prop_carry4_CI_O[3])
                                                      0.260     6.745 r  u_cnt/o_cnt_reg[16]_i_1/O[3]
                         net (fo=1, routed)           0.000     6.745    u_cnt/o_cnt_reg[16]_i_1_n_4
    SLICE_X113Y93        FDPE                                         r  u_cnt/o_cnt_reg[19]/D
  -------------------------------------------------------------------    -------------------

                         (clock clk rise edge)       20.000    20.000 r  
    K17                                               0.000    20.000 r  clk (IN)
                         net (fo=0)                   0.000    20.000    clk
    K17                  IBUF (Prop_ibuf_I_O)         0.761    20.761 r  clk_IBUF_inst/O
                         net (fo=1, routed)           1.961    22.722    clk_IBUF
    BUFGCTRL_X0Y16       BUFG (Prop_bufg_I_O)         0.077    22.799 r  clk_IBUF_BUFG_inst/O
                         net (fo=28, routed)          1.415    24.214    u_cnt/clk
    SLICE_X113Y93        FDPE                                         r  u_cnt/o_cnt_reg[19]/C
                         clock pessimism              0.471    24.685    
                         clock uncertainty           -0.035    24.649    
    SLICE_X113Y93        FDPE (Setup_fdpe_C_D)        0.059    24.708    u_cnt/o_cnt_reg[19]
  -------------------------------------------------------------------
                         required time                         24.708    
                         arrival time                          -6.745    
  -------------------------------------------------------------------
                         slack                                 17.963    

Slack (MET) :             18.023ns  (required time - arrival time)
  Source:                 u_cnt/o_cnt_reg[1]/C
                            (rising edge-triggered cell FDPE clocked by clk  {rise@0.000ns fall@10.000ns period=20.000ns})
  Destination:            u_cnt/o_cnt_reg[18]/D
                            (rising edge-triggered cell FDPE clocked by clk  {rise@0.000ns fall@10.000ns period=20.000ns})
  Path Group:             clk
  Path Type:              Setup (Max at Slow Process Corner)
  Requirement:            20.000ns  (clk rise@20.000ns - clk rise@0.000ns)
  Data Path Delay:        1.975ns  (logic 1.435ns (72.642%)  route 0.540ns (27.358%))
  Logic Levels:           6  (CARRY4=5 LUT1=1)
  Clock Path Skew:        -0.025ns (DCD - SCD + CPR)
    Destination Clock Delay (DCD):    4.214ns = ( 24.214 - 20.000 ) 
    Source Clock Delay      (SCD):    4.710ns
    Clock Pessimism Removal (CPR):    0.471ns
  Clock Uncertainty:      0.035ns  ((TSJ^2 + TIJ^2)^1/2 + DJ) / 2 + PE
    Total System Jitter     (TSJ):    0.071ns
    Total Input Jitter      (TIJ):    0.000ns
    Discrete Jitter          (DJ):    0.000ns
    Phase Error              (PE):    0.000ns

    Location             Delay type                Incr(ns)  Path(ns)    Netlist Resource(s)
  -------------------------------------------------------------------    -------------------
                         (clock clk rise edge)        0.000     0.000 r  
    K17                                               0.000     0.000 r  clk (IN)
                         net (fo=0)                   0.000     0.000    clk
    K17                  IBUF (Prop_ibuf_I_O)         0.892     0.892 r  clk_IBUF_inst/O
                         net (fo=1, routed)           2.160     3.052    clk_IBUF
    BUFGCTRL_X0Y16       BUFG (Prop_bufg_I_O)         0.085     3.137 r  clk_IBUF_BUFG_inst/O
                         net (fo=28, routed)          1.573     4.710    u_cnt/clk
    SLICE_X113Y89        FDPE                                         r  u_cnt/o_cnt_reg[1]/C
  -------------------------------------------------------------------    -------------------
    SLICE_X113Y89        FDPE (Prop_fdpe_C_Q)         0.379     5.089 f  u_cnt/o_cnt_reg[1]/Q
                         net (fo=1, routed)           0.540     5.629    u_cnt/o_cnt_reg_n_0_[1]
    SLICE_X113Y89        LUT1 (Prop_lut1_I0_O)        0.105     5.734 r  u_cnt/o_cnt[0]_i_5/O
                         net (fo=1, routed)           0.000     5.734    u_cnt/o_cnt[0]_i_5_n_0
    SLICE_X113Y89        CARRY4 (Prop_carry4_S[1]_CO[3])
                                                      0.457     6.191 r  u_cnt/o_cnt_reg[0]_i_1/CO[3]
                         net (fo=1, routed)           0.000     6.191    u_cnt/o_cnt_reg[0]_i_1_n_0
    SLICE_X113Y90        CARRY4 (Prop_carry4_CI_CO[3])
                                                      0.098     6.289 r  u_cnt/o_cnt_reg[4]_i_1/CO[3]
                         net (fo=1, routed)           0.000     6.289    u_cnt/o_cnt_reg[4]_i_1_n_0
    SLICE_X113Y91        CARRY4 (Prop_carry4_CI_CO[3])
                                                      0.098     6.387 r  u_cnt/o_cnt_reg[8]_i_1/CO[3]
                         net (fo=1, routed)           0.000     6.387    u_cnt/o_cnt_reg[8]_i_1_n_0
    SLICE_X113Y92        CARRY4 (Prop_carry4_CI_CO[3])
                                                      0.098     6.485 r  u_cnt/o_cnt_reg[12]_i_1/CO[3]
                         net (fo=1, routed)           0.000     6.485    u_cnt/o_cnt_reg[12]_i_1_n_0
    SLICE_X113Y93        CARRY4 (Prop_carry4_CI_O[2])
                                                      0.200     6.685 r  u_cnt/o_cnt_reg[16]_i_1/O[2]
                         net (fo=1, routed)           0.000     6.685    u_cnt/o_cnt_reg[16]_i_1_n_5
    SLICE_X113Y93        FDPE                                         r  u_cnt/o_cnt_reg[18]/D
  -------------------------------------------------------------------    -------------------

                         (clock clk rise edge)       20.000    20.000 r  
    K17                                               0.000    20.000 r  clk (IN)
                         net (fo=0)                   0.000    20.000    clk
    K17                  IBUF (Prop_ibuf_I_O)         0.761    20.761 r  clk_IBUF_inst/O
                         net (fo=1, routed)           1.961    22.722    clk_IBUF
    BUFGCTRL_X0Y16       BUFG (Prop_bufg_I_O)         0.077    22.799 r  clk_IBUF_BUFG_inst/O
                         net (fo=28, routed)          1.415    24.214    u_cnt/clk
    SLICE_X113Y93        FDPE                                         r  u_cnt/o_cnt_reg[18]/C
                         clock pessimism              0.471    24.685    
                         clock uncertainty           -0.035    24.649    
    SLICE_X113Y93        FDPE (Setup_fdpe_C_D)        0.059    24.708    u_cnt/o_cnt_reg[18]
  -------------------------------------------------------------------
                         required time                         24.708    
                         arrival time                          -6.685    
  -------------------------------------------------------------------
                         slack                                 18.023    

Slack (MET) :             18.042ns  (required time - arrival time)
  Source:                 u_cnt/o_cnt_reg[1]/C
                            (rising edge-triggered cell FDPE clocked by clk  {rise@0.000ns fall@10.000ns period=20.000ns})
  Destination:            u_cnt/o_cnt_reg[16]/D
                            (rising edge-triggered cell FDPE clocked by clk  {rise@0.000ns fall@10.000ns period=20.000ns})
  Path Group:             clk
  Path Type:              Setup (Max at Slow Process Corner)
  Requirement:            20.000ns  (clk rise@20.000ns - clk rise@0.000ns)
  Data Path Delay:        1.956ns  (logic 1.416ns (72.376%)  route 0.540ns (27.624%))
  Logic Levels:           6  (CARRY4=5 LUT1=1)
  Clock Path Skew:        -0.025ns (DCD - SCD + CPR)
    Destination Clock Delay (DCD):    4.214ns = ( 24.214 - 20.000 ) 
    Source Clock Delay      (SCD):    4.710ns
    Clock Pessimism Removal (CPR):    0.471ns
  Clock Uncertainty:      0.035ns  ((TSJ^2 + TIJ^2)^1/2 + DJ) / 2 + PE
    Total System Jitter     (TSJ):    0.071ns
    Total Input Jitter      (TIJ):    0.000ns
    Discrete Jitter          (DJ):    0.000ns
    Phase Error              (PE):    0.000ns

    Location             Delay type                Incr(ns)  Path(ns)    Netlist Resource(s)
  -------------------------------------------------------------------    -------------------
                         (clock clk rise edge)        0.000     0.000 r  
    K17                                               0.000     0.000 r  clk (IN)
                         net (fo=0)                   0.000     0.000    clk
    K17                  IBUF (Prop_ibuf_I_O)         0.892     0.892 r  clk_IBUF_inst/O
                         net (fo=1, routed)           2.160     3.052    clk_IBUF
    BUFGCTRL_X0Y16       BUFG (Prop_bufg_I_O)         0.085     3.137 r  clk_IBUF_BUFG_inst/O
                         net (fo=28, routed)          1.573     4.710    u_cnt/clk
    SLICE_X113Y89        FDPE                                         r  u_cnt/o_cnt_reg[1]/C
  -------------------------------------------------------------------    -------------------
    SLICE_X113Y89        FDPE (Prop_fdpe_C_Q)         0.379     5.089 f  u_cnt/o_cnt_reg[1]/Q
                         net (fo=1, routed)           0.540     5.629    u_cnt/o_cnt_reg_n_0_[1]
    SLICE_X113Y89        LUT1 (Prop_lut1_I0_O)        0.105     5.734 r  u_cnt/o_cnt[0]_i_5/O
                         net (fo=1, routed)           0.000     5.734    u_cnt/o_cnt[0]_i_5_n_0
    SLICE_X113Y89        CARRY4 (Prop_carry4_S[1]_CO[3])
                                                      0.457     6.191 r  u_cnt/o_cnt_reg[0]_i_1/CO[3]
                         net (fo=1, routed)           0.000     6.191    u_cnt/o_cnt_reg[0]_i_1_n_0
    SLICE_X113Y90        CARRY4 (Prop_carry4_CI_CO[3])
                                                      0.098     6.289 r  u_cnt/o_cnt_reg[4]_i_1/CO[3]
                         net (fo=1, routed)           0.000     6.289    u_cnt/o_cnt_reg[4]_i_1_n_0
    SLICE_X113Y91        CARRY4 (Prop_carry4_CI_CO[3])
                                                      0.098     6.387 r  u_cnt/o_cnt_reg[8]_i_1/CO[3]
                         net (fo=1, routed)           0.000     6.387    u_cnt/o_cnt_reg[8]_i_1_n_0
    SLICE_X113Y92        CARRY4 (Prop_carry4_CI_CO[3])
                                                      0.098     6.485 r  u_cnt/o_cnt_reg[12]_i_1/CO[3]
                         net (fo=1, routed)           0.000     6.485    u_cnt/o_cnt_reg[12]_i_1_n_0
    SLICE_X113Y93        CARRY4 (Prop_carry4_CI_O[0])
                                                      0.181     6.666 r  u_cnt/o_cnt_reg[16]_i_1/O[0]
                         net (fo=1, routed)           0.000     6.666    u_cnt/o_cnt_reg[16]_i_1_n_7
    SLICE_X113Y93        FDPE                                         r  u_cnt/o_cnt_reg[16]/D
  -------------------------------------------------------------------    -------------------

                         (clock clk rise edge)       20.000    20.000 r  
    K17                                               0.000    20.000 r  clk (IN)
                         net (fo=0)                   0.000    20.000    clk
    K17                  IBUF (Prop_ibuf_I_O)         0.761    20.761 r  clk_IBUF_inst/O
                         net (fo=1, routed)           1.961    22.722    clk_IBUF
    BUFGCTRL_X0Y16       BUFG (Prop_bufg_I_O)         0.077    22.799 r  clk_IBUF_BUFG_inst/O
                         net (fo=28, routed)          1.415    24.214    u_cnt/clk
    SLICE_X113Y93        FDPE                                         r  u_cnt/o_cnt_reg[16]/C
                         clock pessimism              0.471    24.685    
                         clock uncertainty           -0.035    24.649    
    SLICE_X113Y93        FDPE (Setup_fdpe_C_D)        0.059    24.708    u_cnt/o_cnt_reg[16]
  -------------------------------------------------------------------
                         required time                         24.708    
                         arrival time                          -6.666    
  -------------------------------------------------------------------
                         slack                                 18.042    





Min Delay Paths
--------------------------------------------------------------------------------------
Slack (MET) :             0.301ns  (arrival time - required time)
  Source:                 u_cnt/o_cnt_reg[3]/C
                            (rising edge-triggered cell FDPE clocked by clk  {rise@0.000ns fall@10.000ns period=20.000ns})
  Destination:            u_cnt/o_cnt_reg[3]/D
                            (rising edge-triggered cell FDPE clocked by clk  {rise@0.000ns fall@10.000ns period=20.000ns})
  Path Group:             clk
  Path Type:              Hold (Min at Fast Process Corner)
  Requirement:            0.000ns  (clk rise@0.000ns - clk rise@0.000ns)
  Data Path Delay:        0.406ns  (logic 0.249ns (61.263%)  route 0.157ns (38.737%))
  Logic Levels:           2  (CARRY4=1 LUT1=1)
  Clock Path Skew:        0.000ns (DCD - SCD - CPR)
    Destination Clock Delay (DCD):    2.220ns
    Source Clock Delay      (SCD):    1.690ns
    Clock Pessimism Removal (CPR):    0.529ns

    Location             Delay type                Incr(ns)  Path(ns)    Netlist Resource(s)
  -------------------------------------------------------------------    -------------------
                         (clock clk rise edge)        0.000     0.000 r  
    K17                                               0.000     0.000 r  clk (IN)
                         net (fo=0)                   0.000     0.000    clk
    K17                  IBUF (Prop_ibuf_I_O)         0.189     0.189 r  clk_IBUF_inst/O
                         net (fo=1, routed)           0.842     1.030    clk_IBUF
    BUFGCTRL_X0Y16       BUFG (Prop_bufg_I_O)         0.026     1.056 r  clk_IBUF_BUFG_inst/O
                         net (fo=28, routed)          0.634     1.690    u_cnt/clk
    SLICE_X113Y89        FDPE                                         r  u_cnt/o_cnt_reg[3]/C
  -------------------------------------------------------------------    -------------------
    SLICE_X113Y89        FDPE (Prop_fdpe_C_Q)         0.141     1.831 f  u_cnt/o_cnt_reg[3]/Q
                         net (fo=1, routed)           0.157     1.989    u_cnt/o_cnt_reg_n_0_[3]
    SLICE_X113Y89        LUT1 (Prop_lut1_I0_O)        0.045     2.034 r  u_cnt/o_cnt[0]_i_3/O
                         net (fo=1, routed)           0.000     2.034    u_cnt/o_cnt[0]_i_3_n_0
    SLICE_X113Y89        CARRY4 (Prop_carry4_S[3]_O[3])
                                                      0.063     2.097 r  u_cnt/o_cnt_reg[0]_i_1/O[3]
                         net (fo=1, routed)           0.000     2.097    u_cnt/o_cnt_reg[0]_i_1_n_4
    SLICE_X113Y89        FDPE                                         r  u_cnt/o_cnt_reg[3]/D
  -------------------------------------------------------------------    -------------------

                         (clock clk rise edge)        0.000     0.000 r  
    K17                                               0.000     0.000 r  clk (IN)
                         net (fo=0)                   0.000     0.000    clk
    K17                  IBUF (Prop_ibuf_I_O)         0.378     0.378 r  clk_IBUF_inst/O
                         net (fo=1, routed)           0.907     1.285    clk_IBUF
    BUFGCTRL_X0Y16       BUFG (Prop_bufg_I_O)         0.029     1.314 r  clk_IBUF_BUFG_inst/O
                         net (fo=28, routed)          0.906     2.220    u_cnt/clk
    SLICE_X113Y89        FDPE                                         r  u_cnt/o_cnt_reg[3]/C
                         clock pessimism             -0.529     1.690    
    SLICE_X113Y89        FDPE (Hold_fdpe_C_D)         0.105     1.795    u_cnt/o_cnt_reg[3]
  -------------------------------------------------------------------
                         required time                         -1.795    
                         arrival time                           2.097    
  -------------------------------------------------------------------
                         slack                                  0.301    

Slack (MET) :             0.301ns  (arrival time - required time)
  Source:                 u_cnt/o_cnt_reg[11]/C
                            (rising edge-triggered cell FDPE clocked by clk  {rise@0.000ns fall@10.000ns period=20.000ns})
  Destination:            u_cnt/o_cnt_reg[11]/D
                            (rising edge-triggered cell FDPE clocked by clk  {rise@0.000ns fall@10.000ns period=20.000ns})
  Path Group:             clk
  Path Type:              Hold (Min at Fast Process Corner)
  Requirement:            0.000ns  (clk rise@0.000ns - clk rise@0.000ns)
  Data Path Delay:        0.406ns  (logic 0.249ns (61.263%)  route 0.157ns (38.737%))
  Logic Levels:           2  (CARRY4=1 LUT1=1)
  Clock Path Skew:        0.000ns (DCD - SCD - CPR)
    Destination Clock Delay (DCD):    2.221ns
    Source Clock Delay      (SCD):    1.691ns
    Clock Pessimism Removal (CPR):    0.529ns

    Location             Delay type                Incr(ns)  Path(ns)    Netlist Resource(s)
  -------------------------------------------------------------------    -------------------
                         (clock clk rise edge)        0.000     0.000 r  
    K17                                               0.000     0.000 r  clk (IN)
                         net (fo=0)                   0.000     0.000    clk
    K17                  IBUF (Prop_ibuf_I_O)         0.189     0.189 r  clk_IBUF_inst/O
                         net (fo=1, routed)           0.842     1.030    clk_IBUF
    BUFGCTRL_X0Y16       BUFG (Prop_bufg_I_O)         0.026     1.056 r  clk_IBUF_BUFG_inst/O
                         net (fo=28, routed)          0.635     1.691    u_cnt/clk
    SLICE_X113Y91        FDPE                                         r  u_cnt/o_cnt_reg[11]/C
  -------------------------------------------------------------------    -------------------
    SLICE_X113Y91        FDPE (Prop_fdpe_C_Q)         0.141     1.832 f  u_cnt/o_cnt_reg[11]/Q
                         net (fo=1, routed)           0.157     1.990    u_cnt/o_cnt_reg_n_0_[11]
    SLICE_X113Y91        LUT1 (Prop_lut1_I0_O)        0.045     2.035 r  u_cnt/o_cnt[8]_i_2/O
                         net (fo=1, routed)           0.000     2.035    u_cnt/o_cnt[8]_i_2_n_0
    SLICE_X113Y91        CARRY4 (Prop_carry4_S[3]_O[3])
                                                      0.063     2.098 r  u_cnt/o_cnt_reg[8]_i_1/O[3]
                         net (fo=1, routed)           0.000     2.098    u_cnt/o_cnt_reg[8]_i_1_n_4
    SLICE_X113Y91        FDPE                                         r  u_cnt/o_cnt_reg[11]/D
  -------------------------------------------------------------------    -------------------

                         (clock clk rise edge)        0.000     0.000 r  
    K17                                               0.000     0.000 r  clk (IN)
                         net (fo=0)                   0.000     0.000    clk
    K17                  IBUF (Prop_ibuf_I_O)         0.378     0.378 r  clk_IBUF_inst/O
                         net (fo=1, routed)           0.907     1.285    clk_IBUF
    BUFGCTRL_X0Y16       BUFG (Prop_bufg_I_O)         0.029     1.314 r  clk_IBUF_BUFG_inst/O
                         net (fo=28, routed)          0.907     2.221    u_cnt/clk
    SLICE_X113Y91        FDPE                                         r  u_cnt/o_cnt_reg[11]/C
                         clock pessimism             -0.529     1.691    
    SLICE_X113Y91        FDPE (Hold_fdpe_C_D)         0.105     1.796    u_cnt/o_cnt_reg[11]
  -------------------------------------------------------------------
                         required time                         -1.796    
                         arrival time                           2.098    
  -------------------------------------------------------------------
                         slack                                  0.301    

Slack (MET) :             0.301ns  (arrival time - required time)
  Source:                 u_cnt/o_cnt_reg[15]/C
                            (rising edge-triggered cell FDPE clocked by clk  {rise@0.000ns fall@10.000ns period=20.000ns})
  Destination:            u_cnt/o_cnt_reg[15]/D
                            (rising edge-triggered cell FDPE clocked by clk  {rise@0.000ns fall@10.000ns period=20.000ns})
  Path Group:             clk
  Path Type:              Hold (Min at Fast Process Corner)
  Requirement:            0.000ns  (clk rise@0.000ns - clk rise@0.000ns)
  Data Path Delay:        0.406ns  (logic 0.249ns (61.263%)  route 0.157ns (38.737%))
  Logic Levels:           2  (CARRY4=1 LUT1=1)
  Clock Path Skew:        0.000ns (DCD - SCD - CPR)
    Destination Clock Delay (DCD):    2.221ns
    Source Clock Delay      (SCD):    1.691ns
    Clock Pessimism Removal (CPR):    0.529ns

    Location             Delay type                Incr(ns)  Path(ns)    Netlist Resource(s)
  -------------------------------------------------------------------    -------------------
                         (clock clk rise edge)        0.000     0.000 r  
    K17                                               0.000     0.000 r  clk (IN)
                         net (fo=0)                   0.000     0.000    clk
    K17                  IBUF (Prop_ibuf_I_O)         0.189     0.189 r  clk_IBUF_inst/O
                         net (fo=1, routed)           0.842     1.030    clk_IBUF
    BUFGCTRL_X0Y16       BUFG (Prop_bufg_I_O)         0.026     1.056 r  clk_IBUF_BUFG_inst/O
                         net (fo=28, routed)          0.635     1.691    u_cnt/clk
    SLICE_X113Y92        FDPE                                         r  u_cnt/o_cnt_reg[15]/C
  -------------------------------------------------------------------    -------------------
    SLICE_X113Y92        FDPE (Prop_fdpe_C_Q)         0.141     1.832 f  u_cnt/o_cnt_reg[15]/Q
                         net (fo=1, routed)           0.157     1.990    u_cnt/o_cnt_reg_n_0_[15]
    SLICE_X113Y92        LUT1 (Prop_lut1_I0_O)        0.045     2.035 r  u_cnt/o_cnt[12]_i_2/O
                         net (fo=1, routed)           0.000     2.035    u_cnt/o_cnt[12]_i_2_n_0
    SLICE_X113Y92        CARRY4 (Prop_carry4_S[3]_O[3])
                                                      0.063     2.098 r  u_cnt/o_cnt_reg[12]_i_1/O[3]
                         net (fo=1, routed)           0.000     2.098    u_cnt/o_cnt_reg[12]_i_1_n_4
    SLICE_X113Y92        FDPE                                         r  u_cnt/o_cnt_reg[15]/D
  -------------------------------------------------------------------    -------------------

                         (clock clk rise edge)        0.000     0.000 r  
    K17                                               0.000     0.000 r  clk (IN)
                         net (fo=0)                   0.000     0.000    clk
    K17                  IBUF (Prop_ibuf_I_O)         0.378     0.378 r  clk_IBUF_inst/O
                         net (fo=1, routed)           0.907     1.285    clk_IBUF
    BUFGCTRL_X0Y16       BUFG (Prop_bufg_I_O)         0.029     1.314 r  clk_IBUF_BUFG_inst/O
                         net (fo=28, routed)          0.907     2.221    u_cnt/clk
    SLICE_X113Y92        FDPE                                         r  u_cnt/o_cnt_reg[15]/C
                         clock pessimism             -0.529     1.691    
    SLICE_X113Y92        FDPE (Hold_fdpe_C_D)         0.105     1.796    u_cnt/o_cnt_reg[15]
  -------------------------------------------------------------------
                         required time                         -1.796    
                         arrival time                           2.098    
  -------------------------------------------------------------------
                         slack                                  0.301    

Slack (MET) :             0.301ns  (arrival time - required time)
  Source:                 u_cnt/o_cnt_reg[19]/C
                            (rising edge-triggered cell FDPE clocked by clk  {rise@0.000ns fall@10.000ns period=20.000ns})
  Destination:            u_cnt/o_cnt_reg[19]/D
                            (rising edge-triggered cell FDPE clocked by clk  {rise@0.000ns fall@10.000ns period=20.000ns})
  Path Group:             clk
  Path Type:              Hold (Min at Fast Process Corner)
  Requirement:            0.000ns  (clk rise@0.000ns - clk rise@0.000ns)
  Data Path Delay:        0.406ns  (logic 0.249ns (61.263%)  route 0.157ns (38.737%))
  Logic Levels:           2  (CARRY4=1 LUT1=1)
  Clock Path Skew:        0.000ns (DCD - SCD - CPR)
    Destination Clock Delay (DCD):    2.222ns
    Source Clock Delay      (SCD):    1.692ns
    Clock Pessimism Removal (CPR):    0.529ns

    Location             Delay type                Incr(ns)  Path(ns)    Netlist Resource(s)
  -------------------------------------------------------------------    -------------------
                         (clock clk rise edge)        0.000     0.000 r  
    K17                                               0.000     0.000 r  clk (IN)
                         net (fo=0)                   0.000     0.000    clk
    K17                  IBUF (Prop_ibuf_I_O)         0.189     0.189 r  clk_IBUF_inst/O
                         net (fo=1, routed)           0.842     1.030    clk_IBUF
    BUFGCTRL_X0Y16       BUFG (Prop_bufg_I_O)         0.026     1.056 r  clk_IBUF_BUFG_inst/O
                         net (fo=28, routed)          0.636     1.692    u_cnt/clk
    SLICE_X113Y93        FDPE                                         r  u_cnt/o_cnt_reg[19]/C
  -------------------------------------------------------------------    -------------------
    SLICE_X113Y93        FDPE (Prop_fdpe_C_Q)         0.141     1.833 f  u_cnt/o_cnt_reg[19]/Q
                         net (fo=1, routed)           0.157     1.991    u_cnt/o_cnt_reg_n_0_[19]
    SLICE_X113Y93        LUT1 (Prop_lut1_I0_O)        0.045     2.036 r  u_cnt/o_cnt[16]_i_2/O
                         net (fo=1, routed)           0.000     2.036    u_cnt/o_cnt[16]_i_2_n_0
    SLICE_X113Y93        CARRY4 (Prop_carry4_S[3]_O[3])
                                                      0.063     2.099 r  u_cnt/o_cnt_reg[16]_i_1/O[3]
                         net (fo=1, routed)           0.000     2.099    u_cnt/o_cnt_reg[16]_i_1_n_4
    SLICE_X113Y93        FDPE                                         r  u_cnt/o_cnt_reg[19]/D
  -------------------------------------------------------------------    -------------------

                         (clock clk rise edge)        0.000     0.000 r  
    K17                                               0.000     0.000 r  clk (IN)
                         net (fo=0)                   0.000     0.000    clk
    K17                  IBUF (Prop_ibuf_I_O)         0.378     0.378 r  clk_IBUF_inst/O
                         net (fo=1, routed)           0.907     1.285    clk_IBUF
    BUFGCTRL_X0Y16       BUFG (Prop_bufg_I_O)         0.029     1.314 r  clk_IBUF_BUFG_inst/O
                         net (fo=28, routed)          0.908     2.222    u_cnt/clk
    SLICE_X113Y93        FDPE                                         r  u_cnt/o_cnt_reg[19]/C
                         clock pessimism             -0.529     1.692    
    SLICE_X113Y93        FDPE (Hold_fdpe_C_D)         0.105     1.797    u_cnt/o_cnt_reg[19]
  -------------------------------------------------------------------
                         required time                         -1.797    
                         arrival time                           2.099    
  -------------------------------------------------------------------
                         slack                                  0.301    

Slack (MET) :             0.301ns  (arrival time - required time)
  Source:                 u_cnt/o_cnt_reg[7]/C
                            (rising edge-triggered cell FDPE clocked by clk  {rise@0.000ns fall@10.000ns period=20.000ns})
  Destination:            u_cnt/o_cnt_reg[7]/D
                            (rising edge-triggered cell FDPE clocked by clk  {rise@0.000ns fall@10.000ns period=20.000ns})
  Path Group:             clk
  Path Type:              Hold (Min at Fast Process Corner)
  Requirement:            0.000ns  (clk rise@0.000ns - clk rise@0.000ns)
  Data Path Delay:        0.406ns  (logic 0.249ns (61.263%)  route 0.157ns (38.737%))
  Logic Levels:           2  (CARRY4=1 LUT1=1)
  Clock Path Skew:        0.000ns (DCD - SCD - CPR)
    Destination Clock Delay (DCD):    2.221ns
    Source Clock Delay      (SCD):    1.691ns
    Clock Pessimism Removal (CPR):    0.529ns

    Location             Delay type                Incr(ns)  Path(ns)    Netlist Resource(s)
  -------------------------------------------------------------------    -------------------
                         (clock clk rise edge)        0.000     0.000 r  
    K17                                               0.000     0.000 r  clk (IN)
                         net (fo=0)                   0.000     0.000    clk
    K17                  IBUF (Prop_ibuf_I_O)         0.189     0.189 r  clk_IBUF_inst/O
                         net (fo=1, routed)           0.842     1.030    clk_IBUF
    BUFGCTRL_X0Y16       BUFG (Prop_bufg_I_O)         0.026     1.056 r  clk_IBUF_BUFG_inst/O
                         net (fo=28, routed)          0.635     1.691    u_cnt/clk
    SLICE_X113Y90        FDPE                                         r  u_cnt/o_cnt_reg[7]/C
  -------------------------------------------------------------------    -------------------
    SLICE_X113Y90        FDPE (Prop_fdpe_C_Q)         0.141     1.832 f  u_cnt/o_cnt_reg[7]/Q
                         net (fo=1, routed)           0.157     1.990    u_cnt/o_cnt_reg_n_0_[7]
    SLICE_X113Y90        LUT1 (Prop_lut1_I0_O)        0.045     2.035 r  u_cnt/o_cnt[4]_i_2/O
                         net (fo=1, routed)           0.000     2.035    u_cnt/o_cnt[4]_i_2_n_0
    SLICE_X113Y90        CARRY4 (Prop_carry4_S[3]_O[3])
                                                      0.063     2.098 r  u_cnt/o_cnt_reg[4]_i_1/O[3]
                         net (fo=1, routed)           0.000     2.098    u_cnt/o_cnt_reg[4]_i_1_n_4
    SLICE_X113Y90        FDPE                                         r  u_cnt/o_cnt_reg[7]/D
  -------------------------------------------------------------------    -------------------

                         (clock clk rise edge)        0.000     0.000 r  
    K17                                               0.000     0.000 r  clk (IN)
                         net (fo=0)                   0.000     0.000    clk
    K17                  IBUF (Prop_ibuf_I_O)         0.378     0.378 r  clk_IBUF_inst/O
                         net (fo=1, routed)           0.907     1.285    clk_IBUF
    BUFGCTRL_X0Y16       BUFG (Prop_bufg_I_O)         0.029     1.314 r  clk_IBUF_BUFG_inst/O
                         net (fo=28, routed)          0.907     2.221    u_cnt/clk
    SLICE_X113Y90        FDPE                                         r  u_cnt/o_cnt_reg[7]/C
                         clock pessimism             -0.529     1.691    
    SLICE_X113Y90        FDPE (Hold_fdpe_C_D)         0.105     1.796    u_cnt/o_cnt_reg[7]
  -------------------------------------------------------------------
                         required time                         -1.796    
                         arrival time                           2.098    
  -------------------------------------------------------------------
                         slack                                  0.301    

Slack (MET) :             0.306ns  (arrival time - required time)
  Source:                 u_cnt/o_cnt_reg[12]/C
                            (rising edge-triggered cell FDPE clocked by clk  {rise@0.000ns fall@10.000ns period=20.000ns})
  Destination:            u_cnt/o_cnt_reg[12]/D
                            (rising edge-triggered cell FDPE clocked by clk  {rise@0.000ns fall@10.000ns period=20.000ns})
  Path Group:             clk
  Path Type:              Hold (Min at Fast Process Corner)
  Requirement:            0.000ns  (clk rise@0.000ns - clk rise@0.000ns)
  Data Path Delay:        0.411ns  (logic 0.256ns (62.219%)  route 0.155ns (37.781%))
  Logic Levels:           2  (CARRY4=1 LUT1=1)
  Clock Path Skew:        0.000ns (DCD - SCD - CPR)
    Destination Clock Delay (DCD):    2.221ns
    Source Clock Delay      (SCD):    1.691ns
    Clock Pessimism Removal (CPR):    0.529ns

    Location             Delay type                Incr(ns)  Path(ns)    Netlist Resource(s)
  -------------------------------------------------------------------    -------------------
                         (clock clk rise edge)        0.000     0.000 r  
    K17                                               0.000     0.000 r  clk (IN)
                         net (fo=0)                   0.000     0.000    clk
    K17                  IBUF (Prop_ibuf_I_O)         0.189     0.189 r  clk_IBUF_inst/O
                         net (fo=1, routed)           0.842     1.030    clk_IBUF
    BUFGCTRL_X0Y16       BUFG (Prop_bufg_I_O)         0.026     1.056 r  clk_IBUF_BUFG_inst/O
                         net (fo=28, routed)          0.635     1.691    u_cnt/clk
    SLICE_X113Y92        FDPE                                         r  u_cnt/o_cnt_reg[12]/C
  -------------------------------------------------------------------    -------------------
    SLICE_X113Y92        FDPE (Prop_fdpe_C_Q)         0.141     1.832 f  u_cnt/o_cnt_reg[12]/Q
                         net (fo=1, routed)           0.155     1.988    u_cnt/o_cnt_reg_n_0_[12]
    SLICE_X113Y92        LUT1 (Prop_lut1_I0_O)        0.045     2.033 r  u_cnt/o_cnt[12]_i_5/O
                         net (fo=1, routed)           0.000     2.033    u_cnt/o_cnt[12]_i_5_n_0
    SLICE_X113Y92        CARRY4 (Prop_carry4_S[0]_O[0])
                                                      0.070     2.103 r  u_cnt/o_cnt_reg[12]_i_1/O[0]
                         net (fo=1, routed)           0.000     2.103    u_cnt/o_cnt_reg[12]_i_1_n_7
    SLICE_X113Y92        FDPE                                         r  u_cnt/o_cnt_reg[12]/D
  -------------------------------------------------------------------    -------------------

                         (clock clk rise edge)        0.000     0.000 r  
    K17                                               0.000     0.000 r  clk (IN)
                         net (fo=0)                   0.000     0.000    clk
    K17                  IBUF (Prop_ibuf_I_O)         0.378     0.378 r  clk_IBUF_inst/O
                         net (fo=1, routed)           0.907     1.285    clk_IBUF
    BUFGCTRL_X0Y16       BUFG (Prop_bufg_I_O)         0.029     1.314 r  clk_IBUF_BUFG_inst/O
                         net (fo=28, routed)          0.907     2.221    u_cnt/clk
    SLICE_X113Y92        FDPE                                         r  u_cnt/o_cnt_reg[12]/C
                         clock pessimism             -0.529     1.691    
    SLICE_X113Y92        FDPE (Hold_fdpe_C_D)         0.105     1.796    u_cnt/o_cnt_reg[12]
  -------------------------------------------------------------------
                         required time                         -1.796    
                         arrival time                           2.103    
  -------------------------------------------------------------------
                         slack                                  0.306    

Slack (MET) :             0.306ns  (arrival time - required time)
  Source:                 u_cnt/o_cnt_reg[16]/C
                            (rising edge-triggered cell FDPE clocked by clk  {rise@0.000ns fall@10.000ns period=20.000ns})
  Destination:            u_cnt/o_cnt_reg[16]/D
                            (rising edge-triggered cell FDPE clocked by clk  {rise@0.000ns fall@10.000ns period=20.000ns})
  Path Group:             clk
  Path Type:              Hold (Min at Fast Process Corner)
  Requirement:            0.000ns  (clk rise@0.000ns - clk rise@0.000ns)
  Data Path Delay:        0.411ns  (logic 0.256ns (62.219%)  route 0.155ns (37.781%))
  Logic Levels:           2  (CARRY4=1 LUT1=1)
  Clock Path Skew:        0.000ns (DCD - SCD - CPR)
    Destination Clock Delay (DCD):    2.222ns
    Source Clock Delay      (SCD):    1.692ns
    Clock Pessimism Removal (CPR):    0.529ns

    Location             Delay type                Incr(ns)  Path(ns)    Netlist Resource(s)
  -------------------------------------------------------------------    -------------------
                         (clock clk rise edge)        0.000     0.000 r  
    K17                                               0.000     0.000 r  clk (IN)
                         net (fo=0)                   0.000     0.000    clk
    K17                  IBUF (Prop_ibuf_I_O)         0.189     0.189 r  clk_IBUF_inst/O
                         net (fo=1, routed)           0.842     1.030    clk_IBUF
    BUFGCTRL_X0Y16       BUFG (Prop_bufg_I_O)         0.026     1.056 r  clk_IBUF_BUFG_inst/O
                         net (fo=28, routed)          0.636     1.692    u_cnt/clk
    SLICE_X113Y93        FDPE                                         r  u_cnt/o_cnt_reg[16]/C
  -------------------------------------------------------------------    -------------------
    SLICE_X113Y93        FDPE (Prop_fdpe_C_Q)         0.141     1.833 f  u_cnt/o_cnt_reg[16]/Q
                         net (fo=1, routed)           0.155     1.989    u_cnt/o_cnt_reg_n_0_[16]
    SLICE_X113Y93        LUT1 (Prop_lut1_I0_O)        0.045     2.034 r  u_cnt/o_cnt[16]_i_5/O
                         net (fo=1, routed)           0.000     2.034    u_cnt/o_cnt[16]_i_5_n_0
    SLICE_X113Y93        CARRY4 (Prop_carry4_S[0]_O[0])
                                                      0.070     2.104 r  u_cnt/o_cnt_reg[16]_i_1/O[0]
                         net (fo=1, routed)           0.000     2.104    u_cnt/o_cnt_reg[16]_i_1_n_7
    SLICE_X113Y93        FDPE                                         r  u_cnt/o_cnt_reg[16]/D
  -------------------------------------------------------------------    -------------------

                         (clock clk rise edge)        0.000     0.000 r  
    K17                                               0.000     0.000 r  clk (IN)
                         net (fo=0)                   0.000     0.000    clk
    K17                  IBUF (Prop_ibuf_I_O)         0.378     0.378 r  clk_IBUF_inst/O
                         net (fo=1, routed)           0.907     1.285    clk_IBUF
    BUFGCTRL_X0Y16       BUFG (Prop_bufg_I_O)         0.029     1.314 r  clk_IBUF_BUFG_inst/O
                         net (fo=28, routed)          0.908     2.222    u_cnt/clk
    SLICE_X113Y93        FDPE                                         r  u_cnt/o_cnt_reg[16]/C
                         clock pessimism             -0.529     1.692    
    SLICE_X113Y93        FDPE (Hold_fdpe_C_D)         0.105     1.797    u_cnt/o_cnt_reg[16]
  -------------------------------------------------------------------
                         required time                         -1.797    
                         arrival time                           2.104    
  -------------------------------------------------------------------
                         slack                                  0.306    

Slack (MET) :             0.306ns  (arrival time - required time)
  Source:                 u_cnt/o_cnt_reg[20]/C
                            (rising edge-triggered cell FDPE clocked by clk  {rise@0.000ns fall@10.000ns period=20.000ns})
  Destination:            u_cnt/o_cnt_reg[20]/D
                            (rising edge-triggered cell FDPE clocked by clk  {rise@0.000ns fall@10.000ns period=20.000ns})
  Path Group:             clk
  Path Type:              Hold (Min at Fast Process Corner)
  Requirement:            0.000ns  (clk rise@0.000ns - clk rise@0.000ns)
  Data Path Delay:        0.411ns  (logic 0.256ns (62.219%)  route 0.155ns (37.781%))
  Logic Levels:           2  (CARRY4=1 LUT1=1)
  Clock Path Skew:        0.000ns (DCD - SCD - CPR)
    Destination Clock Delay (DCD):    2.222ns
    Source Clock Delay      (SCD):    1.692ns
    Clock Pessimism Removal (CPR):    0.529ns

    Location             Delay type                Incr(ns)  Path(ns)    Netlist Resource(s)
  -------------------------------------------------------------------    -------------------
                         (clock clk rise edge)        0.000     0.000 r  
    K17                                               0.000     0.000 r  clk (IN)
                         net (fo=0)                   0.000     0.000    clk
    K17                  IBUF (Prop_ibuf_I_O)         0.189     0.189 r  clk_IBUF_inst/O
                         net (fo=1, routed)           0.842     1.030    clk_IBUF
    BUFGCTRL_X0Y16       BUFG (Prop_bufg_I_O)         0.026     1.056 r  clk_IBUF_BUFG_inst/O
                         net (fo=28, routed)          0.636     1.692    u_cnt/clk
    SLICE_X113Y94        FDPE                                         r  u_cnt/o_cnt_reg[20]/C
  -------------------------------------------------------------------    -------------------
    SLICE_X113Y94        FDPE (Prop_fdpe_C_Q)         0.141     1.833 f  u_cnt/o_cnt_reg[20]/Q
                         net (fo=1, routed)           0.155     1.989    u_cnt/o_cnt_reg_n_0_[20]
    SLICE_X113Y94        LUT1 (Prop_lut1_I0_O)        0.045     2.034 r  u_cnt/o_cnt[20]_i_5/O
                         net (fo=1, routed)           0.000     2.034    u_cnt/o_cnt[20]_i_5_n_0
    SLICE_X113Y94        CARRY4 (Prop_carry4_S[0]_O[0])
                                                      0.070     2.104 r  u_cnt/o_cnt_reg[20]_i_1/O[0]
                         net (fo=1, routed)           0.000     2.104    u_cnt/o_cnt_reg[20]_i_1_n_7
    SLICE_X113Y94        FDPE                                         r  u_cnt/o_cnt_reg[20]/D
  -------------------------------------------------------------------    -------------------

                         (clock clk rise edge)        0.000     0.000 r  
    K17                                               0.000     0.000 r  clk (IN)
                         net (fo=0)                   0.000     0.000    clk
    K17                  IBUF (Prop_ibuf_I_O)         0.378     0.378 r  clk_IBUF_inst/O
                         net (fo=1, routed)           0.907     1.285    clk_IBUF
    BUFGCTRL_X0Y16       BUFG (Prop_bufg_I_O)         0.029     1.314 r  clk_IBUF_BUFG_inst/O
                         net (fo=28, routed)          0.908     2.222    u_cnt/clk
    SLICE_X113Y94        FDPE                                         r  u_cnt/o_cnt_reg[20]/C
                         clock pessimism             -0.529     1.692    
    SLICE_X113Y94        FDPE (Hold_fdpe_C_D)         0.105     1.797    u_cnt/o_cnt_reg[20]
  -------------------------------------------------------------------
                         required time                         -1.797    
                         arrival time                           2.104    
  -------------------------------------------------------------------
                         slack                                  0.306    

Slack (MET) :             0.306ns  (arrival time - required time)
  Source:                 u_cnt/o_cnt_reg[4]/C
                            (rising edge-triggered cell FDPE clocked by clk  {rise@0.000ns fall@10.000ns period=20.000ns})
  Destination:            u_cnt/o_cnt_reg[4]/D
                            (rising edge-triggered cell FDPE clocked by clk  {rise@0.000ns fall@10.000ns period=20.000ns})
  Path Group:             clk
  Path Type:              Hold (Min at Fast Process Corner)
  Requirement:            0.000ns  (clk rise@0.000ns - clk rise@0.000ns)
  Data Path Delay:        0.411ns  (logic 0.256ns (62.219%)  route 0.155ns (37.781%))
  Logic Levels:           2  (CARRY4=1 LUT1=1)
  Clock Path Skew:        0.000ns (DCD - SCD - CPR)
    Destination Clock Delay (DCD):    2.221ns
    Source Clock Delay      (SCD):    1.691ns
    Clock Pessimism Removal (CPR):    0.529ns

    Location             Delay type                Incr(ns)  Path(ns)    Netlist Resource(s)
  -------------------------------------------------------------------    -------------------
                         (clock clk rise edge)        0.000     0.000 r  
    K17                                               0.000     0.000 r  clk (IN)
                         net (fo=0)                   0.000     0.000    clk
    K17                  IBUF (Prop_ibuf_I_O)         0.189     0.189 r  clk_IBUF_inst/O
                         net (fo=1, routed)           0.842     1.030    clk_IBUF
    BUFGCTRL_X0Y16       BUFG (Prop_bufg_I_O)         0.026     1.056 r  clk_IBUF_BUFG_inst/O
                         net (fo=28, routed)          0.635     1.691    u_cnt/clk
    SLICE_X113Y90        FDPE                                         r  u_cnt/o_cnt_reg[4]/C
  -------------------------------------------------------------------    -------------------
    SLICE_X113Y90        FDPE (Prop_fdpe_C_Q)         0.141     1.832 f  u_cnt/o_cnt_reg[4]/Q
                         net (fo=1, routed)           0.155     1.988    u_cnt/o_cnt_reg_n_0_[4]
    SLICE_X113Y90        LUT1 (Prop_lut1_I0_O)        0.045     2.033 r  u_cnt/o_cnt[4]_i_5/O
                         net (fo=1, routed)           0.000     2.033    u_cnt/o_cnt[4]_i_5_n_0
    SLICE_X113Y90        CARRY4 (Prop_carry4_S[0]_O[0])
                                                      0.070     2.103 r  u_cnt/o_cnt_reg[4]_i_1/O[0]
                         net (fo=1, routed)           0.000     2.103    u_cnt/o_cnt_reg[4]_i_1_n_7
    SLICE_X113Y90        FDPE                                         r  u_cnt/o_cnt_reg[4]/D
  -------------------------------------------------------------------    -------------------

                         (clock clk rise edge)        0.000     0.000 r  
    K17                                               0.000     0.000 r  clk (IN)
                         net (fo=0)                   0.000     0.000    clk
    K17                  IBUF (Prop_ibuf_I_O)         0.378     0.378 r  clk_IBUF_inst/O
                         net (fo=1, routed)           0.907     1.285    clk_IBUF
    BUFGCTRL_X0Y16       BUFG (Prop_bufg_I_O)         0.029     1.314 r  clk_IBUF_BUFG_inst/O
                         net (fo=28, routed)          0.907     2.221    u_cnt/clk
    SLICE_X113Y90        FDPE                                         r  u_cnt/o_cnt_reg[4]/C
                         clock pessimism             -0.529     1.691    
    SLICE_X113Y90        FDPE (Hold_fdpe_C_D)         0.105     1.796    u_cnt/o_cnt_reg[4]
  -------------------------------------------------------------------
                         required time                         -1.796    
                         arrival time                           2.103    
  -------------------------------------------------------------------
                         slack                                  0.306    

Slack (MET) :             0.306ns  (arrival time - required time)
  Source:                 u_cnt/o_cnt_reg[8]/C
                            (rising edge-triggered cell FDPE clocked by clk  {rise@0.000ns fall@10.000ns period=20.000ns})
  Destination:            u_cnt/o_cnt_reg[8]/D
                            (rising edge-triggered cell FDPE clocked by clk  {rise@0.000ns fall@10.000ns period=20.000ns})
  Path Group:             clk
  Path Type:              Hold (Min at Fast Process Corner)
  Requirement:            0.000ns  (clk rise@0.000ns - clk rise@0.000ns)
  Data Path Delay:        0.411ns  (logic 0.256ns (62.219%)  route 0.155ns (37.781%))
  Logic Levels:           2  (CARRY4=1 LUT1=1)
  Clock Path Skew:        0.000ns (DCD - SCD - CPR)
    Destination Clock Delay (DCD):    2.221ns
    Source Clock Delay      (SCD):    1.691ns
    Clock Pessimism Removal (CPR):    0.529ns

    Location             Delay type                Incr(ns)  Path(ns)    Netlist Resource(s)
  -------------------------------------------------------------------    -------------------
                         (clock clk rise edge)        0.000     0.000 r  
    K17                                               0.000     0.000 r  clk (IN)
                         net (fo=0)                   0.000     0.000    clk
    K17                  IBUF (Prop_ibuf_I_O)         0.189     0.189 r  clk_IBUF_inst/O
                         net (fo=1, routed)           0.842     1.030    clk_IBUF
    BUFGCTRL_X0Y16       BUFG (Prop_bufg_I_O)         0.026     1.056 r  clk_IBUF_BUFG_inst/O
                         net (fo=28, routed)          0.635     1.691    u_cnt/clk
    SLICE_X113Y91        FDPE                                         r  u_cnt/o_cnt_reg[8]/C
  -------------------------------------------------------------------    -------------------
    SLICE_X113Y91        FDPE (Prop_fdpe_C_Q)         0.141     1.832 f  u_cnt/o_cnt_reg[8]/Q
                         net (fo=1, routed)           0.155     1.988    u_cnt/o_cnt_reg_n_0_[8]
    SLICE_X113Y91        LUT1 (Prop_lut1_I0_O)        0.045     2.033 r  u_cnt/o_cnt[8]_i_5/O
                         net (fo=1, routed)           0.000     2.033    u_cnt/o_cnt[8]_i_5_n_0
    SLICE_X113Y91        CARRY4 (Prop_carry4_S[0]_O[0])
                                                      0.070     2.103 r  u_cnt/o_cnt_reg[8]_i_1/O[0]
                         net (fo=1, routed)           0.000     2.103    u_cnt/o_cnt_reg[8]_i_1_n_7
    SLICE_X113Y91        FDPE                                         r  u_cnt/o_cnt_reg[8]/D
  -------------------------------------------------------------------    -------------------

                         (clock clk rise edge)        0.000     0.000 r  
    K17                                               0.000     0.000 r  clk (IN)
                         net (fo=0)                   0.000     0.000    clk
    K17                  IBUF (Prop_ibuf_I_O)         0.378     0.378 r  clk_IBUF_inst/O
                         net (fo=1, routed)           0.907     1.285    clk_IBUF
    BUFGCTRL_X0Y16       BUFG (Prop_bufg_I_O)         0.029     1.314 r  clk_IBUF_BUFG_inst/O
                         net (fo=28, routed)          0.907     2.221    u_cnt/clk
    SLICE_X113Y91        FDPE                                         r  u_cnt/o_cnt_reg[8]/C
                         clock pessimism             -0.529     1.691    
    SLICE_X113Y91        FDPE (Hold_fdpe_C_D)         0.105     1.796    u_cnt/o_cnt_reg[8]
  -------------------------------------------------------------------
                         required time                         -1.796    
                         arrival time                           2.103    
  -------------------------------------------------------------------
                         slack                                  0.306    





Pulse Width Checks
--------------------------------------------------------------------------------------
Clock Name:         clk
Waveform(ns):       { 0.000 10.000 }
Period(ns):         20.000
Sources:            { clk }

Check Type        Corner  Lib Pin  Reference Pin  Required(ns)  Actual(ns)  Slack(ns)  Location        Pin
Min Period        n/a     BUFG/I   n/a            1.592         20.000      18.408     BUFGCTRL_X0Y16  clk_IBUF_BUFG_inst/I
Min Period        n/a     FDRE/C   n/a            1.000         20.000      19.000     SLICE_X112Y91   rst_n_d1_reg/C
Min Period        n/a     FDRE/C   n/a            1.000         20.000      19.000     SLICE_X112Y91   rst_n_d2_reg/C
Min Period        n/a     FDPE/C   n/a            1.000         20.000      19.000     SLICE_X113Y89   u_cnt/o_cnt_reg[0]/C
Min Period        n/a     FDPE/C   n/a            1.000         20.000      19.000     SLICE_X113Y91   u_cnt/o_cnt_reg[10]/C
Min Period        n/a     FDPE/C   n/a            1.000         20.000      19.000     SLICE_X113Y91   u_cnt/o_cnt_reg[11]/C
Min Period        n/a     FDPE/C   n/a            1.000         20.000      19.000     SLICE_X113Y92   u_cnt/o_cnt_reg[12]/C
Min Period        n/a     FDPE/C   n/a            1.000         20.000      19.000     SLICE_X113Y92   u_cnt/o_cnt_reg[13]/C
Min Period        n/a     FDPE/C   n/a            1.000         20.000      19.000     SLICE_X113Y92   u_cnt/o_cnt_reg[14]/C
Min Period        n/a     FDPE/C   n/a            1.000         20.000      19.000     SLICE_X113Y92   u_cnt/o_cnt_reg[15]/C
Low Pulse Width   Slow    FDRE/C   n/a            0.500         10.000      9.500      SLICE_X112Y91   rst_n_d1_reg/C
Low Pulse Width   Fast    FDRE/C   n/a            0.500         10.000      9.500      SLICE_X112Y91   rst_n_d1_reg/C
Low Pulse Width   Slow    FDRE/C   n/a            0.500         10.000      9.500      SLICE_X112Y91   rst_n_d2_reg/C
Low Pulse Width   Fast    FDRE/C   n/a            0.500         10.000      9.500      SLICE_X112Y91   rst_n_d2_reg/C
Low Pulse Width   Slow    FDPE/C   n/a            0.500         10.000      9.500      SLICE_X113Y89   u_cnt/o_cnt_reg[0]/C
Low Pulse Width   Fast    FDPE/C   n/a            0.500         10.000      9.500      SLICE_X113Y89   u_cnt/o_cnt_reg[0]/C
Low Pulse Width   Slow    FDPE/C   n/a            0.500         10.000      9.500      SLICE_X113Y91   u_cnt/o_cnt_reg[10]/C
Low Pulse Width   Fast    FDPE/C   n/a            0.500         10.000      9.500      SLICE_X113Y91   u_cnt/o_cnt_reg[10]/C
Low Pulse Width   Slow    FDPE/C   n/a            0.500         10.000      9.500      SLICE_X113Y91   u_cnt/o_cnt_reg[11]/C
Low Pulse Width   Fast    FDPE/C   n/a            0.500         10.000      9.500      SLICE_X113Y91   u_cnt/o_cnt_reg[11]/C
High Pulse Width  Slow    FDRE/C   n/a            0.500         10.000      9.500      SLICE_X112Y91   rst_n_d1_reg/C
High Pulse Width  Fast    FDRE/C   n/a            0.500         10.000      9.500      SLICE_X112Y91   rst_n_d1_reg/C
High Pulse Width  Slow    FDRE/C   n/a            0.500         10.000      9.500      SLICE_X112Y91   rst_n_d2_reg/C
High Pulse Width  Fast    FDRE/C   n/a            0.500         10.000      9.500      SLICE_X112Y91   rst_n_d2_reg/C
High Pulse Width  Slow    FDPE/C   n/a            0.500         10.000      9.500      SLICE_X113Y89   u_cnt/o_cnt_reg[0]/C
High Pulse Width  Fast    FDPE/C   n/a            0.500         10.000      9.500      SLICE_X113Y89   u_cnt/o_cnt_reg[0]/C
High Pulse Width  Slow    FDPE/C   n/a            0.500         10.000      9.500      SLICE_X113Y91   u_cnt/o_cnt_reg[10]/C
High Pulse Width  Fast    FDPE/C   n/a            0.500         10.000      9.500      SLICE_X113Y91   u_cnt/o_cnt_reg[10]/C
High Pulse Width  Slow    FDPE/C   n/a            0.500         10.000      9.500      SLICE_X113Y91   u_cnt/o_cnt_reg[11]/C
High Pulse Width  Fast    FDPE/C   n/a            0.500         10.000      9.500      SLICE_X113Y91   u_cnt/o_cnt_reg[11]/C



---------------------------------------------------------------------------------------------------
Path Group:  **async_default**
From Clock:  clk
  To Clock:  clk

Setup :            0  Failing Endpoints,  Worst Slack       17.764ns,  Total Violation        0.000ns
Hold  :            0  Failing Endpoints,  Worst Slack        0.683ns,  Total Violation        0.000ns
---------------------------------------------------------------------------------------------------


Max Delay Paths
--------------------------------------------------------------------------------------
Slack (MET) :             17.764ns  (required time - arrival time)
  Source:                 rst_n_d2_reg/C
                            (rising edge-triggered cell FDRE clocked by clk  {rise@0.000ns fall@10.000ns period=20.000ns})
  Destination:            u_cnt/o_cnt_reg[24]/PRE
                            (recovery check against rising-edge clock clk  {rise@0.000ns fall@10.000ns period=20.000ns})
  Path Group:             **async_default**
  Path Type:              Recovery (Max at Slow Process Corner)
  Requirement:            20.000ns  (clk rise@20.000ns - clk rise@0.000ns)
  Data Path Delay:        1.883ns  (logic 0.538ns (28.573%)  route 1.345ns (71.427%))
  Logic Levels:           1  (LUT1=1)
  Clock Path Skew:        -0.026ns (DCD - SCD + CPR)
    Destination Clock Delay (DCD):    4.214ns = ( 24.214 - 20.000 ) 
    Source Clock Delay      (SCD):    4.711ns
    Clock Pessimism Removal (CPR):    0.471ns
  Clock Uncertainty:      0.035ns  ((TSJ^2 + TIJ^2)^1/2 + DJ) / 2 + PE
    Total System Jitter     (TSJ):    0.071ns
    Total Input Jitter      (TIJ):    0.000ns
    Discrete Jitter          (DJ):    0.000ns
    Phase Error              (PE):    0.000ns

    Location             Delay type                Incr(ns)  Path(ns)    Netlist Resource(s)
  -------------------------------------------------------------------    -------------------
                         (clock clk rise edge)        0.000     0.000 r  
    K17                                               0.000     0.000 r  clk (IN)
                         net (fo=0)                   0.000     0.000    clk
    K17                  IBUF (Prop_ibuf_I_O)         0.892     0.892 r  clk_IBUF_inst/O
                         net (fo=1, routed)           2.160     3.052    clk_IBUF
    BUFGCTRL_X0Y16       BUFG (Prop_bufg_I_O)         0.085     3.137 r  clk_IBUF_BUFG_inst/O
                         net (fo=28, routed)          1.574     4.711    clk_IBUF_BUFG
    SLICE_X112Y91        FDRE                                         r  rst_n_d2_reg/C
  -------------------------------------------------------------------    -------------------
    SLICE_X112Y91        FDRE (Prop_fdre_C_Q)         0.433     5.144 r  rst_n_d2_reg/Q
                         net (fo=1, routed)           0.546     5.690    u_cnt/rst_n_d2
    SLICE_X112Y91        LUT1 (Prop_lut1_I0_O)        0.105     5.795 f  u_cnt/o_cnt[0]_i_2/O
                         net (fo=26, routed)          0.798     6.594    u_cnt/o_cnt[0]_i_2_n_0
    SLICE_X113Y95        FDPE                                         f  u_cnt/o_cnt_reg[24]/PRE
  -------------------------------------------------------------------    -------------------

                         (clock clk rise edge)       20.000    20.000 r  
    K17                                               0.000    20.000 r  clk (IN)
                         net (fo=0)                   0.000    20.000    clk
    K17                  IBUF (Prop_ibuf_I_O)         0.761    20.761 r  clk_IBUF_inst/O
                         net (fo=1, routed)           1.961    22.722    clk_IBUF
    BUFGCTRL_X0Y16       BUFG (Prop_bufg_I_O)         0.077    22.799 r  clk_IBUF_BUFG_inst/O
                         net (fo=28, routed)          1.415    24.214    u_cnt/clk
    SLICE_X113Y95        FDPE                                         r  u_cnt/o_cnt_reg[24]/C
                         clock pessimism              0.471    24.685    
                         clock uncertainty           -0.035    24.649    
    SLICE_X113Y95        FDPE (Recov_fdpe_C_PRE)     -0.292    24.357    u_cnt/o_cnt_reg[24]
  -------------------------------------------------------------------
                         required time                         24.357    
                         arrival time                          -6.594    
  -------------------------------------------------------------------
                         slack                                 17.764    

Slack (MET) :             17.764ns  (required time - arrival time)
  Source:                 rst_n_d2_reg/C
                            (rising edge-triggered cell FDRE clocked by clk  {rise@0.000ns fall@10.000ns period=20.000ns})
  Destination:            u_cnt/o_cnt_reg[25]/PRE
                            (recovery check against rising-edge clock clk  {rise@0.000ns fall@10.000ns period=20.000ns})
  Path Group:             **async_default**
  Path Type:              Recovery (Max at Slow Process Corner)
  Requirement:            20.000ns  (clk rise@20.000ns - clk rise@0.000ns)
  Data Path Delay:        1.883ns  (logic 0.538ns (28.573%)  route 1.345ns (71.427%))
  Logic Levels:           1  (LUT1=1)
  Clock Path Skew:        -0.026ns (DCD - SCD + CPR)
    Destination Clock Delay (DCD):    4.214ns = ( 24.214 - 20.000 ) 
    Source Clock Delay      (SCD):    4.711ns
    Clock Pessimism Removal (CPR):    0.471ns
  Clock Uncertainty:      0.035ns  ((TSJ^2 + TIJ^2)^1/2 + DJ) / 2 + PE
    Total System Jitter     (TSJ):    0.071ns
    Total Input Jitter      (TIJ):    0.000ns
    Discrete Jitter          (DJ):    0.000ns
    Phase Error              (PE):    0.000ns

    Location             Delay type                Incr(ns)  Path(ns)    Netlist Resource(s)
  -------------------------------------------------------------------    -------------------
                         (clock clk rise edge)        0.000     0.000 r  
    K17                                               0.000     0.000 r  clk (IN)
                         net (fo=0)                   0.000     0.000    clk
    K17                  IBUF (Prop_ibuf_I_O)         0.892     0.892 r  clk_IBUF_inst/O
                         net (fo=1, routed)           2.160     3.052    clk_IBUF
    BUFGCTRL_X0Y16       BUFG (Prop_bufg_I_O)         0.085     3.137 r  clk_IBUF_BUFG_inst/O
                         net (fo=28, routed)          1.574     4.711    clk_IBUF_BUFG
    SLICE_X112Y91        FDRE                                         r  rst_n_d2_reg/C
  -------------------------------------------------------------------    -------------------
    SLICE_X112Y91        FDRE (Prop_fdre_C_Q)         0.433     5.144 r  rst_n_d2_reg/Q
                         net (fo=1, routed)           0.546     5.690    u_cnt/rst_n_d2
    SLICE_X112Y91        LUT1 (Prop_lut1_I0_O)        0.105     5.795 f  u_cnt/o_cnt[0]_i_2/O
                         net (fo=26, routed)          0.798     6.594    u_cnt/o_cnt[0]_i_2_n_0
    SLICE_X113Y95        FDPE                                         f  u_cnt/o_cnt_reg[25]/PRE
  -------------------------------------------------------------------    -------------------

                         (clock clk rise edge)       20.000    20.000 r  
    K17                                               0.000    20.000 r  clk (IN)
                         net (fo=0)                   0.000    20.000    clk
    K17                  IBUF (Prop_ibuf_I_O)         0.761    20.761 r  clk_IBUF_inst/O
                         net (fo=1, routed)           1.961    22.722    clk_IBUF
    BUFGCTRL_X0Y16       BUFG (Prop_bufg_I_O)         0.077    22.799 r  clk_IBUF_BUFG_inst/O
                         net (fo=28, routed)          1.415    24.214    u_cnt/clk
    SLICE_X113Y95        FDPE                                         r  u_cnt/o_cnt_reg[25]/C
                         clock pessimism              0.471    24.685    
                         clock uncertainty           -0.035    24.649    
    SLICE_X113Y95        FDPE (Recov_fdpe_C_PRE)     -0.292    24.357    u_cnt/o_cnt_reg[25]
  -------------------------------------------------------------------
                         required time                         24.357    
                         arrival time                          -6.594    
  -------------------------------------------------------------------
                         slack                                 17.764    

Slack (MET) :             17.872ns  (required time - arrival time)
  Source:                 rst_n_d2_reg/C
                            (rising edge-triggered cell FDRE clocked by clk  {rise@0.000ns fall@10.000ns period=20.000ns})
  Destination:            u_cnt/o_cnt_reg[20]/PRE
                            (recovery check against rising-edge clock clk  {rise@0.000ns fall@10.000ns period=20.000ns})
  Path Group:             **async_default**
  Path Type:              Recovery (Max at Slow Process Corner)
  Requirement:            20.000ns  (clk rise@20.000ns - clk rise@0.000ns)
  Data Path Delay:        1.774ns  (logic 0.538ns (30.319%)  route 1.236ns (69.681%))
  Logic Levels:           1  (LUT1=1)
  Clock Path Skew:        -0.026ns (DCD - SCD + CPR)
    Destination Clock Delay (DCD):    4.214ns = ( 24.214 - 20.000 ) 
    Source Clock Delay      (SCD):    4.711ns
    Clock Pessimism Removal (CPR):    0.471ns
  Clock Uncertainty:      0.035ns  ((TSJ^2 + TIJ^2)^1/2 + DJ) / 2 + PE
    Total System Jitter     (TSJ):    0.071ns
    Total Input Jitter      (TIJ):    0.000ns
    Discrete Jitter          (DJ):    0.000ns
    Phase Error              (PE):    0.000ns

    Location             Delay type                Incr(ns)  Path(ns)    Netlist Resource(s)
  -------------------------------------------------------------------    -------------------
                         (clock clk rise edge)        0.000     0.000 r  
    K17                                               0.000     0.000 r  clk (IN)
                         net (fo=0)                   0.000     0.000    clk
    K17                  IBUF (Prop_ibuf_I_O)         0.892     0.892 r  clk_IBUF_inst/O
                         net (fo=1, routed)           2.160     3.052    clk_IBUF
    BUFGCTRL_X0Y16       BUFG (Prop_bufg_I_O)         0.085     3.137 r  clk_IBUF_BUFG_inst/O
                         net (fo=28, routed)          1.574     4.711    clk_IBUF_BUFG
    SLICE_X112Y91        FDRE                                         r  rst_n_d2_reg/C
  -------------------------------------------------------------------    -------------------
    SLICE_X112Y91        FDRE (Prop_fdre_C_Q)         0.433     5.144 r  rst_n_d2_reg/Q
                         net (fo=1, routed)           0.546     5.690    u_cnt/rst_n_d2
    SLICE_X112Y91        LUT1 (Prop_lut1_I0_O)        0.105     5.795 f  u_cnt/o_cnt[0]_i_2/O
                         net (fo=26, routed)          0.690     6.485    u_cnt/o_cnt[0]_i_2_n_0
    SLICE_X113Y94        FDPE                                         f  u_cnt/o_cnt_reg[20]/PRE
  -------------------------------------------------------------------    -------------------

                         (clock clk rise edge)       20.000    20.000 r  
    K17                                               0.000    20.000 r  clk (IN)
                         net (fo=0)                   0.000    20.000    clk
    K17                  IBUF (Prop_ibuf_I_O)         0.761    20.761 r  clk_IBUF_inst/O
                         net (fo=1, routed)           1.961    22.722    clk_IBUF
    BUFGCTRL_X0Y16       BUFG (Prop_bufg_I_O)         0.077    22.799 r  clk_IBUF_BUFG_inst/O
                         net (fo=28, routed)          1.415    24.214    u_cnt/clk
    SLICE_X113Y94        FDPE                                         r  u_cnt/o_cnt_reg[20]/C
                         clock pessimism              0.471    24.685    
                         clock uncertainty           -0.035    24.649    
    SLICE_X113Y94        FDPE (Recov_fdpe_C_PRE)     -0.292    24.357    u_cnt/o_cnt_reg[20]
  -------------------------------------------------------------------
                         required time                         24.357    
                         arrival time                          -6.485    
  -------------------------------------------------------------------
                         slack                                 17.872    

Slack (MET) :             17.872ns  (required time - arrival time)
  Source:                 rst_n_d2_reg/C
                            (rising edge-triggered cell FDRE clocked by clk  {rise@0.000ns fall@10.000ns period=20.000ns})
  Destination:            u_cnt/o_cnt_reg[21]/PRE
                            (recovery check against rising-edge clock clk  {rise@0.000ns fall@10.000ns period=20.000ns})
  Path Group:             **async_default**
  Path Type:              Recovery (Max at Slow Process Corner)
  Requirement:            20.000ns  (clk rise@20.000ns - clk rise@0.000ns)
  Data Path Delay:        1.774ns  (logic 0.538ns (30.319%)  route 1.236ns (69.681%))
  Logic Levels:           1  (LUT1=1)
  Clock Path Skew:        -0.026ns (DCD - SCD + CPR)
    Destination Clock Delay (DCD):    4.214ns = ( 24.214 - 20.000 ) 
    Source Clock Delay      (SCD):    4.711ns
    Clock Pessimism Removal (CPR):    0.471ns
  Clock Uncertainty:      0.035ns  ((TSJ^2 + TIJ^2)^1/2 + DJ) / 2 + PE
    Total System Jitter     (TSJ):    0.071ns
    Total Input Jitter      (TIJ):    0.000ns
    Discrete Jitter          (DJ):    0.000ns
    Phase Error              (PE):    0.000ns

    Location             Delay type                Incr(ns)  Path(ns)    Netlist Resource(s)
  -------------------------------------------------------------------    -------------------
                         (clock clk rise edge)        0.000     0.000 r  
    K17                                               0.000     0.000 r  clk (IN)
                         net (fo=0)                   0.000     0.000    clk
    K17                  IBUF (Prop_ibuf_I_O)         0.892     0.892 r  clk_IBUF_inst/O
                         net (fo=1, routed)           2.160     3.052    clk_IBUF
    BUFGCTRL_X0Y16       BUFG (Prop_bufg_I_O)         0.085     3.137 r  clk_IBUF_BUFG_inst/O
                         net (fo=28, routed)          1.574     4.711    clk_IBUF_BUFG
    SLICE_X112Y91        FDRE                                         r  rst_n_d2_reg/C
  -------------------------------------------------------------------    -------------------
    SLICE_X112Y91        FDRE (Prop_fdre_C_Q)         0.433     5.144 r  rst_n_d2_reg/Q
                         net (fo=1, routed)           0.546     5.690    u_cnt/rst_n_d2
    SLICE_X112Y91        LUT1 (Prop_lut1_I0_O)        0.105     5.795 f  u_cnt/o_cnt[0]_i_2/O
                         net (fo=26, routed)          0.690     6.485    u_cnt/o_cnt[0]_i_2_n_0
    SLICE_X113Y94        FDPE                                         f  u_cnt/o_cnt_reg[21]/PRE
  -------------------------------------------------------------------    -------------------

                         (clock clk rise edge)       20.000    20.000 r  
    K17                                               0.000    20.000 r  clk (IN)
                         net (fo=0)                   0.000    20.000    clk
    K17                  IBUF (Prop_ibuf_I_O)         0.761    20.761 r  clk_IBUF_inst/O
                         net (fo=1, routed)           1.961    22.722    clk_IBUF
    BUFGCTRL_X0Y16       BUFG (Prop_bufg_I_O)         0.077    22.799 r  clk_IBUF_BUFG_inst/O
                         net (fo=28, routed)          1.415    24.214    u_cnt/clk
    SLICE_X113Y94        FDPE                                         r  u_cnt/o_cnt_reg[21]/C
                         clock pessimism              0.471    24.685    
                         clock uncertainty           -0.035    24.649    
    SLICE_X113Y94        FDPE (Recov_fdpe_C_PRE)     -0.292    24.357    u_cnt/o_cnt_reg[21]
  -------------------------------------------------------------------
                         required time                         24.357    
                         arrival time                          -6.485    
  -------------------------------------------------------------------
                         slack                                 17.872    

Slack (MET) :             17.872ns  (required time - arrival time)
  Source:                 rst_n_d2_reg/C
                            (rising edge-triggered cell FDRE clocked by clk  {rise@0.000ns fall@10.000ns period=20.000ns})
  Destination:            u_cnt/o_cnt_reg[22]/PRE
                            (recovery check against rising-edge clock clk  {rise@0.000ns fall@10.000ns period=20.000ns})
  Path Group:             **async_default**
  Path Type:              Recovery (Max at Slow Process Corner)
  Requirement:            20.000ns  (clk rise@20.000ns - clk rise@0.000ns)
  Data Path Delay:        1.774ns  (logic 0.538ns (30.319%)  route 1.236ns (69.681%))
  Logic Levels:           1  (LUT1=1)
  Clock Path Skew:        -0.026ns (DCD - SCD + CPR)
    Destination Clock Delay (DCD):    4.214ns = ( 24.214 - 20.000 ) 
    Source Clock Delay      (SCD):    4.711ns
    Clock Pessimism Removal (CPR):    0.471ns
  Clock Uncertainty:      0.035ns  ((TSJ^2 + TIJ^2)^1/2 + DJ) / 2 + PE
    Total System Jitter     (TSJ):    0.071ns
    Total Input Jitter      (TIJ):    0.000ns
    Discrete Jitter          (DJ):    0.000ns
    Phase Error              (PE):    0.000ns

    Location             Delay type                Incr(ns)  Path(ns)    Netlist Resource(s)
  -------------------------------------------------------------------    -------------------
                         (clock clk rise edge)        0.000     0.000 r  
    K17                                               0.000     0.000 r  clk (IN)
                         net (fo=0)                   0.000     0.000    clk
    K17                  IBUF (Prop_ibuf_I_O)         0.892     0.892 r  clk_IBUF_inst/O
                         net (fo=1, routed)           2.160     3.052    clk_IBUF
    BUFGCTRL_X0Y16       BUFG (Prop_bufg_I_O)         0.085     3.137 r  clk_IBUF_BUFG_inst/O
                         net (fo=28, routed)          1.574     4.711    clk_IBUF_BUFG
    SLICE_X112Y91        FDRE                                         r  rst_n_d2_reg/C
  -------------------------------------------------------------------    -------------------
    SLICE_X112Y91        FDRE (Prop_fdre_C_Q)         0.433     5.144 r  rst_n_d2_reg/Q
                         net (fo=1, routed)           0.546     5.690    u_cnt/rst_n_d2
    SLICE_X112Y91        LUT1 (Prop_lut1_I0_O)        0.105     5.795 f  u_cnt/o_cnt[0]_i_2/O
                         net (fo=26, routed)          0.690     6.485    u_cnt/o_cnt[0]_i_2_n_0
    SLICE_X113Y94        FDPE                                         f  u_cnt/o_cnt_reg[22]/PRE
  -------------------------------------------------------------------    -------------------

                         (clock clk rise edge)       20.000    20.000 r  
    K17                                               0.000    20.000 r  clk (IN)
                         net (fo=0)                   0.000    20.000    clk
    K17                  IBUF (Prop_ibuf_I_O)         0.761    20.761 r  clk_IBUF_inst/O
                         net (fo=1, routed)           1.961    22.722    clk_IBUF
    BUFGCTRL_X0Y16       BUFG (Prop_bufg_I_O)         0.077    22.799 r  clk_IBUF_BUFG_inst/O
                         net (fo=28, routed)          1.415    24.214    u_cnt/clk
    SLICE_X113Y94        FDPE                                         r  u_cnt/o_cnt_reg[22]/C
                         clock pessimism              0.471    24.685    
                         clock uncertainty           -0.035    24.649    
    SLICE_X113Y94        FDPE (Recov_fdpe_C_PRE)     -0.292    24.357    u_cnt/o_cnt_reg[22]
  -------------------------------------------------------------------
                         required time                         24.357    
                         arrival time                          -6.485    
  -------------------------------------------------------------------
                         slack                                 17.872    

Slack (MET) :             17.872ns  (required time - arrival time)
  Source:                 rst_n_d2_reg/C
                            (rising edge-triggered cell FDRE clocked by clk  {rise@0.000ns fall@10.000ns period=20.000ns})
  Destination:            u_cnt/o_cnt_reg[23]/PRE
                            (recovery check against rising-edge clock clk  {rise@0.000ns fall@10.000ns period=20.000ns})
  Path Group:             **async_default**
  Path Type:              Recovery (Max at Slow Process Corner)
  Requirement:            20.000ns  (clk rise@20.000ns - clk rise@0.000ns)
  Data Path Delay:        1.774ns  (logic 0.538ns (30.319%)  route 1.236ns (69.681%))
  Logic Levels:           1  (LUT1=1)
  Clock Path Skew:        -0.026ns (DCD - SCD + CPR)
    Destination Clock Delay (DCD):    4.214ns = ( 24.214 - 20.000 ) 
    Source Clock Delay      (SCD):    4.711ns
    Clock Pessimism Removal (CPR):    0.471ns
  Clock Uncertainty:      0.035ns  ((TSJ^2 + TIJ^2)^1/2 + DJ) / 2 + PE
    Total System Jitter     (TSJ):    0.071ns
    Total Input Jitter      (TIJ):    0.000ns
    Discrete Jitter          (DJ):    0.000ns
    Phase Error              (PE):    0.000ns

    Location             Delay type                Incr(ns)  Path(ns)    Netlist Resource(s)
  -------------------------------------------------------------------    -------------------
                         (clock clk rise edge)        0.000     0.000 r  
    K17                                               0.000     0.000 r  clk (IN)
                         net (fo=0)                   0.000     0.000    clk
    K17                  IBUF (Prop_ibuf_I_O)         0.892     0.892 r  clk_IBUF_inst/O
                         net (fo=1, routed)           2.160     3.052    clk_IBUF
    BUFGCTRL_X0Y16       BUFG (Prop_bufg_I_O)         0.085     3.137 r  clk_IBUF_BUFG_inst/O
                         net (fo=28, routed)          1.574     4.711    clk_IBUF_BUFG
    SLICE_X112Y91        FDRE                                         r  rst_n_d2_reg/C
  -------------------------------------------------------------------    -------------------
    SLICE_X112Y91        FDRE (Prop_fdre_C_Q)         0.433     5.144 r  rst_n_d2_reg/Q
                         net (fo=1, routed)           0.546     5.690    u_cnt/rst_n_d2
    SLICE_X112Y91        LUT1 (Prop_lut1_I0_O)        0.105     5.795 f  u_cnt/o_cnt[0]_i_2/O
                         net (fo=26, routed)          0.690     6.485    u_cnt/o_cnt[0]_i_2_n_0
    SLICE_X113Y94        FDPE                                         f  u_cnt/o_cnt_reg[23]/PRE
  -------------------------------------------------------------------    -------------------

                         (clock clk rise edge)       20.000    20.000 r  
    K17                                               0.000    20.000 r  clk (IN)
                         net (fo=0)                   0.000    20.000    clk
    K17                  IBUF (Prop_ibuf_I_O)         0.761    20.761 r  clk_IBUF_inst/O
                         net (fo=1, routed)           1.961    22.722    clk_IBUF
    BUFGCTRL_X0Y16       BUFG (Prop_bufg_I_O)         0.077    22.799 r  clk_IBUF_BUFG_inst/O
                         net (fo=28, routed)          1.415    24.214    u_cnt/clk
    SLICE_X113Y94        FDPE                                         r  u_cnt/o_cnt_reg[23]/C
                         clock pessimism              0.471    24.685    
                         clock uncertainty           -0.035    24.649    
    SLICE_X113Y94        FDPE (Recov_fdpe_C_PRE)     -0.292    24.357    u_cnt/o_cnt_reg[23]
  -------------------------------------------------------------------
                         required time                         24.357    
                         arrival time                          -6.485    
  -------------------------------------------------------------------
                         slack                                 17.872    

Slack (MET) :             17.954ns  (required time - arrival time)
  Source:                 rst_n_d2_reg/C
                            (rising edge-triggered cell FDRE clocked by clk  {rise@0.000ns fall@10.000ns period=20.000ns})
  Destination:            u_cnt/o_cnt_reg[0]/PRE
                            (recovery check against rising-edge clock clk  {rise@0.000ns fall@10.000ns period=20.000ns})
  Path Group:             **async_default**
  Path Type:              Recovery (Max at Slow Process Corner)
  Requirement:            20.000ns  (clk rise@20.000ns - clk rise@0.000ns)
  Data Path Delay:        1.691ns  (logic 0.538ns (31.821%)  route 1.153ns (68.179%))
  Logic Levels:           1  (LUT1=1)
  Clock Path Skew:        -0.028ns (DCD - SCD + CPR)
    Destination Clock Delay (DCD):    4.212ns = ( 24.212 - 20.000 ) 
    Source Clock Delay      (SCD):    4.711ns
    Clock Pessimism Removal (CPR):    0.471ns
  Clock Uncertainty:      0.035ns  ((TSJ^2 + TIJ^2)^1/2 + DJ) / 2 + PE
    Total System Jitter     (TSJ):    0.071ns
    Total Input Jitter      (TIJ):    0.000ns
    Discrete Jitter          (DJ):    0.000ns
    Phase Error              (PE):    0.000ns

    Location             Delay type                Incr(ns)  Path(ns)    Netlist Resource(s)
  -------------------------------------------------------------------    -------------------
                         (clock clk rise edge)        0.000     0.000 r  
    K17                                               0.000     0.000 r  clk (IN)
                         net (fo=0)                   0.000     0.000    clk
    K17                  IBUF (Prop_ibuf_I_O)         0.892     0.892 r  clk_IBUF_inst/O
                         net (fo=1, routed)           2.160     3.052    clk_IBUF
    BUFGCTRL_X0Y16       BUFG (Prop_bufg_I_O)         0.085     3.137 r  clk_IBUF_BUFG_inst/O
                         net (fo=28, routed)          1.574     4.711    clk_IBUF_BUFG
    SLICE_X112Y91        FDRE                                         r  rst_n_d2_reg/C
  -------------------------------------------------------------------    -------------------
    SLICE_X112Y91        FDRE (Prop_fdre_C_Q)         0.433     5.144 r  rst_n_d2_reg/Q
                         net (fo=1, routed)           0.546     5.690    u_cnt/rst_n_d2
    SLICE_X112Y91        LUT1 (Prop_lut1_I0_O)        0.105     5.795 f  u_cnt/o_cnt[0]_i_2/O
                         net (fo=26, routed)          0.606     6.401    u_cnt/o_cnt[0]_i_2_n_0
    SLICE_X113Y89        FDPE                                         f  u_cnt/o_cnt_reg[0]/PRE
  -------------------------------------------------------------------    -------------------

                         (clock clk rise edge)       20.000    20.000 r  
    K17                                               0.000    20.000 r  clk (IN)
                         net (fo=0)                   0.000    20.000    clk
    K17                  IBUF (Prop_ibuf_I_O)         0.761    20.761 r  clk_IBUF_inst/O
                         net (fo=1, routed)           1.961    22.722    clk_IBUF
    BUFGCTRL_X0Y16       BUFG (Prop_bufg_I_O)         0.077    22.799 r  clk_IBUF_BUFG_inst/O
                         net (fo=28, routed)          1.413    24.212    u_cnt/clk
    SLICE_X113Y89        FDPE                                         r  u_cnt/o_cnt_reg[0]/C
                         clock pessimism              0.471    24.683    
                         clock uncertainty           -0.035    24.647    
    SLICE_X113Y89        FDPE (Recov_fdpe_C_PRE)     -0.292    24.355    u_cnt/o_cnt_reg[0]
  -------------------------------------------------------------------
                         required time                         24.355    
                         arrival time                          -6.401    
  -------------------------------------------------------------------
                         slack                                 17.954    

Slack (MET) :             17.954ns  (required time - arrival time)
  Source:                 rst_n_d2_reg/C
                            (rising edge-triggered cell FDRE clocked by clk  {rise@0.000ns fall@10.000ns period=20.000ns})
  Destination:            u_cnt/o_cnt_reg[1]/PRE
                            (recovery check against rising-edge clock clk  {rise@0.000ns fall@10.000ns period=20.000ns})
  Path Group:             **async_default**
  Path Type:              Recovery (Max at Slow Process Corner)
  Requirement:            20.000ns  (clk rise@20.000ns - clk rise@0.000ns)
  Data Path Delay:        1.691ns  (logic 0.538ns (31.821%)  route 1.153ns (68.179%))
  Logic Levels:           1  (LUT1=1)
  Clock Path Skew:        -0.028ns (DCD - SCD + CPR)
    Destination Clock Delay (DCD):    4.212ns = ( 24.212 - 20.000 ) 
    Source Clock Delay      (SCD):    4.711ns
    Clock Pessimism Removal (CPR):    0.471ns
  Clock Uncertainty:      0.035ns  ((TSJ^2 + TIJ^2)^1/2 + DJ) / 2 + PE
    Total System Jitter     (TSJ):    0.071ns
    Total Input Jitter      (TIJ):    0.000ns
    Discrete Jitter          (DJ):    0.000ns
    Phase Error              (PE):    0.000ns

    Location             Delay type                Incr(ns)  Path(ns)    Netlist Resource(s)
  -------------------------------------------------------------------    -------------------
                         (clock clk rise edge)        0.000     0.000 r  
    K17                                               0.000     0.000 r  clk (IN)
                         net (fo=0)                   0.000     0.000    clk
    K17                  IBUF (Prop_ibuf_I_O)         0.892     0.892 r  clk_IBUF_inst/O
                         net (fo=1, routed)           2.160     3.052    clk_IBUF
    BUFGCTRL_X0Y16       BUFG (Prop_bufg_I_O)         0.085     3.137 r  clk_IBUF_BUFG_inst/O
                         net (fo=28, routed)          1.574     4.711    clk_IBUF_BUFG
    SLICE_X112Y91        FDRE                                         r  rst_n_d2_reg/C
  -------------------------------------------------------------------    -------------------
    SLICE_X112Y91        FDRE (Prop_fdre_C_Q)         0.433     5.144 r  rst_n_d2_reg/Q
                         net (fo=1, routed)           0.546     5.690    u_cnt/rst_n_d2
    SLICE_X112Y91        LUT1 (Prop_lut1_I0_O)        0.105     5.795 f  u_cnt/o_cnt[0]_i_2/O
                         net (fo=26, routed)          0.606     6.401    u_cnt/o_cnt[0]_i_2_n_0
    SLICE_X113Y89        FDPE                                         f  u_cnt/o_cnt_reg[1]/PRE
  -------------------------------------------------------------------    -------------------

                         (clock clk rise edge)       20.000    20.000 r  
    K17                                               0.000    20.000 r  clk (IN)
                         net (fo=0)                   0.000    20.000    clk
    K17                  IBUF (Prop_ibuf_I_O)         0.761    20.761 r  clk_IBUF_inst/O
                         net (fo=1, routed)           1.961    22.722    clk_IBUF
    BUFGCTRL_X0Y16       BUFG (Prop_bufg_I_O)         0.077    22.799 r  clk_IBUF_BUFG_inst/O
                         net (fo=28, routed)          1.413    24.212    u_cnt/clk
    SLICE_X113Y89        FDPE                                         r  u_cnt/o_cnt_reg[1]/C
                         clock pessimism              0.471    24.683    
                         clock uncertainty           -0.035    24.647    
    SLICE_X113Y89        FDPE (Recov_fdpe_C_PRE)     -0.292    24.355    u_cnt/o_cnt_reg[1]
  -------------------------------------------------------------------
                         required time                         24.355    
                         arrival time                          -6.401    
  -------------------------------------------------------------------
                         slack                                 17.954    

Slack (MET) :             17.954ns  (required time - arrival time)
  Source:                 rst_n_d2_reg/C
                            (rising edge-triggered cell FDRE clocked by clk  {rise@0.000ns fall@10.000ns period=20.000ns})
  Destination:            u_cnt/o_cnt_reg[2]/PRE
                            (recovery check against rising-edge clock clk  {rise@0.000ns fall@10.000ns period=20.000ns})
  Path Group:             **async_default**
  Path Type:              Recovery (Max at Slow Process Corner)
  Requirement:            20.000ns  (clk rise@20.000ns - clk rise@0.000ns)
  Data Path Delay:        1.691ns  (logic 0.538ns (31.821%)  route 1.153ns (68.179%))
  Logic Levels:           1  (LUT1=1)
  Clock Path Skew:        -0.028ns (DCD - SCD + CPR)
    Destination Clock Delay (DCD):    4.212ns = ( 24.212 - 20.000 ) 
    Source Clock Delay      (SCD):    4.711ns
    Clock Pessimism Removal (CPR):    0.471ns
  Clock Uncertainty:      0.035ns  ((TSJ^2 + TIJ^2)^1/2 + DJ) / 2 + PE
    Total System Jitter     (TSJ):    0.071ns
    Total Input Jitter      (TIJ):    0.000ns
    Discrete Jitter          (DJ):    0.000ns
    Phase Error              (PE):    0.000ns

    Location             Delay type                Incr(ns)  Path(ns)    Netlist Resource(s)
  -------------------------------------------------------------------    -------------------
                         (clock clk rise edge)        0.000     0.000 r  
    K17                                               0.000     0.000 r  clk (IN)
                         net (fo=0)                   0.000     0.000    clk
    K17                  IBUF (Prop_ibuf_I_O)         0.892     0.892 r  clk_IBUF_inst/O
                         net (fo=1, routed)           2.160     3.052    clk_IBUF
    BUFGCTRL_X0Y16       BUFG (Prop_bufg_I_O)         0.085     3.137 r  clk_IBUF_BUFG_inst/O
                         net (fo=28, routed)          1.574     4.711    clk_IBUF_BUFG
    SLICE_X112Y91        FDRE                                         r  rst_n_d2_reg/C
  -------------------------------------------------------------------    -------------------
    SLICE_X112Y91        FDRE (Prop_fdre_C_Q)         0.433     5.144 r  rst_n_d2_reg/Q
                         net (fo=1, routed)           0.546     5.690    u_cnt/rst_n_d2
    SLICE_X112Y91        LUT1 (Prop_lut1_I0_O)        0.105     5.795 f  u_cnt/o_cnt[0]_i_2/O
                         net (fo=26, routed)          0.606     6.401    u_cnt/o_cnt[0]_i_2_n_0
    SLICE_X113Y89        FDPE                                         f  u_cnt/o_cnt_reg[2]/PRE
  -------------------------------------------------------------------    -------------------

                         (clock clk rise edge)       20.000    20.000 r  
    K17                                               0.000    20.000 r  clk (IN)
                         net (fo=0)                   0.000    20.000    clk
    K17                  IBUF (Prop_ibuf_I_O)         0.761    20.761 r  clk_IBUF_inst/O
                         net (fo=1, routed)           1.961    22.722    clk_IBUF
    BUFGCTRL_X0Y16       BUFG (Prop_bufg_I_O)         0.077    22.799 r  clk_IBUF_BUFG_inst/O
                         net (fo=28, routed)          1.413    24.212    u_cnt/clk
    SLICE_X113Y89        FDPE                                         r  u_cnt/o_cnt_reg[2]/C
                         clock pessimism              0.471    24.683    
                         clock uncertainty           -0.035    24.647    
    SLICE_X113Y89        FDPE (Recov_fdpe_C_PRE)     -0.292    24.355    u_cnt/o_cnt_reg[2]
  -------------------------------------------------------------------
                         required time                         24.355    
                         arrival time                          -6.401    
  -------------------------------------------------------------------
                         slack                                 17.954    

Slack (MET) :             17.954ns  (required time - arrival time)
  Source:                 rst_n_d2_reg/C
                            (rising edge-triggered cell FDRE clocked by clk  {rise@0.000ns fall@10.000ns period=20.000ns})
  Destination:            u_cnt/o_cnt_reg[3]/PRE
                            (recovery check against rising-edge clock clk  {rise@0.000ns fall@10.000ns period=20.000ns})
  Path Group:             **async_default**
  Path Type:              Recovery (Max at Slow Process Corner)
  Requirement:            20.000ns  (clk rise@20.000ns - clk rise@0.000ns)
  Data Path Delay:        1.691ns  (logic 0.538ns (31.821%)  route 1.153ns (68.179%))
  Logic Levels:           1  (LUT1=1)
  Clock Path Skew:        -0.028ns (DCD - SCD + CPR)
    Destination Clock Delay (DCD):    4.212ns = ( 24.212 - 20.000 ) 
    Source Clock Delay      (SCD):    4.711ns
    Clock Pessimism Removal (CPR):    0.471ns
  Clock Uncertainty:      0.035ns  ((TSJ^2 + TIJ^2)^1/2 + DJ) / 2 + PE
    Total System Jitter     (TSJ):    0.071ns
    Total Input Jitter      (TIJ):    0.000ns
    Discrete Jitter          (DJ):    0.000ns
    Phase Error              (PE):    0.000ns

    Location             Delay type                Incr(ns)  Path(ns)    Netlist Resource(s)
  -------------------------------------------------------------------    -------------------
                         (clock clk rise edge)        0.000     0.000 r  
    K17                                               0.000     0.000 r  clk (IN)
                         net (fo=0)                   0.000     0.000    clk
    K17                  IBUF (Prop_ibuf_I_O)         0.892     0.892 r  clk_IBUF_inst/O
                         net (fo=1, routed)           2.160     3.052    clk_IBUF
    BUFGCTRL_X0Y16       BUFG (Prop_bufg_I_O)         0.085     3.137 r  clk_IBUF_BUFG_inst/O
                         net (fo=28, routed)          1.574     4.711    clk_IBUF_BUFG
    SLICE_X112Y91        FDRE                                         r  rst_n_d2_reg/C
  -------------------------------------------------------------------    -------------------
    SLICE_X112Y91        FDRE (Prop_fdre_C_Q)         0.433     5.144 r  rst_n_d2_reg/Q
                         net (fo=1, routed)           0.546     5.690    u_cnt/rst_n_d2
    SLICE_X112Y91        LUT1 (Prop_lut1_I0_O)        0.105     5.795 f  u_cnt/o_cnt[0]_i_2/O
                         net (fo=26, routed)          0.606     6.401    u_cnt/o_cnt[0]_i_2_n_0
    SLICE_X113Y89        FDPE                                         f  u_cnt/o_cnt_reg[3]/PRE
  -------------------------------------------------------------------    -------------------

                         (clock clk rise edge)       20.000    20.000 r  
    K17                                               0.000    20.000 r  clk (IN)
                         net (fo=0)                   0.000    20.000    clk
    K17                  IBUF (Prop_ibuf_I_O)         0.761    20.761 r  clk_IBUF_inst/O
                         net (fo=1, routed)           1.961    22.722    clk_IBUF
    BUFGCTRL_X0Y16       BUFG (Prop_bufg_I_O)         0.077    22.799 r  clk_IBUF_BUFG_inst/O
                         net (fo=28, routed)          1.413    24.212    u_cnt/clk
    SLICE_X113Y89        FDPE                                         r  u_cnt/o_cnt_reg[3]/C
                         clock pessimism              0.471    24.683    
                         clock uncertainty           -0.035    24.647    
    SLICE_X113Y89        FDPE (Recov_fdpe_C_PRE)     -0.292    24.355    u_cnt/o_cnt_reg[3]
  -------------------------------------------------------------------
                         required time                         24.355    
                         arrival time                          -6.401    
  -------------------------------------------------------------------
                         slack                                 17.954    





Min Delay Paths
--------------------------------------------------------------------------------------
Slack (MET) :             0.683ns  (arrival time - required time)
  Source:                 rst_n_d2_reg/C
                            (rising edge-triggered cell FDRE clocked by clk  {rise@0.000ns fall@10.000ns period=20.000ns})
  Destination:            u_cnt/o_cnt_reg[10]/PRE
                            (removal check against rising-edge clock clk  {rise@0.000ns fall@10.000ns period=20.000ns})
  Path Group:             **async_default**
  Path Type:              Removal (Min at Fast Process Corner)
  Requirement:            0.000ns  (clk rise@0.000ns - clk rise@0.000ns)
  Data Path Delay:        0.601ns  (logic 0.209ns (34.750%)  route 0.392ns (65.250%))
  Logic Levels:           1  (LUT1=1)
  Clock Path Skew:        0.013ns (DCD - SCD - CPR)
    Destination Clock Delay (DCD):    2.221ns
    Source Clock Delay      (SCD):    1.691ns
    Clock Pessimism Removal (CPR):    0.516ns

    Location             Delay type                Incr(ns)  Path(ns)    Netlist Resource(s)
  -------------------------------------------------------------------    -------------------
                         (clock clk rise edge)        0.000     0.000 r  
    K17                                               0.000     0.000 r  clk (IN)
                         net (fo=0)                   0.000     0.000    clk
    K17                  IBUF (Prop_ibuf_I_O)         0.189     0.189 r  clk_IBUF_inst/O
                         net (fo=1, routed)           0.842     1.030    clk_IBUF
    BUFGCTRL_X0Y16       BUFG (Prop_bufg_I_O)         0.026     1.056 r  clk_IBUF_BUFG_inst/O
                         net (fo=28, routed)          0.635     1.691    clk_IBUF_BUFG
    SLICE_X112Y91        FDRE                                         r  rst_n_d2_reg/C
  -------------------------------------------------------------------    -------------------
    SLICE_X112Y91        FDRE (Prop_fdre_C_Q)         0.164     1.855 r  rst_n_d2_reg/Q
                         net (fo=1, routed)           0.222     2.078    u_cnt/rst_n_d2
    SLICE_X112Y91        LUT1 (Prop_lut1_I0_O)        0.045     2.123 f  u_cnt/o_cnt[0]_i_2/O
                         net (fo=26, routed)          0.170     2.293    u_cnt/o_cnt[0]_i_2_n_0
    SLICE_X113Y91        FDPE                                         f  u_cnt/o_cnt_reg[10]/PRE
  -------------------------------------------------------------------    -------------------

                         (clock clk rise edge)        0.000     0.000 r  
    K17                                               0.000     0.000 r  clk (IN)
                         net (fo=0)                   0.000     0.000    clk
    K17                  IBUF (Prop_ibuf_I_O)         0.378     0.378 r  clk_IBUF_inst/O
                         net (fo=1, routed)           0.907     1.285    clk_IBUF
    BUFGCTRL_X0Y16       BUFG (Prop_bufg_I_O)         0.029     1.314 r  clk_IBUF_BUFG_inst/O
                         net (fo=28, routed)          0.907     2.221    u_cnt/clk
    SLICE_X113Y91        FDPE                                         r  u_cnt/o_cnt_reg[10]/C
                         clock pessimism             -0.516     1.704    
    SLICE_X113Y91        FDPE (Remov_fdpe_C_PRE)     -0.095     1.609    u_cnt/o_cnt_reg[10]
  -------------------------------------------------------------------
                         required time                         -1.609    
                         arrival time                           2.293    
  -------------------------------------------------------------------
                         slack                                  0.683    

Slack (MET) :             0.683ns  (arrival time - required time)
  Source:                 rst_n_d2_reg/C
                            (rising edge-triggered cell FDRE clocked by clk  {rise@0.000ns fall@10.000ns period=20.000ns})
  Destination:            u_cnt/o_cnt_reg[11]/PRE
                            (removal check against rising-edge clock clk  {rise@0.000ns fall@10.000ns period=20.000ns})
  Path Group:             **async_default**
  Path Type:              Removal (Min at Fast Process Corner)
  Requirement:            0.000ns  (clk rise@0.000ns - clk rise@0.000ns)
  Data Path Delay:        0.601ns  (logic 0.209ns (34.750%)  route 0.392ns (65.250%))
  Logic Levels:           1  (LUT1=1)
  Clock Path Skew:        0.013ns (DCD - SCD - CPR)
    Destination Clock Delay (DCD):    2.221ns
    Source Clock Delay      (SCD):    1.691ns
    Clock Pessimism Removal (CPR):    0.516ns

    Location             Delay type                Incr(ns)  Path(ns)    Netlist Resource(s)
  -------------------------------------------------------------------    -------------------
                         (clock clk rise edge)        0.000     0.000 r  
    K17                                               0.000     0.000 r  clk (IN)
                         net (fo=0)                   0.000     0.000    clk
    K17                  IBUF (Prop_ibuf_I_O)         0.189     0.189 r  clk_IBUF_inst/O
                         net (fo=1, routed)           0.842     1.030    clk_IBUF
    BUFGCTRL_X0Y16       BUFG (Prop_bufg_I_O)         0.026     1.056 r  clk_IBUF_BUFG_inst/O
                         net (fo=28, routed)          0.635     1.691    clk_IBUF_BUFG
    SLICE_X112Y91        FDRE                                         r  rst_n_d2_reg/C
  -------------------------------------------------------------------    -------------------
    SLICE_X112Y91        FDRE (Prop_fdre_C_Q)         0.164     1.855 r  rst_n_d2_reg/Q
                         net (fo=1, routed)           0.222     2.078    u_cnt/rst_n_d2
    SLICE_X112Y91        LUT1 (Prop_lut1_I0_O)        0.045     2.123 f  u_cnt/o_cnt[0]_i_2/O
                         net (fo=26, routed)          0.170     2.293    u_cnt/o_cnt[0]_i_2_n_0
    SLICE_X113Y91        FDPE                                         f  u_cnt/o_cnt_reg[11]/PRE
  -------------------------------------------------------------------    -------------------

                         (clock clk rise edge)        0.000     0.000 r  
    K17                                               0.000     0.000 r  clk (IN)
                         net (fo=0)                   0.000     0.000    clk
    K17                  IBUF (Prop_ibuf_I_O)         0.378     0.378 r  clk_IBUF_inst/O
                         net (fo=1, routed)           0.907     1.285    clk_IBUF
    BUFGCTRL_X0Y16       BUFG (Prop_bufg_I_O)         0.029     1.314 r  clk_IBUF_BUFG_inst/O
                         net (fo=28, routed)          0.907     2.221    u_cnt/clk
    SLICE_X113Y91        FDPE                                         r  u_cnt/o_cnt_reg[11]/C
                         clock pessimism             -0.516     1.704    
    SLICE_X113Y91        FDPE (Remov_fdpe_C_PRE)     -0.095     1.609    u_cnt/o_cnt_reg[11]
  -------------------------------------------------------------------
                         required time                         -1.609    
                         arrival time                           2.293    
  -------------------------------------------------------------------
                         slack                                  0.683    

Slack (MET) :             0.683ns  (arrival time - required time)
  Source:                 rst_n_d2_reg/C
                            (rising edge-triggered cell FDRE clocked by clk  {rise@0.000ns fall@10.000ns period=20.000ns})
  Destination:            u_cnt/o_cnt_reg[8]/PRE
                            (removal check against rising-edge clock clk  {rise@0.000ns fall@10.000ns period=20.000ns})
  Path Group:             **async_default**
  Path Type:              Removal (Min at Fast Process Corner)
  Requirement:            0.000ns  (clk rise@0.000ns - clk rise@0.000ns)
  Data Path Delay:        0.601ns  (logic 0.209ns (34.750%)  route 0.392ns (65.250%))
  Logic Levels:           1  (LUT1=1)
  Clock Path Skew:        0.013ns (DCD - SCD - CPR)
    Destination Clock Delay (DCD):    2.221ns
    Source Clock Delay      (SCD):    1.691ns
    Clock Pessimism Removal (CPR):    0.516ns

    Location             Delay type                Incr(ns)  Path(ns)    Netlist Resource(s)
  -------------------------------------------------------------------    -------------------
                         (clock clk rise edge)        0.000     0.000 r  
    K17                                               0.000     0.000 r  clk (IN)
                         net (fo=0)                   0.000     0.000    clk
    K17                  IBUF (Prop_ibuf_I_O)         0.189     0.189 r  clk_IBUF_inst/O
                         net (fo=1, routed)           0.842     1.030    clk_IBUF
    BUFGCTRL_X0Y16       BUFG (Prop_bufg_I_O)         0.026     1.056 r  clk_IBUF_BUFG_inst/O
                         net (fo=28, routed)          0.635     1.691    clk_IBUF_BUFG
    SLICE_X112Y91        FDRE                                         r  rst_n_d2_reg/C
  -------------------------------------------------------------------    -------------------
    SLICE_X112Y91        FDRE (Prop_fdre_C_Q)         0.164     1.855 r  rst_n_d2_reg/Q
                         net (fo=1, routed)           0.222     2.078    u_cnt/rst_n_d2
    SLICE_X112Y91        LUT1 (Prop_lut1_I0_O)        0.045     2.123 f  u_cnt/o_cnt[0]_i_2/O
                         net (fo=26, routed)          0.170     2.293    u_cnt/o_cnt[0]_i_2_n_0
    SLICE_X113Y91        FDPE                                         f  u_cnt/o_cnt_reg[8]/PRE
  -------------------------------------------------------------------    -------------------

                         (clock clk rise edge)        0.000     0.000 r  
    K17                                               0.000     0.000 r  clk (IN)
                         net (fo=0)                   0.000     0.000    clk
    K17                  IBUF (Prop_ibuf_I_O)         0.378     0.378 r  clk_IBUF_inst/O
                         net (fo=1, routed)           0.907     1.285    clk_IBUF
    BUFGCTRL_X0Y16       BUFG (Prop_bufg_I_O)         0.029     1.314 r  clk_IBUF_BUFG_inst/O
                         net (fo=28, routed)          0.907     2.221    u_cnt/clk
    SLICE_X113Y91        FDPE                                         r  u_cnt/o_cnt_reg[8]/C
                         clock pessimism             -0.516     1.704    
    SLICE_X113Y91        FDPE (Remov_fdpe_C_PRE)     -0.095     1.609    u_cnt/o_cnt_reg[8]
  -------------------------------------------------------------------
                         required time                         -1.609    
                         arrival time                           2.293    
  -------------------------------------------------------------------
                         slack                                  0.683    

Slack (MET) :             0.683ns  (arrival time - required time)
  Source:                 rst_n_d2_reg/C
                            (rising edge-triggered cell FDRE clocked by clk  {rise@0.000ns fall@10.000ns period=20.000ns})
  Destination:            u_cnt/o_cnt_reg[9]/PRE
                            (removal check against rising-edge clock clk  {rise@0.000ns fall@10.000ns period=20.000ns})
  Path Group:             **async_default**
  Path Type:              Removal (Min at Fast Process Corner)
  Requirement:            0.000ns  (clk rise@0.000ns - clk rise@0.000ns)
  Data Path Delay:        0.601ns  (logic 0.209ns (34.750%)  route 0.392ns (65.250%))
  Logic Levels:           1  (LUT1=1)
  Clock Path Skew:        0.013ns (DCD - SCD - CPR)
    Destination Clock Delay (DCD):    2.221ns
    Source Clock Delay      (SCD):    1.691ns
    Clock Pessimism Removal (CPR):    0.516ns

    Location             Delay type                Incr(ns)  Path(ns)    Netlist Resource(s)
  -------------------------------------------------------------------    -------------------
                         (clock clk rise edge)        0.000     0.000 r  
    K17                                               0.000     0.000 r  clk (IN)
                         net (fo=0)                   0.000     0.000    clk
    K17                  IBUF (Prop_ibuf_I_O)         0.189     0.189 r  clk_IBUF_inst/O
                         net (fo=1, routed)           0.842     1.030    clk_IBUF
    BUFGCTRL_X0Y16       BUFG (Prop_bufg_I_O)         0.026     1.056 r  clk_IBUF_BUFG_inst/O
                         net (fo=28, routed)          0.635     1.691    clk_IBUF_BUFG
    SLICE_X112Y91        FDRE                                         r  rst_n_d2_reg/C
  -------------------------------------------------------------------    -------------------
    SLICE_X112Y91        FDRE (Prop_fdre_C_Q)         0.164     1.855 r  rst_n_d2_reg/Q
                         net (fo=1, routed)           0.222     2.078    u_cnt/rst_n_d2
    SLICE_X112Y91        LUT1 (Prop_lut1_I0_O)        0.045     2.123 f  u_cnt/o_cnt[0]_i_2/O
                         net (fo=26, routed)          0.170     2.293    u_cnt/o_cnt[0]_i_2_n_0
    SLICE_X113Y91        FDPE                                         f  u_cnt/o_cnt_reg[9]/PRE
  -------------------------------------------------------------------    -------------------

                         (clock clk rise edge)        0.000     0.000 r  
    K17                                               0.000     0.000 r  clk (IN)
                         net (fo=0)                   0.000     0.000    clk
    K17                  IBUF (Prop_ibuf_I_O)         0.378     0.378 r  clk_IBUF_inst/O
                         net (fo=1, routed)           0.907     1.285    clk_IBUF
    BUFGCTRL_X0Y16       BUFG (Prop_bufg_I_O)         0.029     1.314 r  clk_IBUF_BUFG_inst/O
                         net (fo=28, routed)          0.907     2.221    u_cnt/clk
    SLICE_X113Y91        FDPE                                         r  u_cnt/o_cnt_reg[9]/C
                         clock pessimism             -0.516     1.704    
    SLICE_X113Y91        FDPE (Remov_fdpe_C_PRE)     -0.095     1.609    u_cnt/o_cnt_reg[9]
  -------------------------------------------------------------------
                         required time                         -1.609    
                         arrival time                           2.293    
  -------------------------------------------------------------------
                         slack                                  0.683    

Slack (MET) :             0.731ns  (arrival time - required time)
  Source:                 rst_n_d2_reg/C
                            (rising edge-triggered cell FDRE clocked by clk  {rise@0.000ns fall@10.000ns period=20.000ns})
  Destination:            u_cnt/o_cnt_reg[12]/PRE
                            (removal check against rising-edge clock clk  {rise@0.000ns fall@10.000ns period=20.000ns})
  Path Group:             **async_default**
  Path Type:              Removal (Min at Fast Process Corner)
  Requirement:            0.000ns  (clk rise@0.000ns - clk rise@0.000ns)
  Data Path Delay:        0.652ns  (logic 0.209ns (32.059%)  route 0.443ns (67.941%))
  Logic Levels:           1  (LUT1=1)
  Clock Path Skew:        0.016ns (DCD - SCD - CPR)
    Destination Clock Delay (DCD):    2.221ns
    Source Clock Delay      (SCD):    1.691ns
    Clock Pessimism Removal (CPR):    0.513ns

    Location             Delay type                Incr(ns)  Path(ns)    Netlist Resource(s)
  -------------------------------------------------------------------    -------------------
                         (clock clk rise edge)        0.000     0.000 r  
    K17                                               0.000     0.000 r  clk (IN)
                         net (fo=0)                   0.000     0.000    clk
    K17                  IBUF (Prop_ibuf_I_O)         0.189     0.189 r  clk_IBUF_inst/O
                         net (fo=1, routed)           0.842     1.030    clk_IBUF
    BUFGCTRL_X0Y16       BUFG (Prop_bufg_I_O)         0.026     1.056 r  clk_IBUF_BUFG_inst/O
                         net (fo=28, routed)          0.635     1.691    clk_IBUF_BUFG
    SLICE_X112Y91        FDRE                                         r  rst_n_d2_reg/C
  -------------------------------------------------------------------    -------------------
    SLICE_X112Y91        FDRE (Prop_fdre_C_Q)         0.164     1.855 r  rst_n_d2_reg/Q
                         net (fo=1, routed)           0.222     2.078    u_cnt/rst_n_d2
    SLICE_X112Y91        LUT1 (Prop_lut1_I0_O)        0.045     2.123 f  u_cnt/o_cnt[0]_i_2/O
                         net (fo=26, routed)          0.220     2.343    u_cnt/o_cnt[0]_i_2_n_0
    SLICE_X113Y92        FDPE                                         f  u_cnt/o_cnt_reg[12]/PRE
  -------------------------------------------------------------------    -------------------

                         (clock clk rise edge)        0.000     0.000 r  
    K17                                               0.000     0.000 r  clk (IN)
                         net (fo=0)                   0.000     0.000    clk
    K17                  IBUF (Prop_ibuf_I_O)         0.378     0.378 r  clk_IBUF_inst/O
                         net (fo=1, routed)           0.907     1.285    clk_IBUF
    BUFGCTRL_X0Y16       BUFG (Prop_bufg_I_O)         0.029     1.314 r  clk_IBUF_BUFG_inst/O
                         net (fo=28, routed)          0.907     2.221    u_cnt/clk
    SLICE_X113Y92        FDPE                                         r  u_cnt/o_cnt_reg[12]/C
                         clock pessimism             -0.513     1.707    
    SLICE_X113Y92        FDPE (Remov_fdpe_C_PRE)     -0.095     1.612    u_cnt/o_cnt_reg[12]
  -------------------------------------------------------------------
                         required time                         -1.612    
                         arrival time                           2.343    
  -------------------------------------------------------------------
                         slack                                  0.731    

Slack (MET) :             0.731ns  (arrival time - required time)
  Source:                 rst_n_d2_reg/C
                            (rising edge-triggered cell FDRE clocked by clk  {rise@0.000ns fall@10.000ns period=20.000ns})
  Destination:            u_cnt/o_cnt_reg[13]/PRE
                            (removal check against rising-edge clock clk  {rise@0.000ns fall@10.000ns period=20.000ns})
  Path Group:             **async_default**
  Path Type:              Removal (Min at Fast Process Corner)
  Requirement:            0.000ns  (clk rise@0.000ns - clk rise@0.000ns)
  Data Path Delay:        0.652ns  (logic 0.209ns (32.059%)  route 0.443ns (67.941%))
  Logic Levels:           1  (LUT1=1)
  Clock Path Skew:        0.016ns (DCD - SCD - CPR)
    Destination Clock Delay (DCD):    2.221ns
    Source Clock Delay      (SCD):    1.691ns
    Clock Pessimism Removal (CPR):    0.513ns

    Location             Delay type                Incr(ns)  Path(ns)    Netlist Resource(s)
  -------------------------------------------------------------------    -------------------
                         (clock clk rise edge)        0.000     0.000 r  
    K17                                               0.000     0.000 r  clk (IN)
                         net (fo=0)                   0.000     0.000    clk
    K17                  IBUF (Prop_ibuf_I_O)         0.189     0.189 r  clk_IBUF_inst/O
                         net (fo=1, routed)           0.842     1.030    clk_IBUF
    BUFGCTRL_X0Y16       BUFG (Prop_bufg_I_O)         0.026     1.056 r  clk_IBUF_BUFG_inst/O
                         net (fo=28, routed)          0.635     1.691    clk_IBUF_BUFG
    SLICE_X112Y91        FDRE                                         r  rst_n_d2_reg/C
  -------------------------------------------------------------------    -------------------
    SLICE_X112Y91        FDRE (Prop_fdre_C_Q)         0.164     1.855 r  rst_n_d2_reg/Q
                         net (fo=1, routed)           0.222     2.078    u_cnt/rst_n_d2
    SLICE_X112Y91        LUT1 (Prop_lut1_I0_O)        0.045     2.123 f  u_cnt/o_cnt[0]_i_2/O
                         net (fo=26, routed)          0.220     2.343    u_cnt/o_cnt[0]_i_2_n_0
    SLICE_X113Y92        FDPE                                         f  u_cnt/o_cnt_reg[13]/PRE
  -------------------------------------------------------------------    -------------------

                         (clock clk rise edge)        0.000     0.000 r  
    K17                                               0.000     0.000 r  clk (IN)
                         net (fo=0)                   0.000     0.000    clk
    K17                  IBUF (Prop_ibuf_I_O)         0.378     0.378 r  clk_IBUF_inst/O
                         net (fo=1, routed)           0.907     1.285    clk_IBUF
    BUFGCTRL_X0Y16       BUFG (Prop_bufg_I_O)         0.029     1.314 r  clk_IBUF_BUFG_inst/O
                         net (fo=28, routed)          0.907     2.221    u_cnt/clk
    SLICE_X113Y92        FDPE                                         r  u_cnt/o_cnt_reg[13]/C
                         clock pessimism             -0.513     1.707    
    SLICE_X113Y92        FDPE (Remov_fdpe_C_PRE)     -0.095     1.612    u_cnt/o_cnt_reg[13]
  -------------------------------------------------------------------
                         required time                         -1.612    
                         arrival time                           2.343    
  -------------------------------------------------------------------
                         slack                                  0.731    

Slack (MET) :             0.731ns  (arrival time - required time)
  Source:                 rst_n_d2_reg/C
                            (rising edge-triggered cell FDRE clocked by clk  {rise@0.000ns fall@10.000ns period=20.000ns})
  Destination:            u_cnt/o_cnt_reg[14]/PRE
                            (removal check against rising-edge clock clk  {rise@0.000ns fall@10.000ns period=20.000ns})
  Path Group:             **async_default**
  Path Type:              Removal (Min at Fast Process Corner)
  Requirement:            0.000ns  (clk rise@0.000ns - clk rise@0.000ns)
  Data Path Delay:        0.652ns  (logic 0.209ns (32.059%)  route 0.443ns (67.941%))
  Logic Levels:           1  (LUT1=1)
  Clock Path Skew:        0.016ns (DCD - SCD - CPR)
    Destination Clock Delay (DCD):    2.221ns
    Source Clock Delay      (SCD):    1.691ns
    Clock Pessimism Removal (CPR):    0.513ns

    Location             Delay type                Incr(ns)  Path(ns)    Netlist Resource(s)
  -------------------------------------------------------------------    -------------------
                         (clock clk rise edge)        0.000     0.000 r  
    K17                                               0.000     0.000 r  clk (IN)
                         net (fo=0)                   0.000     0.000    clk
    K17                  IBUF (Prop_ibuf_I_O)         0.189     0.189 r  clk_IBUF_inst/O
                         net (fo=1, routed)           0.842     1.030    clk_IBUF
    BUFGCTRL_X0Y16       BUFG (Prop_bufg_I_O)         0.026     1.056 r  clk_IBUF_BUFG_inst/O
                         net (fo=28, routed)          0.635     1.691    clk_IBUF_BUFG
    SLICE_X112Y91        FDRE                                         r  rst_n_d2_reg/C
  -------------------------------------------------------------------    -------------------
    SLICE_X112Y91        FDRE (Prop_fdre_C_Q)         0.164     1.855 r  rst_n_d2_reg/Q
                         net (fo=1, routed)           0.222     2.078    u_cnt/rst_n_d2
    SLICE_X112Y91        LUT1 (Prop_lut1_I0_O)        0.045     2.123 f  u_cnt/o_cnt[0]_i_2/O
                         net (fo=26, routed)          0.220     2.343    u_cnt/o_cnt[0]_i_2_n_0
    SLICE_X113Y92        FDPE                                         f  u_cnt/o_cnt_reg[14]/PRE
  -------------------------------------------------------------------    -------------------

                         (clock clk rise edge)        0.000     0.000 r  
    K17                                               0.000     0.000 r  clk (IN)
                         net (fo=0)                   0.000     0.000    clk
    K17                  IBUF (Prop_ibuf_I_O)         0.378     0.378 r  clk_IBUF_inst/O
                         net (fo=1, routed)           0.907     1.285    clk_IBUF
    BUFGCTRL_X0Y16       BUFG (Prop_bufg_I_O)         0.029     1.314 r  clk_IBUF_BUFG_inst/O
                         net (fo=28, routed)          0.907     2.221    u_cnt/clk
    SLICE_X113Y92        FDPE                                         r  u_cnt/o_cnt_reg[14]/C
                         clock pessimism             -0.513     1.707    
    SLICE_X113Y92        FDPE (Remov_fdpe_C_PRE)     -0.095     1.612    u_cnt/o_cnt_reg[14]
  -------------------------------------------------------------------
                         required time                         -1.612    
                         arrival time                           2.343    
  -------------------------------------------------------------------
                         slack                                  0.731    

Slack (MET) :             0.731ns  (arrival time - required time)
  Source:                 rst_n_d2_reg/C
                            (rising edge-triggered cell FDRE clocked by clk  {rise@0.000ns fall@10.000ns period=20.000ns})
  Destination:            u_cnt/o_cnt_reg[15]/PRE
                            (removal check against rising-edge clock clk  {rise@0.000ns fall@10.000ns period=20.000ns})
  Path Group:             **async_default**
  Path Type:              Removal (Min at Fast Process Corner)
  Requirement:            0.000ns  (clk rise@0.000ns - clk rise@0.000ns)
  Data Path Delay:        0.652ns  (logic 0.209ns (32.059%)  route 0.443ns (67.941%))
  Logic Levels:           1  (LUT1=1)
  Clock Path Skew:        0.016ns (DCD - SCD - CPR)
    Destination Clock Delay (DCD):    2.221ns
    Source Clock Delay      (SCD):    1.691ns
    Clock Pessimism Removal (CPR):    0.513ns

    Location             Delay type                Incr(ns)  Path(ns)    Netlist Resource(s)
  -------------------------------------------------------------------    -------------------
                         (clock clk rise edge)        0.000     0.000 r  
    K17                                               0.000     0.000 r  clk (IN)
                         net (fo=0)                   0.000     0.000    clk
    K17                  IBUF (Prop_ibuf_I_O)         0.189     0.189 r  clk_IBUF_inst/O
                         net (fo=1, routed)           0.842     1.030    clk_IBUF
    BUFGCTRL_X0Y16       BUFG (Prop_bufg_I_O)         0.026     1.056 r  clk_IBUF_BUFG_inst/O
                         net (fo=28, routed)          0.635     1.691    clk_IBUF_BUFG
    SLICE_X112Y91        FDRE                                         r  rst_n_d2_reg/C
  -------------------------------------------------------------------    -------------------
    SLICE_X112Y91        FDRE (Prop_fdre_C_Q)         0.164     1.855 r  rst_n_d2_reg/Q
                         net (fo=1, routed)           0.222     2.078    u_cnt/rst_n_d2
    SLICE_X112Y91        LUT1 (Prop_lut1_I0_O)        0.045     2.123 f  u_cnt/o_cnt[0]_i_2/O
                         net (fo=26, routed)          0.220     2.343    u_cnt/o_cnt[0]_i_2_n_0
    SLICE_X113Y92        FDPE                                         f  u_cnt/o_cnt_reg[15]/PRE
  -------------------------------------------------------------------    -------------------

                         (clock clk rise edge)        0.000     0.000 r  
    K17                                               0.000     0.000 r  clk (IN)
                         net (fo=0)                   0.000     0.000    clk
    K17                  IBUF (Prop_ibuf_I_O)         0.378     0.378 r  clk_IBUF_inst/O
                         net (fo=1, routed)           0.907     1.285    clk_IBUF
    BUFGCTRL_X0Y16       BUFG (Prop_bufg_I_O)         0.029     1.314 r  clk_IBUF_BUFG_inst/O
                         net (fo=28, routed)          0.907     2.221    u_cnt/clk
    SLICE_X113Y92        FDPE                                         r  u_cnt/o_cnt_reg[15]/C
                         clock pessimism             -0.513     1.707    
    SLICE_X113Y92        FDPE (Remov_fdpe_C_PRE)     -0.095     1.612    u_cnt/o_cnt_reg[15]
  -------------------------------------------------------------------
                         required time                         -1.612    
                         arrival time                           2.343    
  -------------------------------------------------------------------
                         slack                                  0.731    

Slack (MET) :             0.788ns  (arrival time - required time)
  Source:                 rst_n_d2_reg/C
                            (rising edge-triggered cell FDRE clocked by clk  {rise@0.000ns fall@10.000ns period=20.000ns})
  Destination:            u_cnt/o_cnt_reg[4]/PRE
                            (removal check against rising-edge clock clk  {rise@0.000ns fall@10.000ns period=20.000ns})
  Path Group:             **async_default**
  Path Type:              Removal (Min at Fast Process Corner)
  Requirement:            0.000ns  (clk rise@0.000ns - clk rise@0.000ns)
  Data Path Delay:        0.709ns  (logic 0.209ns (29.469%)  route 0.500ns (70.531%))
  Logic Levels:           1  (LUT1=1)
  Clock Path Skew:        0.016ns (DCD - SCD - CPR)
    Destination Clock Delay (DCD):    2.221ns
    Source Clock Delay      (SCD):    1.691ns
    Clock Pessimism Removal (CPR):    0.513ns

    Location             Delay type                Incr(ns)  Path(ns)    Netlist Resource(s)
  -------------------------------------------------------------------    -------------------
                         (clock clk rise edge)        0.000     0.000 r  
    K17                                               0.000     0.000 r  clk (IN)
                         net (fo=0)                   0.000     0.000    clk
    K17                  IBUF (Prop_ibuf_I_O)         0.189     0.189 r  clk_IBUF_inst/O
                         net (fo=1, routed)           0.842     1.030    clk_IBUF
    BUFGCTRL_X0Y16       BUFG (Prop_bufg_I_O)         0.026     1.056 r  clk_IBUF_BUFG_inst/O
                         net (fo=28, routed)          0.635     1.691    clk_IBUF_BUFG
    SLICE_X112Y91        FDRE                                         r  rst_n_d2_reg/C
  -------------------------------------------------------------------    -------------------
    SLICE_X112Y91        FDRE (Prop_fdre_C_Q)         0.164     1.855 r  rst_n_d2_reg/Q
                         net (fo=1, routed)           0.222     2.078    u_cnt/rst_n_d2
    SLICE_X112Y91        LUT1 (Prop_lut1_I0_O)        0.045     2.123 f  u_cnt/o_cnt[0]_i_2/O
                         net (fo=26, routed)          0.278     2.400    u_cnt/o_cnt[0]_i_2_n_0
    SLICE_X113Y90        FDPE                                         f  u_cnt/o_cnt_reg[4]/PRE
  -------------------------------------------------------------------    -------------------

                         (clock clk rise edge)        0.000     0.000 r  
    K17                                               0.000     0.000 r  clk (IN)
                         net (fo=0)                   0.000     0.000    clk
    K17                  IBUF (Prop_ibuf_I_O)         0.378     0.378 r  clk_IBUF_inst/O
                         net (fo=1, routed)           0.907     1.285    clk_IBUF
    BUFGCTRL_X0Y16       BUFG (Prop_bufg_I_O)         0.029     1.314 r  clk_IBUF_BUFG_inst/O
                         net (fo=28, routed)          0.907     2.221    u_cnt/clk
    SLICE_X113Y90        FDPE                                         r  u_cnt/o_cnt_reg[4]/C
                         clock pessimism             -0.513     1.707    
    SLICE_X113Y90        FDPE (Remov_fdpe_C_PRE)     -0.095     1.612    u_cnt/o_cnt_reg[4]
  -------------------------------------------------------------------
                         required time                         -1.612    
                         arrival time                           2.400    
  -------------------------------------------------------------------
                         slack                                  0.788    

Slack (MET) :             0.788ns  (arrival time - required time)
  Source:                 rst_n_d2_reg/C
                            (rising edge-triggered cell FDRE clocked by clk  {rise@0.000ns fall@10.000ns period=20.000ns})
  Destination:            u_cnt/o_cnt_reg[5]/PRE
                            (removal check against rising-edge clock clk  {rise@0.000ns fall@10.000ns period=20.000ns})
  Path Group:             **async_default**
  Path Type:              Removal (Min at Fast Process Corner)
  Requirement:            0.000ns  (clk rise@0.000ns - clk rise@0.000ns)
  Data Path Delay:        0.709ns  (logic 0.209ns (29.469%)  route 0.500ns (70.531%))
  Logic Levels:           1  (LUT1=1)
  Clock Path Skew:        0.016ns (DCD - SCD - CPR)
    Destination Clock Delay (DCD):    2.221ns
    Source Clock Delay      (SCD):    1.691ns
    Clock Pessimism Removal (CPR):    0.513ns

    Location             Delay type                Incr(ns)  Path(ns)    Netlist Resource(s)
  -------------------------------------------------------------------    -------------------
                         (clock clk rise edge)        0.000     0.000 r  
    K17                                               0.000     0.000 r  clk (IN)
                         net (fo=0)                   0.000     0.000    clk
    K17                  IBUF (Prop_ibuf_I_O)         0.189     0.189 r  clk_IBUF_inst/O
                         net (fo=1, routed)           0.842     1.030    clk_IBUF
    BUFGCTRL_X0Y16       BUFG (Prop_bufg_I_O)         0.026     1.056 r  clk_IBUF_BUFG_inst/O
                         net (fo=28, routed)          0.635     1.691    clk_IBUF_BUFG
    SLICE_X112Y91        FDRE                                         r  rst_n_d2_reg/C
  -------------------------------------------------------------------    -------------------
    SLICE_X112Y91        FDRE (Prop_fdre_C_Q)         0.164     1.855 r  rst_n_d2_reg/Q
                         net (fo=1, routed)           0.222     2.078    u_cnt/rst_n_d2
    SLICE_X112Y91        LUT1 (Prop_lut1_I0_O)        0.045     2.123 f  u_cnt/o_cnt[0]_i_2/O
                         net (fo=26, routed)          0.278     2.400    u_cnt/o_cnt[0]_i_2_n_0
    SLICE_X113Y90        FDPE                                         f  u_cnt/o_cnt_reg[5]/PRE
  -------------------------------------------------------------------    -------------------

                         (clock clk rise edge)        0.000     0.000 r  
    K17                                               0.000     0.000 r  clk (IN)
                         net (fo=0)                   0.000     0.000    clk
    K17                  IBUF (Prop_ibuf_I_O)         0.378     0.378 r  clk_IBUF_inst/O
                         net (fo=1, routed)           0.907     1.285    clk_IBUF
    BUFGCTRL_X0Y16       BUFG (Prop_bufg_I_O)         0.029     1.314 r  clk_IBUF_BUFG_inst/O
                         net (fo=28, routed)          0.907     2.221    u_cnt/clk
    SLICE_X113Y90        FDPE                                         r  u_cnt/o_cnt_reg[5]/C
                         clock pessimism             -0.513     1.707    
    SLICE_X113Y90        FDPE (Remov_fdpe_C_PRE)     -0.095     1.612    u_cnt/o_cnt_reg[5]
  -------------------------------------------------------------------
                         required time                         -1.612    
                         arrival time                           2.400    
  -------------------------------------------------------------------
                         slack                                  0.788    





--------------------------------------------------------------------------------------
Path Group:  (none)
From Clock:  clk
  To Clock:  

Max Delay             4 Endpoints
Min Delay             4 Endpoints
--------------------------------------------------------------------------------------


Max Delay Paths
--------------------------------------------------------------------------------------
Slack:                    inf
  Source:                 u_cnt/o_cnt_reg[22]/C
                            (rising edge-triggered cell FDPE clocked by clk  {rise@0.000ns fall@10.000ns period=20.000ns})
  Destination:            led[0]
                            (output port)
  Path Group:             (none)
  Path Type:              Max at Slow Process Corner
  Data Path Delay:        4.344ns  (logic 2.805ns (64.560%)  route 1.540ns (35.440%))
  Logic Levels:           1  (OBUF=1)
  Clock Uncertainty:      0.025ns  ((TSJ^2 + TIJ^2)^1/2 + DJ) / 2 + PE
    Total System Jitter     (TSJ):    0.050ns
    Total Input Jitter      (TIJ):    0.000ns
    Discrete Jitter          (DJ):    0.000ns
    Phase Error              (PE):    0.000ns
  Timing Exception:       False Path

    Location             Delay type                Incr(ns)  Path(ns)    Netlist Resource(s)
  -------------------------------------------------------------------    -------------------
                         (clock clk rise edge)        0.000     0.000 r  
    K17                                               0.000     0.000 r  clk (IN)
                         net (fo=0)                   0.000     0.000    clk
    K17                  IBUF (Prop_ibuf_I_O)         0.892     0.892 r  clk_IBUF_inst/O
                         net (fo=1, routed)           2.160     3.052    clk_IBUF
    BUFGCTRL_X0Y16       BUFG (Prop_bufg_I_O)         0.085     3.137 r  clk_IBUF_BUFG_inst/O
                         net (fo=28, routed)          1.576     4.713    u_cnt/clk
    SLICE_X113Y94        FDPE                                         r  u_cnt/o_cnt_reg[22]/C
  -------------------------------------------------------------------    -------------------
    SLICE_X113Y94        FDPE (Prop_fdpe_C_Q)         0.379     5.092 r  u_cnt/o_cnt_reg[22]/Q
                         net (fo=2, routed)           1.540     6.631    led_OBUF[0]
    W13                  OBUF (Prop_obuf_I_O)         2.426     9.057 r  led_OBUF[0]_inst/O
                         net (fo=0)                   0.000     9.057    led[0]
    W13                                                               r  led[0] (OUT)
  -------------------------------------------------------------------    -------------------

Slack:                    inf
  Source:                 u_cnt/o_cnt_reg[23]/C
                            (rising edge-triggered cell FDPE clocked by clk  {rise@0.000ns fall@10.000ns period=20.000ns})
  Destination:            led[1]
                            (output port)
  Path Group:             (none)
  Path Type:              Max at Slow Process Corner
  Data Path Delay:        4.313ns  (logic 2.820ns (65.384%)  route 1.493ns (34.616%))
  Logic Levels:           1  (OBUF=1)
  Clock Uncertainty:      0.025ns  ((TSJ^2 + TIJ^2)^1/2 + DJ) / 2 + PE
    Total System Jitter     (TSJ):    0.050ns
    Total Input Jitter      (TIJ):    0.000ns
    Discrete Jitter          (DJ):    0.000ns
    Phase Error              (PE):    0.000ns
  Timing Exception:       False Path

    Location             Delay type                Incr(ns)  Path(ns)    Netlist Resource(s)
  -------------------------------------------------------------------    -------------------
                         (clock clk rise edge)        0.000     0.000 r  
    K17                                               0.000     0.000 r  clk (IN)
                         net (fo=0)                   0.000     0.000    clk
    K17                  IBUF (Prop_ibuf_I_O)         0.892     0.892 r  clk_IBUF_inst/O
                         net (fo=1, routed)           2.160     3.052    clk_IBUF
    BUFGCTRL_X0Y16       BUFG (Prop_bufg_I_O)         0.085     3.137 r  clk_IBUF_BUFG_inst/O
                         net (fo=28, routed)          1.576     4.713    u_cnt/clk
    SLICE_X113Y94        FDPE                                         r  u_cnt/o_cnt_reg[23]/C
  -------------------------------------------------------------------    -------------------
    SLICE_X113Y94        FDPE (Prop_fdpe_C_Q)         0.379     5.092 r  u_cnt/o_cnt_reg[23]/Q
                         net (fo=2, routed)           1.493     6.585    led_OBUF[1]
    V12                  OBUF (Prop_obuf_I_O)         2.441     9.025 r  led_OBUF[1]_inst/O
                         net (fo=0)                   0.000     9.025    led[1]
    V12                                                               r  led[1] (OUT)
  -------------------------------------------------------------------    -------------------

Slack:                    inf
  Source:                 u_cnt/o_cnt_reg[24]/C
                            (rising edge-triggered cell FDPE clocked by clk  {rise@0.000ns fall@10.000ns period=20.000ns})
  Destination:            led[2]
                            (output port)
  Path Group:             (none)
  Path Type:              Max at Slow Process Corner
  Data Path Delay:        4.226ns  (logic 2.844ns (67.303%)  route 1.382ns (32.697%))
  Logic Levels:           1  (OBUF=1)
  Clock Uncertainty:      0.025ns  ((TSJ^2 + TIJ^2)^1/2 + DJ) / 2 + PE
    Total System Jitter     (TSJ):    0.050ns
    Total Input Jitter      (TIJ):    0.000ns
    Discrete Jitter          (DJ):    0.000ns
    Phase Error              (PE):    0.000ns
  Timing Exception:       False Path

    Location             Delay type                Incr(ns)  Path(ns)    Netlist Resource(s)
  -------------------------------------------------------------------    -------------------
                         (clock clk rise edge)        0.000     0.000 r  
    K17                                               0.000     0.000 r  clk (IN)
                         net (fo=0)                   0.000     0.000    clk
    K17                  IBUF (Prop_ibuf_I_O)         0.892     0.892 r  clk_IBUF_inst/O
                         net (fo=1, routed)           2.160     3.052    clk_IBUF
    BUFGCTRL_X0Y16       BUFG (Prop_bufg_I_O)         0.085     3.137 r  clk_IBUF_BUFG_inst/O
                         net (fo=28, routed)          1.576     4.713    u_cnt/clk
    SLICE_X113Y95        FDPE                                         r  u_cnt/o_cnt_reg[24]/C
  -------------------------------------------------------------------    -------------------
    SLICE_X113Y95        FDPE (Prop_fdpe_C_Q)         0.379     5.092 r  u_cnt/o_cnt_reg[24]/Q
                         net (fo=2, routed)           1.382     6.474    led_OBUF[2]
    U12                  OBUF (Prop_obuf_I_O)         2.465     8.939 r  led_OBUF[2]_inst/O
                         net (fo=0)                   0.000     8.939    led[2]
    U12                                                               r  led[2] (OUT)
  -------------------------------------------------------------------    -------------------

Slack:                    inf
  Source:                 u_cnt/o_cnt_reg[25]/C
                            (rising edge-triggered cell FDPE clocked by clk  {rise@0.000ns fall@10.000ns period=20.000ns})
  Destination:            led[3]
                            (output port)
  Path Group:             (none)
  Path Type:              Max at Slow Process Corner
  Data Path Delay:        4.214ns  (logic 2.838ns (67.334%)  route 1.377ns (32.666%))
  Logic Levels:           1  (OBUF=1)
  Clock Uncertainty:      0.025ns  ((TSJ^2 + TIJ^2)^1/2 + DJ) / 2 + PE
    Total System Jitter     (TSJ):    0.050ns
    Total Input Jitter      (TIJ):    0.000ns
    Discrete Jitter          (DJ):    0.000ns
    Phase Error              (PE):    0.000ns
  Timing Exception:       False Path

    Location             Delay type                Incr(ns)  Path(ns)    Netlist Resource(s)
  -------------------------------------------------------------------    -------------------
                         (clock clk rise edge)        0.000     0.000 r  
    K17                                               0.000     0.000 r  clk (IN)
                         net (fo=0)                   0.000     0.000    clk
    K17                  IBUF (Prop_ibuf_I_O)         0.892     0.892 r  clk_IBUF_inst/O
                         net (fo=1, routed)           2.160     3.052    clk_IBUF
    BUFGCTRL_X0Y16       BUFG (Prop_bufg_I_O)         0.085     3.137 r  clk_IBUF_BUFG_inst/O
                         net (fo=28, routed)          1.576     4.713    u_cnt/clk
    SLICE_X113Y95        FDPE                                         r  u_cnt/o_cnt_reg[25]/C
  -------------------------------------------------------------------    -------------------
    SLICE_X113Y95        FDPE (Prop_fdpe_C_Q)         0.379     5.092 r  u_cnt/o_cnt_reg[25]/Q
                         net (fo=2, routed)           1.377     6.468    led_OBUF[3]
    T12                  OBUF (Prop_obuf_I_O)         2.459     8.927 r  led_OBUF[3]_inst/O
                         net (fo=0)                   0.000     8.927    led[3]
    T12                                                               r  led[3] (OUT)
  -------------------------------------------------------------------    -------------------





Min Delay Paths
--------------------------------------------------------------------------------------
Slack:                    inf
  Source:                 u_cnt/o_cnt_reg[25]/C
                            (rising edge-triggered cell FDPE clocked by clk  {rise@0.000ns fall@10.000ns period=20.000ns})
  Destination:            led[3]
                            (output port)
  Path Group:             (none)
  Path Type:              Min at Fast Process Corner
  Data Path Delay:        1.709ns  (logic 1.369ns (80.123%)  route 0.340ns (19.877%))
  Logic Levels:           1  (OBUF=1)
  Clock Uncertainty:      0.025ns  ((TSJ^2 + TIJ^2)^1/2 + DJ) / 2 + PE
    Total System Jitter     (TSJ):    0.050ns
    Total Input Jitter      (TIJ):    0.000ns
    Discrete Jitter          (DJ):    0.000ns
    Phase Error              (PE):    0.000ns
  Timing Exception:       False Path

    Location             Delay type                Incr(ns)  Path(ns)    Netlist Resource(s)
  -------------------------------------------------------------------    -------------------
                         (clock clk rise edge)        0.000     0.000 r  
    K17                                               0.000     0.000 r  clk (IN)
                         net (fo=0)                   0.000     0.000    clk
    K17                  IBUF (Prop_ibuf_I_O)         0.189     0.189 r  clk_IBUF_inst/O
                         net (fo=1, routed)           0.842     1.030    clk_IBUF
    BUFGCTRL_X0Y16       BUFG (Prop_bufg_I_O)         0.026     1.056 r  clk_IBUF_BUFG_inst/O
                         net (fo=28, routed)          0.636     1.692    u_cnt/clk
    SLICE_X113Y95        FDPE                                         r  u_cnt/o_cnt_reg[25]/C
  -------------------------------------------------------------------    -------------------
    SLICE_X113Y95        FDPE (Prop_fdpe_C_Q)         0.141     1.833 r  u_cnt/o_cnt_reg[25]/Q
                         net (fo=2, routed)           0.340     2.173    led_OBUF[3]
    T12                  OBUF (Prop_obuf_I_O)         1.228     3.401 r  led_OBUF[3]_inst/O
                         net (fo=0)                   0.000     3.401    led[3]
    T12                                                               r  led[3] (OUT)
  -------------------------------------------------------------------    -------------------

Slack:                    inf
  Source:                 u_cnt/o_cnt_reg[24]/C
                            (rising edge-triggered cell FDPE clocked by clk  {rise@0.000ns fall@10.000ns period=20.000ns})
  Destination:            led[2]
                            (output port)
  Path Group:             (none)
  Path Type:              Min at Fast Process Corner
  Data Path Delay:        1.710ns  (logic 1.375ns (80.427%)  route 0.335ns (19.573%))
  Logic Levels:           1  (OBUF=1)
  Clock Uncertainty:      0.025ns  ((TSJ^2 + TIJ^2)^1/2 + DJ) / 2 + PE
    Total System Jitter     (TSJ):    0.050ns
    Total Input Jitter      (TIJ):    0.000ns
    Discrete Jitter          (DJ):    0.000ns
    Phase Error              (PE):    0.000ns
  Timing Exception:       False Path

    Location             Delay type                Incr(ns)  Path(ns)    Netlist Resource(s)
  -------------------------------------------------------------------    -------------------
                         (clock clk rise edge)        0.000     0.000 r  
    K17                                               0.000     0.000 r  clk (IN)
                         net (fo=0)                   0.000     0.000    clk
    K17                  IBUF (Prop_ibuf_I_O)         0.189     0.189 r  clk_IBUF_inst/O
                         net (fo=1, routed)           0.842     1.030    clk_IBUF
    BUFGCTRL_X0Y16       BUFG (Prop_bufg_I_O)         0.026     1.056 r  clk_IBUF_BUFG_inst/O
                         net (fo=28, routed)          0.636     1.692    u_cnt/clk
    SLICE_X113Y95        FDPE                                         r  u_cnt/o_cnt_reg[24]/C
  -------------------------------------------------------------------    -------------------
    SLICE_X113Y95        FDPE (Prop_fdpe_C_Q)         0.141     1.833 r  u_cnt/o_cnt_reg[24]/Q
                         net (fo=2, routed)           0.335     2.168    led_OBUF[2]
    U12                  OBUF (Prop_obuf_I_O)         1.234     3.402 r  led_OBUF[2]_inst/O
                         net (fo=0)                   0.000     3.402    led[2]
    U12                                                               r  led[2] (OUT)
  -------------------------------------------------------------------    -------------------

Slack:                    inf
  Source:                 u_cnt/o_cnt_reg[22]/C
                            (rising edge-triggered cell FDPE clocked by clk  {rise@0.000ns fall@10.000ns period=20.000ns})
  Destination:            led[0]
                            (output port)
  Path Group:             (none)
  Path Type:              Min at Fast Process Corner
  Data Path Delay:        1.749ns  (logic 1.337ns (76.408%)  route 0.413ns (23.592%))
  Logic Levels:           1  (OBUF=1)
  Clock Uncertainty:      0.025ns  ((TSJ^2 + TIJ^2)^1/2 + DJ) / 2 + PE
    Total System Jitter     (TSJ):    0.050ns
    Total Input Jitter      (TIJ):    0.000ns
    Discrete Jitter          (DJ):    0.000ns
    Phase Error              (PE):    0.000ns
  Timing Exception:       False Path

    Location             Delay type                Incr(ns)  Path(ns)    Netlist Resource(s)
  -------------------------------------------------------------------    -------------------
                         (clock clk rise edge)        0.000     0.000 r  
    K17                                               0.000     0.000 r  clk (IN)
                         net (fo=0)                   0.000     0.000    clk
    K17                  IBUF (Prop_ibuf_I_O)         0.189     0.189 r  clk_IBUF_inst/O
                         net (fo=1, routed)           0.842     1.030    clk_IBUF
    BUFGCTRL_X0Y16       BUFG (Prop_bufg_I_O)         0.026     1.056 r  clk_IBUF_BUFG_inst/O
                         net (fo=28, routed)          0.636     1.692    u_cnt/clk
    SLICE_X113Y94        FDPE                                         r  u_cnt/o_cnt_reg[22]/C
  -------------------------------------------------------------------    -------------------
    SLICE_X113Y94        FDPE (Prop_fdpe_C_Q)         0.141     1.833 r  u_cnt/o_cnt_reg[22]/Q
                         net (fo=2, routed)           0.413     2.246    led_OBUF[0]
    W13                  OBUF (Prop_obuf_I_O)         1.196     3.441 r  led_OBUF[0]_inst/O
                         net (fo=0)                   0.000     3.441    led[0]
    W13                                                               r  led[0] (OUT)
  -------------------------------------------------------------------    -------------------

Slack:                    inf
  Source:                 u_cnt/o_cnt_reg[23]/C
                            (rising edge-triggered cell FDPE clocked by clk  {rise@0.000ns fall@10.000ns period=20.000ns})
  Destination:            led[1]
                            (output port)
  Path Group:             (none)
  Path Type:              Min at Fast Process Corner
  Data Path Delay:        1.749ns  (logic 1.351ns (77.255%)  route 0.398ns (22.745%))
  Logic Levels:           1  (OBUF=1)
  Clock Uncertainty:      0.025ns  ((TSJ^2 + TIJ^2)^1/2 + DJ) / 2 + PE
    Total System Jitter     (TSJ):    0.050ns
    Total Input Jitter      (TIJ):    0.000ns
    Discrete Jitter          (DJ):    0.000ns
    Phase Error              (PE):    0.000ns
  Timing Exception:       False Path

    Location             Delay type                Incr(ns)  Path(ns)    Netlist Resource(s)
  -------------------------------------------------------------------    -------------------
                         (clock clk rise edge)        0.000     0.000 r  
    K17                                               0.000     0.000 r  clk (IN)
                         net (fo=0)                   0.000     0.000    clk
    K17                  IBUF (Prop_ibuf_I_O)         0.189     0.189 r  clk_IBUF_inst/O
                         net (fo=1, routed)           0.842     1.030    clk_IBUF
    BUFGCTRL_X0Y16       BUFG (Prop_bufg_I_O)         0.026     1.056 r  clk_IBUF_BUFG_inst/O
                         net (fo=28, routed)          0.636     1.692    u_cnt/clk
    SLICE_X113Y94        FDPE                                         r  u_cnt/o_cnt_reg[23]/C
  -------------------------------------------------------------------    -------------------
    SLICE_X113Y94        FDPE (Prop_fdpe_C_Q)         0.141     1.833 r  u_cnt/o_cnt_reg[23]/Q
                         net (fo=2, routed)           0.398     2.231    led_OBUF[1]
    V12                  OBUF (Prop_obuf_I_O)         1.210     3.441 r  led_OBUF[1]_inst/O
                         net (fo=0)                   0.000     3.441    led[1]
    V12                                                               r  led[1] (OUT)
  -------------------------------------------------------------------    -------------------





--------------------------------------------------------------------------------------
Path Group:  (none)
From Clock:  
  To Clock:  clk

Max Delay             1 Endpoint
Min Delay             1 Endpoint
--------------------------------------------------------------------------------------


Max Delay Paths
--------------------------------------------------------------------------------------
Slack:                    inf
  Source:                 rst_n
                            (input port)
  Destination:            rst_n_d1_reg/D
                            (rising edge-triggered cell FDRE clocked by clk  {rise@0.000ns fall@10.000ns period=20.000ns})
  Path Group:             (none)
  Path Type:              Setup (Max at Slow Process Corner)
  Data Path Delay:        2.909ns  (logic 0.959ns (32.970%)  route 1.950ns (67.030%))
  Logic Levels:           1  (IBUF=1)
  Clock Path Skew:        4.213ns (DCD - SCD + CPR)
    Destination Clock Delay (DCD):    4.213ns
    Source Clock Delay      (SCD):    0.000ns
    Clock Pessimism Removal (CPR):    0.000ns
  Clock Uncertainty:      0.025ns  ((TSJ^2 + TIJ^2)^1/2 + DJ) / 2 + PE
    Total System Jitter     (TSJ):    0.050ns
    Total Input Jitter      (TIJ):    0.000ns
    Discrete Jitter          (DJ):    0.000ns
    Phase Error              (PE):    0.000ns
  Timing Exception:       False Path

    Location             Delay type                Incr(ns)  Path(ns)    Netlist Resource(s)
  -------------------------------------------------------------------    -------------------
    M20                                               0.000     0.000 r  rst_n (IN)
                         net (fo=0)                   0.000     0.000    rst_n
    M20                  IBUF (Prop_ibuf_I_O)         0.959     0.959 r  rst_n_IBUF_inst/O
                         net (fo=1, routed)           1.950     2.909    rst_n_IBUF
    SLICE_X112Y91        FDRE                                         r  rst_n_d1_reg/D
  -------------------------------------------------------------------    -------------------

                         (clock clk rise edge)        0.000     0.000 r  
    K17                                               0.000     0.000 r  clk (IN)
                         net (fo=0)                   0.000     0.000    clk
    K17                  IBUF (Prop_ibuf_I_O)         0.761     0.761 r  clk_IBUF_inst/O
                         net (fo=1, routed)           1.961     2.722    clk_IBUF
    BUFGCTRL_X0Y16       BUFG (Prop_bufg_I_O)         0.077     2.799 r  clk_IBUF_BUFG_inst/O
                         net (fo=28, routed)          1.414     4.213    clk_IBUF_BUFG
    SLICE_X112Y91        FDRE                                         r  rst_n_d1_reg/C





Min Delay Paths
--------------------------------------------------------------------------------------
Slack:                    inf
  Source:                 rst_n
                            (input port)
  Destination:            rst_n_d1_reg/D
                            (rising edge-triggered cell FDRE clocked by clk  {rise@0.000ns fall@10.000ns period=20.000ns})
  Path Group:             (none)
  Path Type:              Hold (Min at Fast Process Corner)
  Data Path Delay:        1.225ns  (logic 0.255ns (20.861%)  route 0.969ns (79.139%))
  Logic Levels:           1  (IBUF=1)
  Clock Path Skew:        2.221ns (DCD - SCD - CPR)
    Destination Clock Delay (DCD):    2.221ns
    Source Clock Delay      (SCD):    0.000ns
    Clock Pessimism Removal (CPR):    -0.000ns
  Timing Exception:       False Path

    Location             Delay type                Incr(ns)  Path(ns)    Netlist Resource(s)
  -------------------------------------------------------------------    -------------------
    M20                                               0.000     0.000 r  rst_n (IN)
                         net (fo=0)                   0.000     0.000    rst_n
    M20                  IBUF (Prop_ibuf_I_O)         0.255     0.255 r  rst_n_IBUF_inst/O
                         net (fo=1, routed)           0.969     1.225    rst_n_IBUF
    SLICE_X112Y91        FDRE                                         r  rst_n_d1_reg/D
  -------------------------------------------------------------------    -------------------

                         (clock clk rise edge)        0.000     0.000 r  
    K17                                               0.000     0.000 r  clk (IN)
                         net (fo=0)                   0.000     0.000    clk
    K17                  IBUF (Prop_ibuf_I_O)         0.378     0.378 r  clk_IBUF_inst/O
                         net (fo=1, routed)           0.907     1.285    clk_IBUF
    BUFGCTRL_X0Y16       BUFG (Prop_bufg_I_O)         0.029     1.314 r  clk_IBUF_BUFG_inst/O
                         net (fo=28, routed)          0.907     2.221    clk_IBUF_BUFG
    SLICE_X112Y91        FDRE                                         r  rst_n_d1_reg/C





